part_id,machine_id,temperature_c,pressure_bar,cycle_time_s,shift,material_batch,operator_experience_years,vibration_mm_s,humidity_percent,scrap
P000001,M4,192.9,5.63,46.8,early,B1,0.6,1.91,48.9,0
P000002,M2,192.3,6.38,48.0,late,B4,1.6,2.56,41.3,0
P000003,M4,189.1,6.27,43.4,night,B2,2.0,1.86,39.7,0
P000004,M3,181.8,5.89,47.0,early,B4,2.6,2.9,39.4,0
P000005,M1,190.0,5.64,46.6,early,B3,2.5,2.34,43.7,0
P000006,M4,179.1,5.88,48.6,late,B2,4.0,2.17,41.1,0
P000007,M4,189.3,5.71,48.0,night,B3,4.1,2.25,57.8,0
P000008,M4,182.4,5.52,48.3,late,B1,3.4,1.97,28.4,0
P000009,M1,176.0,5.99,51.0,late,B4,3.4,2.76,48.9,0
P000010,M2,190.3,5.44,50.4,late,B2,1.7,3.58,52.2,0
P000011,M2,194.7,5.68,50.0,early,B2,2.7,2.08,40.3,0
P000012,M4,181.8,5.69,40.2,late,B1,7.6,2.97,46.1,0
P000013,M3,191.6,5.32,50.0,early,B2,2.5,2.19,45.3,0
P000014,M4,174.9,6.03,45.7,late,B2,6.4,3.07,47.4,0
P000015,M2,180.4,5.72,48.5,early,B2,4.0,1.92,53.3,0
P000016,M1,183.2,6.25,41.2,early,B5,2.3,2.4,52.6,0
P000017,M3,181.0,5.71,53.9,late,B2,3.7,2.12,43.2,0
P000018,M1,180.3,5.66,36.6,late,B1,3.1,2.6,36.0,0
P000019,M4,184.7,5.48,52.5,late,B3,2.7,2.53,49.3,0
P000020,M3,180.1,5.81,47.6,late,B2,2.3,2.31,42.7,0
P000021,M4,182.0,5.82,39.6,night,B3,5.8,2.45,43.8,0
P000022,M2,188.5,6.06,55.9,night,B4,6.5,3.45,49.8,0
P000023,M4,180.3,5.82,48.8,night,B1,1.8,2.42,44.5,0
P000024,M4,183.4,6.53,37.8,late,B3,2.4,2.89,50.5,0
P000025,M4,180.4,5.96,45.2,late,B1,11.6,2.78,68.1,0
P000026,M1,177.4,5.45,48.0,late,B1,5.4,2.7,53.5,0
P000027,M2,191.2,5.42,54.7,late,B1,3.8,2.29,58.8,0
P000028,M1,193.4,5.99,44.4,early,B1,1.8,2.62,52.1,0
P000029,M1,189.9,5.44,35.9,late,B2,3.0,2.45,48.6,0
P000030,M3,184.8,6.01,51.5,early,B5,7.2,1.76,52.2,0
P000031,M3,179.5,6.11,47.9,early,B5,3.1,2.2,51.8,0
P000032,M4,182.4,6.12,38.3,night,B1,1.8,3.53,54.9,0
P000033,M2,192.8,5.5,49.5,early,B5,2.3,2.57,48.5,0
P000034,M2,174.5,6.12,49.9,late,B4,8.6,2.58,37.5,1
P000035,M2,185.0,5.91,47.0,late,B3,3.2,2.95,36.3,0
P000036,M1,188.0,5.59,42.9,early,B4,3.9,2.06,51.7,1
P000037,M1,177.7,5.74,43.7,night,B3,0.4,2.36,39.0,0
P000038,M2,189.3,5.96,47.0,early,B2,2.1,2.55,53.5,0
P000039,M1,186.1,5.56,47.3,night,B3,2.8,2.48,58.7,0
P000040,M3,175.0,5.91,49.0,night,B4,2.2,2.27,46.2,0
P000041,M2,187.5,6.31,40.0,early,B4,8.1,3.63,57.7,0
P000042,M4,180.6,6.14,47.8,early,B1,4.1,2.52,50.1,0
P000043,M3,185.3,5.83,47.9,early,B5,2.1,2.2,48.2,0
P000044,M2,190.7,5.88,48.8,early,B2,3.9,3.21,48.6,0
P000045,M4,186.2,5.61,45.3,early,B5,4.1,1.87,41.4,0
P000046,M4,184.4,5.62,52.2,night,B2,2.7,3.26,40.3,0
P000047,M2,188.6,5.26,53.3,early,B1,4.1,2.31,34.8,0
P000048,M2,180.5,5.89,46.8,night,B5,1.3,3.29,42.1,1
P000049,M3,182.8,6.04,45.7,early,B3,2.8,2.96,65.1,0
P000050,M1,179.6,5.78,48.9,night,B2,8.2,2.06,36.1,0
P000051,M1,189.7,5.49,50.9,early,B1,8.2,2.11,38.6,0
P000052,M1,187.8,5.82,42.9,late,B1,1.9,2.25,41.6,0
P000053,M4,187.7,6.27,42.8,late,B1,3.6,2.78,41.9,0
P000054,M3,192.4,6.11,47.0,early,B5,1.7,1.85,50.2,0
P000055,M3,181.2,5.79,41.7,night,B1,2.8,2.25,43.1,0
P000056,M4,181.0,6.52,39.4,early,B1,3.8,2.36,46.4,0
P000057,M2,185.1,6.74,45.1,late,B5,5.5,2.23,41.2,0
P000058,M3,174.2,5.63,47.6,late,B5,4.8,1.83,44.2,0
P000059,M1,175.6,5.71,51.9,late,B2,4.5,2.36,47.5,0
P000060,M1,187.4,6.04,43.3,early,B4,6.0,2.35,46.9,0
P000061,M3,175.3,5.48,45.5,early,B3,4.3,1.96,63.8,0
P000062,M2,181.1,6.1,48.8,early,B3,6.2,2.79,47.8,0
P000063,M3,182.4,5.84,43.5,early,B2,4.5,2.01,46.3,0
P000064,M4,181.7,5.93,44.0,early,B4,2.8,3.09,28.0,0
P000065,M3,187.9,5.6,47.3,night,B5,2.1,2.25,49.9,0
P000066,M3,183.3,5.52,41.4,late,B4,6.4,2.79,32.2,0
P000067,M3,178.6,5.11,43.1,late,B5,0.6,1.54,52.4,0
P000068,M2,192.3,6.32,47.4,early,B1,4.2,2.9,49.1,0
P000069,M1,188.0,6.13,47.2,early,B4,2.7,2.57,54.4,1
P000070,M2,179.2,6.04,42.4,late,B5,1.3,2.69,42.9,0
P000071,M1,185.4,5.92,45.5,early,B3,1.2,2.06,48.2,0
P000072,M2,183.1,4.99,43.3,early,B5,2.6,2.68,53.4,0
P000073,M4,179.9,5.54,44.2,late,B2,4.2,2.83,40.6,0
P000074,M1,194.3,5.71,49.0,late,B5,5.3,1.76,52.9,0
P000075,M1,184.7,5.42,45.7,night,B5,4.3,2.62,52.5,1
P000076,M2,185.8,5.21,54.5,early,B4,0.3,2.89,46.9,0
P000077,M2,187.5,5.46,47.9,late,B4,4.2,2.63,60.6,0
P000078,M3,187.8,5.82,49.7,early,B3,1.2,2.2,52.1,0
P000079,M3,179.1,5.82,49.0,early,B2,1.5,2.33,34.6,0
P000080,M4,181.1,6.12,46.7,late,B3,1.1,3.25,55.9,1
P000081,M3,186.6,6.52,41.0,early,B5,5.4,2.46,42.7,0
P000082,M2,178.7,6.04,47.8,late,B1,1.7,2.33,54.4,0
P000083,M4,189.4,5.74,44.8,late,B2,7.0,2.3,50.4,0
P000084,M1,175.2,6.43,43.8,early,B3,6.6,1.78,26.9,0
P000085,M1,182.6,5.25,46.6,night,B2,3.2,1.45,52.8,0
P000086,M1,175.2,5.07,40.5,late,B4,4.2,1.78,46.2,0
P000087,M3,177.2,5.49,42.7,night,B2,2.7,2.35,44.3,0
P000088,M2,194.1,6.08,44.4,late,B4,8.0,3.32,44.6,0
P000089,M1,189.7,5.86,45.0,night,B1,11.1,2.75,54.3,0
P000090,M3,189.3,5.41,43.1,early,B2,0.6,1.78,40.6,0
P000091,M1,176.0,5.55,43.3,late,B4,2.0,1.94,56.9,1
P000092,M3,177.2,5.37,46.5,night,B3,0.7,1.88,35.8,0
P000093,M2,188.9,5.37,46.5,early,B4,0.9,1.59,50.4,0
P000094,M2,190.9,6.34,48.2,early,B4,2.8,2.67,54.2,0
P000095,M2,182.6,5.75,44.0,night,B2,8.2,3.11,54.0,0
P000096,M3,179.8,6.42,42.9,late,B3,0.8,2.19,49.5,1
P000097,M2,180.8,5.49,56.0,late,B5,4.0,2.18,46.3,0
P000098,M1,193.1,5.97,43.3,late,B5,6.4,1.92,43.6,0
P000099,M1,181.4,5.88,38.0,night,B1,4.3,2.15,38.2,0
P000100,M4,184.2,6.11,48.1,night,B4,3.3,2.85,42.5,0
P000101,M4,184.5,5.89,44.1,late,B3,2.1,2.42,40.3,0
P000102,M3,189.1,6.14,46.9,early,B1,3.6,2.59,39.0,0
P000103,M2,181.8,5.99,47.9,early,B4,0.7,2.71,62.4,0
P000104,M4,190.4,5.42,48.9,late,B1,9.3,2.61,34.2,0
P000105,M4,177.0,6.06,46.4,night,B2,4.2,2.08,57.0,1
P000106,M3,189.4,5.76,45.1,late,B4,5.1,1.99,38.1,0
P000107,M2,177.6,5.53,52.6,early,B5,2.2,2.18,39.8,0
P000108,M2,186.4,6.04,39.8,early,B3,4.2,3.02,39.7,0
P000109,M1,192.9,6.12,41.0,late,B5,4.7,2.17,39.1,0
P000110,M4,187.8,5.63,43.7,night,B5,3.1,0.88,55.4,0
P000111,M2,189.3,5.68,41.8,early,B3,3.3,2.97,52.7,0
P000112,M1,178.2,5.31,44.2,late,B1,1.3,2.74,46.1,0
P000113,M2,183.0,5.17,46.0,night,B4,11.2,2.38,69.7,0
P000114,M3,190.4,5.72,49.7,night,B1,2.2,2.52,47.9,0
P000115,M1,186.6,6.08,45.7,early,B5,2.4,2.21,48.5,0
P000116,M4,188.9,5.6,46.0,night,B2,9.6,1.55,42.5,0
P000117,M4,184.4,6.3,45.4,late,B4,5.2,3.38,41.6,0
P000118,M3,181.5,5.73,42.0,night,B4,5.9,2.21,43.7,0
P000119,M2,191.2,5.73,51.6,early,B3,1.2,2.84,54.8,0
P000120,M3,184.4,5.7,50.6,late,B5,4.2,2.02,52.6,0
P000121,M3,182.1,6.14,41.4,late,B4,1.2,2.17,58.3,0
P000122,M3,175.2,5.46,52.2,early,B5,1.9,2.37,42.3,0
P000123,M1,189.2,5.75,43.5,late,B1,12.0,1.83,52.7,0
P000124,M2,189.4,5.61,45.3,late,B3,1.6,3.51,50.4,0
P000125,M1,180.7,5.6,47.8,late,B5,5.8,2.68,51.5,0
P000126,M2,193.5,5.81,50.3,early,B5,1.8,2.98,41.1,0
P000127,M2,188.3,5.76,47.9,late,B3,2.0,2.69,39.7,0
P000128,M1,185.4,6.17,44.7,early,B1,12.0,1.96,52.3,1
P000129,M1,188.9,5.8,50.5,night,B2,3.5,2.76,55.0,0
P000130,M3,186.7,5.99,43.6,night,B3,1.1,2.57,43.1,1
P000131,M1,185.6,5.86,45.7,early,B4,5.9,2.12,52.9,0
P000132,M4,183.0,6.29,53.2,early,B5,8.1,2.01,57.6,0
P000133,M3,193.9,5.69,40.9,early,B1,6.3,1.59,45.1,0
P000134,M2,183.0,5.7,46.5,late,B2,3.3,2.76,36.5,0
P000135,M3,187.1,6.06,49.9,night,B2,3.3,2.19,37.5,0
P000136,M1,183.5,5.69,48.0,late,B5,2.5,2.83,42.6,0
P000137,M4,186.5,5.97,50.2,early,B1,1.5,2.95,44.4,0
P000138,M2,193.8,6.62,43.2,early,B2,4.7,2.77,47.7,0
P000139,M4,182.3,5.46,48.0,early,B2,3.2,2.46,47.9,0
P000140,M1,187.3,6.34,44.9,night,B1,1.2,1.78,45.8,1
P000141,M2,188.5,5.63,56.8,late,B4,3.5,3.23,53.4,1
P000142,M2,183.5,6.27,51.3,late,B3,2.2,2.72,41.9,0
P000143,M4,190.9,6.04,46.7,early,B3,4.5,2.77,58.1,0
P000144,M3,186.9,6.01,47.1,night,B5,4.2,2.83,55.5,0
P000145,M2,184.6,5.75,48.4,early,B3,2.8,2.5,54.9,0
P000146,M2,193.1,5.71,50.9,night,B2,3.7,2.38,42.7,0
P000147,M2,182.4,5.55,44.9,night,B2,3.9,3.86,47.1,0
P000148,M3,182.8,5.8,51.2,late,B5,6.8,2.57,53.8,0
P000149,M2,184.6,5.74,43.2,night,B3,3.6,2.62,46.4,0
P000150,M1,188.1,5.87,46.8,early,B1,2.6,2.86,42.4,0
P000151,M4,181.4,5.31,43.7,late,B4,3.1,2.36,42.1,0
P000152,M4,188.2,5.81,47.0,early,B4,10.7,2.65,42.5,0
P000153,M1,187.3,6.24,49.8,late,B2,1.8,2.04,38.7,0
P000154,M3,180.9,6.13,39.5,early,B3,3.2,2.29,71.0,0
P000155,M1,194.1,5.81,45.4,early,B3,3.2,2.18,32.4,0
P000156,M3,178.9,6.7,40.5,early,B1,3.3,1.96,40.2,0
P000157,M2,179.3,5.6,47.1,early,B1,0.8,2.86,52.8,1
P000158,M3,187.7,5.77,40.5,late,B4,1.4,2.01,42.5,1
P000159,M3,171.2,5.29,46.6,late,B4,3.0,2.56,45.2,0
P000160,M4,192.2,5.66,45.2,early,B4,2.5,2.36,51.2,0
P000161,M1,184.6,6.43,48.8,night,B2,4.5,1.53,56.3,0
P000162,M4,176.2,5.67,51.5,night,B3,7.4,2.78,45.8,1
P000163,M1,178.8,5.27,46.0,early,B5,4.7,2.59,55.4,0
P000164,M1,175.0,6.11,49.4,late,B2,4.0,3.31,34.4,0
P000165,M3,185.1,5.94,51.3,late,B4,5.0,2.31,43.2,0
P000166,M2,179.7,6.09,44.7,late,B1,4.3,2.83,52.0,0
P000167,M4,186.8,5.7,52.3,early,B1,3.6,2.72,63.8,0
P000168,M4,182.3,5.45,46.7,late,B5,6.6,2.96,40.3,0
P000169,M2,184.4,5.74,44.5,early,B1,3.0,3.18,38.9,0
P000170,M4,186.8,5.99,47.9,early,B4,1.4,2.64,50.7,0
P000171,M2,190.4,5.77,47.9,late,B3,2.4,2.74,48.4,0
P000172,M3,189.3,5.94,40.7,late,B5,2.2,2.68,42.3,0
P000173,M2,183.5,5.61,44.0,night,B3,12.0,2.72,38.3,0
P000174,M4,183.8,5.95,53.0,early,B4,7.7,1.92,43.9,0
P000175,M1,180.5,5.8,47.1,early,B5,4.0,1.62,52.2,0
P000176,M1,184.9,5.55,51.6,early,B5,2.2,2.17,45.3,0
P000177,M2,182.7,5.85,46.6,early,B4,6.6,2.8,57.4,0
P000178,M4,181.7,5.66,43.8,early,B1,3.9,3.61,46.9,0
P000179,M4,181.7,6.02,40.4,late,B1,3.0,2.45,52.8,0
P000180,M3,184.6,6.11,49.7,late,B3,3.9,2.32,50.2,0
P000181,M4,184.0,5.98,48.4,late,B4,3.0,2.32,44.8,0
P000182,M4,186.8,5.23,45.3,early,B4,5.0,2.78,54.7,0
P000183,M3,182.4,5.46,43.0,early,B4,1.3,2.43,38.3,0
P000184,M2,183.8,5.58,52.5,late,B1,5.0,2.46,43.6,0
P000185,M4,185.1,5.52,46.1,early,B1,3.0,2.04,44.7,0
P000186,M3,178.0,5.61,45.4,night,B1,6.7,2.12,51.1,0
P000187,M2,190.1,6.12,45.9,early,B3,7.8,2.37,53.0,0
P000188,M1,182.4,6.04,44.5,late,B4,8.9,2.2,41.5,0
P000189,M3,184.1,5.65,48.1,night,B1,12.0,2.36,40.4,0
P000190,M2,188.2,6.01,42.8,late,B5,8.7,2.52,48.6,0
P000191,M4,192.8,5.92,47.1,late,B2,6.5,3.15,35.7,0
P000192,M1,186.1,5.79,49.6,late,B4,1.5,2.82,56.1,0
P000193,M1,184.4,6.2,45.7,early,B4,0.4,2.2,46.2,0
P000194,M4,180.2,5.57,50.8,late,B1,7.1,2.07,38.6,0
P000195,M1,188.4,5.82,51.1,night,B5,1.9,2.29,38.5,1
P000196,M1,182.5,5.43,49.4,night,B5,12.0,2.24,50.5,0
P000197,M3,174.6,5.45,44.0,late,B5,1.0,2.27,50.3,0
P000198,M4,182.9,5.32,46.7,early,B1,6.4,2.32,41.9,0
P000199,M1,185.1,5.45,47.3,night,B2,4.2,1.83,47.1,0
P000200,M2,182.5,5.83,46.4,late,B2,1.1,2.77,39.0,0
P000201,M4,183.4,5.69,44.9,early,B3,4.2,2.34,45.9,0
P000202,M4,183.6,5.71,44.7,early,B5,2.1,2.38,59.8,0
P000203,M3,182.7,5.7,55.7,early,B4,3.5,2.34,65.0,0
P000204,M1,190.8,6.42,45.0,late,B4,3.5,2.27,46.3,0
P000205,M1,176.8,5.4,50.1,early,B3,2.1,2.33,51.5,0
P000206,M1,195.2,5.36,42.7,early,B5,2.8,2.12,51.1,0
P000207,M1,183.8,5.5,52.5,early,B5,2.0,2.46,34.2,0
P000208,M3,186.2,5.77,44.6,night,B5,0.8,1.98,38.8,0
P000209,M1,184.7,5.98,46.2,early,B5,4.0,1.81,29.5,0
P000210,M3,173.5,6.02,39.0,early,B4,8.7,1.9,51.6,0
P000211,M3,177.2,6.13,50.2,late,B1,2.1,2.0,63.6,0
P000212,M3,180.1,5.76,51.1,early,B2,11.5,1.72,56.5,0
P000213,M1,189.5,5.66,41.5,night,B4,12.0,1.54,48.4,0
P000214,M4,176.4,6.37,51.3,night,B2,2.7,2.73,47.2,0
P000215,M3,178.3,4.83,40.9,late,B1,3.2,2.87,45.2,0
P000216,M3,183.9,5.82,48.4,late,B5,2.7,2.55,56.5,0
P000217,M1,186.6,5.95,44.9,early,B3,1.5,2.08,49.7,0
P000218,M1,186.4,6.46,51.1,early,B5,3.2,1.53,48.5,0
P000219,M4,178.6,5.22,47.7,early,B2,2.9,2.59,39.2,0
P000220,M2,178.2,5.65,51.7,early,B2,3.9,2.03,52.8,0
P000221,M2,190.0,5.32,52.9,early,B2,4.1,2.71,46.8,0
P000222,M2,194.9,5.17,47.1,late,B2,1.4,2.39,51.2,0
P000223,M3,181.1,5.73,45.9,early,B3,5.6,1.27,56.0,0
P000224,M4,177.7,6.09,42.6,early,B2,3.1,3.17,34.9,0
P000225,M2,184.6,6.22,47.1,late,B5,1.6,2.18,45.6,0
P000226,M4,186.2,5.61,54.1,late,B2,3.1,2.34,44.5,0
P000227,M1,182.7,6.03,48.9,early,B3,4.2,2.24,43.8,0
P000228,M3,190.7,5.73,42.0,early,B5,9.7,2.09,39.1,0
P000229,M3,188.1,5.99,52.2,early,B3,8.8,2.51,42.2,0
P000230,M1,185.0,6.2,47.5,early,B1,2.5,1.97,39.2,0
P000231,M1,173.3,5.73,49.2,night,B1,3.3,2.47,54.6,0
P000232,M2,183.2,6.18,50.1,night,B3,1.9,2.89,51.0,1
P000233,M4,181.0,5.38,48.4,late,B4,4.7,1.88,50.5,0
P000234,M3,178.9,6.03,38.4,late,B5,2.6,2.41,32.6,0
P000235,M4,185.0,6.16,51.0,late,B1,3.2,2.03,63.6,0
P000236,M4,185.2,6.13,38.2,late,B3,7.3,1.98,44.7,0
P000237,M2,177.8,5.39,52.1,early,B2,1.4,2.88,62.0,0
P000238,M4,188.4,5.73,47.2,early,B3,8.8,2.32,54.0,0
P000239,M1,184.1,5.91,49.2,late,B3,5.0,2.47,46.1,0
P000240,M1,186.0,5.96,46.6,late,B2,8.5,2.47,64.3,0
P000241,M4,188.1,5.84,50.8,early,B1,6.1,1.86,52.5,0
P000242,M4,179.8,6.3,46.9,early,B1,6.9,2.83,46.2,0
P000243,M1,190.9,5.35,47.1,early,B3,3.8,2.43,44.9,0
P000244,M3,182.2,5.72,47.5,early,B2,1.6,2.04,56.3,0
P000245,M3,191.3,5.21,53.1,late,B2,2.4,2.24,43.7,0
P000246,M4,179.1,6.02,49.1,late,B1,2.0,2.85,45.0,0
P000247,M3,190.9,5.99,41.0,late,B1,0.6,2.16,43.2,0
P000248,M2,182.0,6.97,46.1,early,B1,7.3,3.7,42.0,1
P000249,M2,201.0,6.16,50.5,early,B2,3.5,3.42,42.4,1
P000250,M2,181.8,5.92,53.0,night,B1,1.9,2.8,62.2,1
P000251,M3,188.8,5.89,43.3,late,B2,12.0,2.2,56.1,0
P000252,M4,182.0,5.69,55.3,early,B2,12.0,2.42,49.9,0
P000253,M2,190.9,5.85,48.9,early,B2,1.3,2.48,43.6,0
P000254,M1,183.8,5.9,47.6,night,B1,3.2,2.36,43.6,0
P000255,M1,178.0,5.11,41.2,night,B1,3.0,2.61,45.1,0
P000256,M3,167.6,5.87,50.2,night,B5,1.8,1.69,62.3,0
P000257,M4,197.8,5.84,45.1,late,B4,7.2,2.79,50.3,0
P000258,M1,184.4,6.41,43.2,late,B1,0.6,2.72,54.0,0
P000259,M1,167.8,5.75,44.8,late,B2,10.7,2.56,49.6,0
P000260,M3,184.7,5.53,51.3,early,B2,3.9,2.24,40.9,0
P000261,M1,187.8,5.89,47.8,late,B5,12.0,2.54,48.8,0
P000262,M4,180.1,5.83,43.4,late,B5,3.7,3.08,39.4,0
P000263,M2,183.1,5.75,46.2,early,B4,3.0,2.72,57.6,0
P000264,M1,183.9,5.35,51.4,night,B1,7.5,2.31,42.0,1
P000265,M4,190.6,5.75,45.9,early,B3,12.0,3.46,43.4,0
P000266,M1,184.5,5.6,48.1,early,B3,10.8,2.44,54.5,0
P000267,M2,195.0,5.72,51.3,early,B4,0.9,2.3,42.4,0
P000268,M1,190.2,6.06,33.0,night,B5,9.0,2.69,46.2,0
P000269,M1,182.7,5.56,50.8,night,B2,2.9,2.48,26.9,0
P000270,M1,175.4,5.72,42.8,late,B3,3.4,2.01,45.4,0
P000271,M1,182.8,5.99,44.6,night,B2,2.9,1.8,52.8,0
P000272,M1,186.9,5.71,51.8,night,B2,2.4,2.41,43.0,0
P000273,M1,184.3,6.71,51.5,night,B2,3.2,2.27,52.5,0
P000274,M3,186.5,5.89,47.9,night,B4,1.7,1.74,47.9,0
P000275,M3,187.7,5.37,48.8,early,B3,9.1,2.26,56.7,0
P000276,M2,189.9,5.51,51.9,night,B4,6.1,2.68,42.1,0
P000277,M2,185.5,5.47,53.6,late,B4,4.4,2.72,46.1,0
P000278,M3,185.9,5.51,51.9,late,B2,2.9,2.52,36.2,0
P000279,M4,196.3,5.99,47.2,early,B5,2.5,1.71,47.3,0
P000280,M4,175.8,5.41,44.0,late,B1,5.1,2.0,44.6,0
P000281,M1,186.7,5.68,45.0,night,B5,4.5,2.08,55.7,0
P000282,M1,194.1,6.2,46.5,early,B1,7.9,2.9,43.0,0
P000283,M1,177.5,5.62,45.8,night,B2,2.5,3.37,44.6,0
P000284,M1,189.5,6.04,42.2,early,B5,2.3,2.3,42.6,0
P000285,M3,189.2,5.21,47.7,early,B4,5.9,2.32,48.2,0
P000286,M2,178.9,5.67,42.2,early,B2,6.8,1.65,63.9,0
P000287,M1,187.9,5.49,46.3,night,B5,12.0,2.71,25.0,0
P000288,M2,185.5,5.9,48.8,late,B1,0.8,2.95,47.6,0
P000289,M3,182.7,5.44,46.4,early,B4,9.4,2.43,57.4,0
P000290,M1,182.2,6.52,49.2,late,B3,4.2,1.74,43.9,0
P000291,M4,191.2,5.23,49.5,early,B2,2.6,3.39,52.2,0
P000292,M1,183.4,6.2,54.4,late,B5,5.2,2.98,57.4,0
P000293,M4,181.5,6.11,44.8,night,B4,5.1,2.63,45.8,0
P000294,M1,181.5,5.91,47.1,late,B1,2.7,2.75,42.8,1
P000295,M4,182.1,5.82,47.6,night,B1,0.9,2.52,55.5,0
P000296,M4,178.1,6.45,47.4,late,B1,9.4,2.87,52.0,0
P000297,M4,181.4,6.66,42.0,night,B3,2.2,1.91,47.5,0
P000298,M4,184.6,5.73,42.3,early,B3,1.9,1.48,52.9,0
P000299,M4,186.2,5.86,46.8,early,B4,2.3,1.93,55.7,0
P000300,M3,189.6,5.61,40.0,early,B4,6.5,1.94,47.6,0
P000301,M4,185.3,5.39,45.5,late,B1,2.9,2.21,50.4,0
P000302,M1,181.4,5.96,43.5,late,B3,2.4,2.5,52.2,0
P000303,M3,177.4,5.89,44.9,late,B4,4.9,2.18,44.3,0
P000304,M3,184.6,5.24,50.3,early,B5,4.5,2.29,57.5,0
P000305,M4,183.4,5.96,42.7,early,B2,2.4,1.97,39.8,0
P000306,M2,186.5,5.9,51.5,late,B1,0.9,2.18,46.9,0
P000307,M2,188.4,5.59,46.0,night,B1,6.4,2.77,54.1,0
P000308,M3,185.9,5.57,44.3,early,B2,4.5,2.06,39.5,0
P000309,M2,188.5,5.95,50.0,early,B3,0.6,2.75,55.0,0
P000310,M1,183.1,6.36,45.0,early,B2,10.3,2.54,49.5,0
P000311,M2,182.6,5.94,44.8,late,B1,0.6,3.49,58.6,0
P000312,M2,183.6,6.07,46.8,early,B2,2.0,2.74,52.9,0
P000313,M1,188.7,5.51,39.2,early,B2,2.1,3.12,46.7,0
P000314,M2,184.7,5.66,49.6,late,B3,2.4,2.93,49.9,0
P000315,M2,179.6,6.01,36.4,early,B1,2.4,3.06,50.1,0
P000316,M2,193.4,5.32,51.6,early,B4,1.4,3.22,64.2,0
P000317,M2,181.8,5.87,50.5,early,B3,4.2,3.07,48.7,0
P000318,M3,183.2,5.97,52.1,night,B2,7.2,1.94,46.9,0
P000319,M2,189.7,5.79,56.5,late,B5,4.2,3.24,46.4,0
P000320,M4,184.0,5.91,50.4,early,B4,4.7,2.33,49.5,0
P000321,M4,170.4,5.82,44.4,early,B1,3.0,2.64,38.9,0
P000322,M2,189.1,5.58,56.5,late,B1,4.1,2.81,44.9,0
P000323,M2,194.3,5.39,43.7,night,B1,4.9,3.26,39.9,0
P000324,M3,187.3,5.77,38.8,early,B3,6.1,2.48,40.9,0
P000325,M4,172.3,6.26,53.8,early,B2,2.2,1.88,54.4,0
P000326,M3,194.7,6.16,48.3,early,B2,2.0,3.24,48.2,0
P000327,M4,176.7,5.68,39.7,late,B3,0.4,2.88,42.1,0
P000328,M3,177.1,5.67,40.8,night,B3,12.0,2.05,46.8,0
P000329,M3,187.3,5.65,48.1,late,B1,11.7,1.79,46.0,0
P000330,M2,189.5,5.65,44.9,early,B1,3.6,3.18,48.4,1
P000331,M3,183.4,5.9,43.2,night,B4,3.7,1.84,35.9,0
P000332,M1,180.9,6.17,53.5,late,B5,9.8,2.66,39.3,0
P000333,M3,190.3,6.59,54.2,early,B5,1.4,2.78,36.5,0
P000334,M4,183.8,5.51,47.4,early,B5,1.9,2.21,40.8,0
P000335,M1,175.4,6.03,45.4,early,B3,10.2,1.97,42.2,0
P000336,M3,189.8,5.99,49.4,night,B5,3.0,2.09,39.7,0
P000337,M1,185.2,5.68,43.9,late,B5,1.6,1.86,54.1,0
P000338,M3,189.1,5.44,37.5,late,B5,5.1,2.4,62.7,0
P000339,M1,187.1,5.9,35.5,night,B1,2.3,2.47,54.6,0
P000340,M4,197.2,6.54,46.5,early,B1,9.1,2.83,43.5,0
P000341,M1,182.3,5.89,49.4,early,B3,4.1,1.93,49.7,0
P000342,M4,184.1,5.52,46.9,early,B3,2.3,2.88,47.5,0
P000343,M4,188.0,5.74,49.9,night,B5,2.4,2.06,43.1,1
P000344,M3,181.3,5.4,49.5,late,B2,5.0,2.68,58.6,0
P000345,M4,188.4,5.81,52.1,early,B5,3.2,1.83,64.1,0
P000346,M4,167.8,6.04,47.5,early,B5,2.9,3.21,36.2,0
P000347,M4,183.6,5.56,47.8,late,B5,6.2,2.27,59.5,0
P000348,M2,186.4,4.66,48.1,late,B1,9.9,3.02,43.3,0
P000349,M3,182.2,5.9,45.0,late,B2,5.7,2.61,45.9,0
P000350,M1,179.2,5.62,40.0,early,B2,2.1,1.73,50.3,1
P000351,M3,188.0,5.54,50.5,night,B4,1.6,2.68,60.4,0
P000352,M1,181.2,5.53,44.5,night,B4,6.0,2.05,50.2,0
P000353,M3,184.1,5.94,44.3,late,B3,5.7,2.16,51.3,0
P000354,M3,182.8,5.66,43.9,late,B1,2.8,2.0,54.8,0
P000355,M2,189.8,6.13,43.1,night,B3,3.3,3.48,56.1,0
P000356,M3,190.9,6.13,45.7,night,B4,2.2,1.77,52.1,0
P000357,M4,185.1,5.71,48.8,late,B3,1.6,2.69,56.1,0
P000358,M4,188.6,5.62,44.1,late,B2,2.4,2.22,43.2,0
P000359,M2,187.8,5.84,52.1,early,B3,0.3,3.24,34.1,0
P000360,M3,180.2,5.75,44.6,night,B4,8.0,3.34,62.6,1
P000361,M4,183.2,5.19,41.0,late,B3,1.2,2.22,39.7,0
P000362,M1,182.4,6.47,51.2,early,B5,3.7,2.36,43.7,0
P000363,M1,187.1,6.05,46.8,early,B2,0.5,2.13,45.3,0
P000364,M1,184.6,5.64,49.3,night,B4,5.5,2.77,44.0,0
P000365,M3,178.6,5.13,49.4,night,B5,6.7,2.19,42.2,0
P000366,M2,185.8,5.74,44.6,night,B2,3.9,3.16,51.7,1
P000367,M4,175.6,5.59,44.8,late,B2,3.5,2.32,51.8,0
P000368,M3,182.0,5.78,49.9,night,B1,2.2,3.31,53.0,0
P000369,M2,187.0,5.04,55.2,night,B2,7.9,1.76,52.5,1
P000370,M4,193.9,5.63,47.0,early,B1,1.0,2.67,44.7,0
P000371,M4,191.4,5.66,44.4,early,B4,2.6,2.5,44.7,0
P000372,M2,181.3,5.73,54.6,night,B1,2.0,2.73,57.0,0
P000373,M2,188.1,5.72,45.8,early,B4,1.9,2.88,43.8,0
P000374,M2,188.2,5.82,49.5,late,B3,7.8,2.78,43.7,0
P000375,M1,182.7,6.33,44.4,late,B5,3.3,2.4,55.4,0
P000376,M1,183.1,5.62,47.0,late,B2,2.2,2.48,47.9,0
P000377,M4,182.1,5.48,43.2,early,B2,4.6,3.29,44.0,0
P000378,M2,197.3,5.2,46.8,late,B2,4.4,1.51,44.0,0
P000379,M2,184.7,5.62,45.8,early,B3,6.6,3.58,57.0,0
P000380,M3,184.9,5.31,48.5,night,B2,5.0,3.45,52.7,0
P000381,M3,169.1,6.14,46.6,early,B1,3.5,1.51,49.9,0
P000382,M4,188.5,5.77,50.1,late,B5,3.6,2.52,38.7,0
P000383,M4,190.5,6.13,43.7,night,B4,4.8,3.12,49.9,0
P000384,M2,181.2,6.31,47.4,early,B1,1.8,3.16,46.3,0
P000385,M2,184.2,5.5,50.6,early,B4,4.3,3.5,40.7,0
P000386,M4,186.5,5.68,50.1,night,B2,9.8,2.67,43.2,0
P000387,M3,183.1,6.27,40.5,early,B1,3.9,1.39,53.6,0
P000388,M4,186.6,5.87,48.0,early,B3,2.8,3.09,57.9,0
P000389,M1,182.4,5.98,42.9,late,B4,2.8,2.59,39.5,0
P000390,M4,194.2,6.16,50.3,night,B1,4.7,3.16,40.5,1
P000391,M3,179.3,6.11,53.1,late,B2,4.1,1.61,53.6,0
P000392,M1,198.8,5.94,36.1,early,B5,5.7,1.75,44.7,0
P000393,M3,189.8,6.29,43.5,night,B2,2.3,2.31,52.4,0
P000394,M3,187.6,5.78,47.0,late,B1,3.2,2.9,44.6,0
P000395,M1,178.3,5.98,46.0,late,B3,6.3,3.03,52.6,0
P000396,M2,192.0,5.74,51.8,late,B4,6.7,2.42,37.0,0
P000397,M4,187.3,6.16,47.1,early,B5,6.7,2.32,52.4,0
P000398,M2,175.3,5.55,46.2,early,B4,5.9,4.04,31.2,0
P000399,M2,179.3,5.21,44.3,late,B1,6.0,2.5,55.4,0
P000400,M2,189.0,6.03,43.7,early,B5,4.3,3.05,47.7,0
P000401,M2,186.3,5.44,45.4,late,B4,1.2,2.55,51.5,1
P000402,M4,181.2,5.41,44.7,early,B4,1.3,2.71,49.9,0
P000403,M4,189.9,6.24,48.3,early,B5,3.8,2.11,34.4,1
P000404,M1,179.1,6.14,45.4,early,B4,4.0,1.92,58.9,0
P000405,M4,181.5,5.68,44.3,late,B2,1.9,2.33,50.7,0
P000406,M4,180.4,4.73,43.0,late,B3,2.0,2.25,54.1,0
P000407,M2,189.8,5.99,45.5,early,B3,3.4,2.61,41.6,0
P000408,M4,174.5,6.03,44.7,early,B3,12.0,2.74,49.9,0
P000409,M1,181.3,5.98,43.2,early,B4,1.6,3.15,37.5,0
P000410,M4,174.5,5.96,49.4,night,B4,2.7,2.23,49.2,0
P000411,M3,181.3,5.74,51.2,early,B1,6.6,1.86,40.5,0
P000412,M3,187.0,5.66,41.5,night,B3,5.8,2.3,75.0,0
P000413,M1,188.1,5.41,50.3,early,B1,4.5,1.92,52.8,0
P000414,M4,180.0,5.56,49.4,early,B3,0.7,1.76,58.6,0
P000415,M1,186.9,5.91,46.7,late,B3,3.1,2.78,46.0,0
P000416,M1,183.0,5.92,51.8,late,B2,11.1,2.34,51.2,0
P000417,M1,191.5,6.08,45.4,early,B5,2.0,2.38,55.2,0
P000418,M4,183.3,5.31,48.3,night,B2,1.9,1.63,39.4,0
P000419,M1,167.6,5.22,46.5,early,B1,9.5,2.04,42.6,0
P000420,M4,188.9,5.67,47.0,early,B2,3.4,1.86,55.8,0
P000421,M3,180.5,5.44,47.7,early,B4,0.8,2.29,46.3,0
P000422,M1,182.5,5.87,46.2,late,B1,1.5,2.36,42.0,0
P000423,M1,185.8,5.34,47.8,night,B3,2.3,2.36,43.0,0
P000424,M1,176.2,6.21,43.5,early,B3,4.4,2.0,38.2,0
P000425,M3,183.4,5.51,43.6,night,B5,3.2,1.92,32.3,0
P000426,M4,186.9,6.36,44.2,late,B1,1.8,2.41,34.4,0
P000427,M1,186.0,5.98,44.6,night,B1,3.2,2.46,48.4,0
P000428,M4,180.7,5.43,50.7,night,B3,2.0,2.24,53.4,0
P000429,M1,189.5,6.53,44.2,night,B1,11.5,1.88,68.2,1
P000430,M4,178.5,5.89,49.3,late,B4,1.4,2.1,47.7,1
P000431,M4,180.6,5.86,47.8,early,B2,2.6,2.2,37.8,0
P000432,M4,183.3,5.78,45.1,late,B3,2.3,2.3,47.8,0
P000433,M3,184.6,5.96,51.0,late,B1,2.3,1.81,53.6,0
P000434,M4,182.2,5.98,49.6,late,B4,1.5,2.3,56.2,0
P000435,M1,190.8,5.5,46.0,late,B3,9.0,2.86,55.5,0
P000436,M1,185.6,5.73,45.7,early,B1,12.0,2.17,52.6,0
P000437,M1,184.4,5.84,46.4,night,B2,4.8,1.74,48.8,0
P000438,M3,184.4,6.0,40.2,early,B1,4.5,1.28,53.9,0
P000439,M3,187.0,6.01,42.9,night,B1,0.9,3.13,38.5,0
P000440,M3,184.3,5.86,47.8,early,B4,8.9,2.81,31.9,0
P000441,M4,174.0,5.61,40.8,early,B3,2.0,2.63,64.7,0
P000442,M1,190.0,5.59,43.2,night,B5,0.8,2.82,47.6,0
P000443,M3,183.7,5.38,44.5,night,B2,5.4,2.54,52.3,0
P000444,M1,187.8,6.01,57.0,late,B4,7.4,2.27,25.6,0
P000445,M2,184.8,5.58,50.8,night,B4,8.8,2.19,60.4,0
P000446,M3,173.0,5.73,50.2,early,B4,2.6,3.16,57.2,0
P000447,M4,171.5,5.88,43.7,night,B5,2.4,2.3,35.5,0
P000448,M3,177.8,5.8,47.4,early,B4,4.2,2.13,45.5,0
P000449,M1,186.8,5.8,39.3,late,B4,3.2,2.32,50.1,0
P000450,M3,190.1,5.48,44.7,late,B4,5.4,2.32,37.9,0
P000451,M1,185.7,5.89,47.9,early,B3,4.3,2.56,51.9,0
P000452,M4,178.2,5.69,41.4,late,B4,1.8,2.71,56.4,0
P000453,M3,178.7,5.77,47.5,late,B5,9.0,2.04,50.6,0
P000454,M1,191.5,6.21,47.8,early,B4,5.5,2.31,35.5,0
P000455,M1,176.8,5.98,43.7,night,B4,7.3,2.54,39.7,1
P000456,M1,195.6,5.6,42.8,late,B1,1.9,2.0,47.0,0
P000457,M4,194.3,5.75,44.1,early,B3,5.4,3.15,46.0,0
P000458,M2,198.7,6.36,46.9,late,B1,6.4,2.74,46.2,0
P000459,M4,186.1,5.69,45.6,early,B1,4.1,3.22,45.9,0
P000460,M3,181.1,5.81,47.9,early,B2,1.5,1.67,33.6,0
P000461,M3,185.0,6.03,44.0,late,B3,3.9,2.59,54.4,0
P000462,M1,189.0,5.88,52.1,early,B3,6.0,1.9,53.0,0
P000463,M4,180.4,5.67,52.9,early,B5,7.6,2.21,52.2,0
P000464,M2,180.9,5.54,49.1,late,B4,1.0,3.16,51.4,0
P000465,M3,181.4,5.8,44.7,early,B3,4.1,2.2,45.7,0
P000466,M3,178.8,6.03,44.0,night,B2,1.2,3.47,43.1,0
P000467,M3,189.8,6.26,47.2,night,B4,6.0,2.53,39.9,1
P000468,M4,180.6,5.29,48.7,early,B2,7.1,2.19,60.3,0
P000469,M1,184.5,6.42,45.2,late,B5,1.7,2.53,47.8,0
P000470,M3,188.4,5.7,44.5,early,B4,1.5,2.19,34.7,0
P000471,M2,194.0,6.12,49.5,late,B4,2.3,3.12,47.8,0
P000472,M2,188.1,5.54,48.5,early,B2,3.3,2.62,31.3,0
P000473,M1,186.1,5.24,43.8,night,B4,2.1,2.48,50.0,0
P000474,M1,178.4,5.34,46.4,early,B5,6.4,2.39,49.1,0
P000475,M2,192.6,5.68,45.9,late,B1,7.6,2.79,43.7,0
P000476,M2,193.9,5.98,45.3,early,B1,4.0,3.22,40.5,0
P000477,M2,176.7,5.81,48.2,early,B3,2.1,1.94,52.5,0
P000478,M3,192.7,5.71,43.8,late,B2,3.2,2.34,47.3,0
P000479,M3,179.1,6.19,43.2,late,B4,4.0,1.98,32.5,0
P000480,M2,190.3,5.8,52.2,night,B3,3.1,2.14,57.6,0
P000481,M2,187.4,5.9,46.7,early,B5,3.5,2.37,40.5,0
P000482,M1,183.7,6.89,53.0,early,B2,7.2,2.02,37.5,0
P000483,M3,181.9,5.8,48.4,early,B2,2.0,2.19,58.9,0
P000484,M2,181.5,5.56,45.1,early,B1,12.0,2.9,56.5,1
P000485,M1,186.9,5.97,50.4,night,B2,4.1,2.54,44.6,0
P000486,M2,185.4,6.06,45.5,night,B2,2.9,2.57,38.0,0
P000487,M2,179.8,5.91,55.7,night,B4,2.0,3.46,40.7,0
P000488,M1,178.3,5.85,46.9,early,B2,2.1,2.13,44.5,0
P000489,M3,175.9,6.32,48.1,late,B2,3.7,1.42,57.7,0
P000490,M3,180.1,6.28,46.1,late,B2,4.0,2.14,58.4,0
P000491,M3,185.7,5.76,47.0,early,B3,2.9,2.32,49.3,0
P000492,M3,179.1,5.57,45.1,late,B4,1.2,0.83,53.2,0
P000493,M3,188.4,5.95,42.5,early,B5,3.7,2.84,46.3,0
P000494,M2,186.3,5.57,49.5,early,B1,2.1,2.71,41.0,0
P000495,M4,182.4,6.11,50.7,night,B5,0.8,1.98,36.0,1
P000496,M3,183.1,5.95,41.5,early,B2,5.6,1.87,50.6,0
P000497,M2,194.7,6.73,54.1,night,B5,0.9,3.09,55.2,1
P000498,M3,175.5,6.32,48.3,early,B1,2.8,2.7,43.9,0
P000499,M2,196.1,5.42,46.5,early,B4,3.4,2.46,57.5,1
P000500,M3,188.3,5.62,44.3,early,B5,8.3,1.69,44.9,0
P000501,M3,182.9,5.13,53.1,early,B1,0.8,2.36,48.7,0
P000502,M4,190.5,5.05,50.4,late,B4,6.0,2.64,46.2,0
P000503,M4,182.2,5.84,51.1,early,B1,6.6,2.75,57.9,0
P000504,M3,184.6,5.38,45.0,late,B5,9.9,2.05,51.9,0
P000505,M3,180.0,6.37,48.1,night,B4,7.4,2.25,47.5,0
P000506,M4,189.3,6.21,48.1,early,B5,3.5,2.51,48.6,0
P000507,M2,183.1,5.7,47.5,early,B5,6.2,3.19,38.5,0
P000508,M4,183.7,5.69,47.2,late,B2,8.6,3.1,30.1,0
P000509,M2,190.7,6.32,52.4,night,B3,0.6,3.47,43.7,0
P000510,M1,189.8,6.4,52.1,late,B4,1.2,2.89,46.4,0
P000511,M1,179.5,5.47,45.0,early,B1,4.3,3.12,52.3,0
P000512,M4,188.1,5.43,41.8,late,B2,6.6,2.96,46.7,0
P000513,M1,178.6,5.69,52.2,late,B1,5.4,2.03,44.2,0
P000514,M2,175.2,5.95,54.5,early,B5,4.6,3.44,25.0,0
P000515,M2,182.9,5.62,49.7,early,B2,9.8,2.13,52.2,0
P000516,M1,188.6,5.96,52.8,night,B3,2.9,3.36,49.7,0
P000517,M2,186.9,6.48,49.4,early,B3,2.1,2.31,54.5,0
P000518,M3,180.1,5.31,42.5,early,B2,2.5,2.7,48.2,0
P000519,M1,184.3,5.64,41.0,early,B4,4.4,2.95,57.2,0
P000520,M4,184.1,5.31,41.8,late,B5,3.4,2.71,43.6,0
P000521,M4,187.4,5.51,46.8,late,B3,6.8,1.58,47.7,0
P000522,M2,178.1,5.7,46.4,early,B5,2.2,2.32,49.9,0
P000523,M1,183.4,5.55,43.8,late,B1,4.8,2.46,53.3,0
P000524,M3,183.7,5.98,45.6,late,B5,6.2,2.59,51.3,0
P000525,M1,176.5,5.85,49.3,early,B1,8.5,2.22,51.8,0
P000526,M2,179.4,5.9,46.1,night,B1,1.4,2.78,50.2,0
P000527,M4,182.0,5.69,44.1,early,B1,2.4,1.84,46.5,1
P000528,M4,184.0,5.72,45.0,early,B2,3.2,3.3,55.2,0
P000529,M4,184.1,5.68,50.3,night,B5,1.1,2.33,34.6,0
P000530,M2,183.9,5.71,47.9,night,B2,4.6,3.1,43.0,0
P000531,M3,179.7,5.95,47.1,early,B4,4.5,2.93,60.7,0
P000532,M3,180.8,5.13,51.9,night,B3,4.3,1.78,42.6,0
P000533,M2,188.6,5.9,59.0,late,B1,3.1,2.81,47.4,0
P000534,M3,189.8,5.5,48.4,early,B3,8.0,2.43,59.1,0
P000535,M1,171.8,5.68,48.1,night,B2,2.5,2.18,47.0,0
P000536,M1,187.4,5.25,41.5,night,B2,7.5,2.72,41.3,0
P000537,M3,182.4,5.67,47.4,early,B3,2.4,2.0,57.6,0
P000538,M1,186.9,5.9,46.2,late,B4,1.4,2.32,45.7,0
P000539,M1,190.5,5.96,49.4,early,B3,3.5,2.13,46.2,0
P000540,M4,179.8,5.38,45.3,early,B2,4.0,3.55,32.2,0
P000541,M4,189.2,5.94,47.6,night,B4,4.8,2.2,47.0,0
P000542,M3,176.1,6.2,48.3,late,B4,0.4,2.64,53.5,0
P000543,M4,184.7,5.63,54.0,late,B2,2.8,3.31,44.6,0
P000544,M4,182.7,5.8,52.7,late,B5,11.6,2.09,37.7,0
P000545,M1,184.3,5.08,50.8,late,B5,2.3,2.34,44.2,0
P000546,M2,181.6,5.49,51.0,early,B4,6.6,2.31,43.1,0
P000547,M2,189.4,5.89,46.6,night,B2,12.0,1.84,46.0,0
P000548,M1,192.7,6.13,48.8,late,B2,12.0,1.95,43.9,0
P000549,M4,178.7,5.59,43.9,late,B3,1.6,2.24,61.3,0
P000550,M2,188.0,6.73,47.4,late,B1,6.3,2.52,50.4,0
P000551,M2,191.7,5.91,55.0,early,B2,6.5,2.62,34.1,0
P000552,M1,182.4,5.35,48.0,early,B1,5.6,2.3,48.6,0
P000553,M1,191.5,6.25,46.9,early,B1,1.4,1.76,47.7,0
P000554,M4,181.6,5.36,48.2,early,B4,4.2,2.66,57.6,0
P000555,M1,183.4,5.91,45.6,late,B1,4.2,2.85,46.8,0
P000556,M1,178.5,5.47,37.8,night,B3,1.2,2.9,46.5,0
P000557,M2,187.7,5.32,43.4,early,B3,2.9,2.63,62.9,0
P000558,M2,187.0,6.14,50.5,early,B1,4.4,3.15,39.4,0
P000559,M3,186.5,5.71,42.5,late,B5,3.4,1.99,54.4,0
P000560,M2,183.5,6.4,47.8,early,B5,5.9,2.6,48.5,0
P000561,M1,180.2,5.44,41.3,night,B4,2.9,2.48,44.0,0
P000562,M1,186.5,5.25,43.3,early,B4,3.9,2.15,42.8,0
P000563,M4,191.7,5.63,46.8,early,B2,6.9,1.93,58.9,0
P000564,M3,186.5,6.81,49.5,early,B5,10.7,2.67,51.7,0
P000565,M3,193.2,6.09,50.3,night,B4,1.3,1.93,52.8,0
P000566,M3,186.1,5.99,43.2,early,B3,5.7,2.07,55.1,0
P000567,M4,186.9,6.01,48.0,late,B4,2.5,2.98,50.7,0
P000568,M1,187.7,5.63,40.6,early,B5,4.9,2.54,39.5,0
P000569,M2,195.2,6.76,48.4,early,B4,1.2,2.83,35.4,0
P000570,M3,189.8,5.96,49.6,night,B1,8.1,1.64,60.3,0
P000571,M2,181.0,5.93,47.9,early,B2,2.0,2.23,49.7,0
P000572,M4,188.4,6.14,51.8,early,B1,7.0,2.68,48.6,0
P000573,M2,188.5,5.35,51.4,late,B2,1.4,3.03,62.4,0
P000574,M4,182.9,5.49,47.7,night,B5,1.0,2.61,39.5,1
P000575,M4,174.2,5.71,45.9,early,B1,3.1,2.29,27.8,0
P000576,M3,174.5,6.15,44.0,early,B5,4.3,2.07,33.5,0
P000577,M4,182.0,5.35,41.3,night,B2,12.0,2.6,43.8,0
P000578,M3,174.9,5.78,41.1,late,B3,4.2,1.74,48.9,0
P000579,M4,182.1,5.73,50.6,night,B3,1.6,2.54,59.1,0
P000580,M2,190.9,5.25,54.0,night,B1,6.3,2.13,54.7,0
P000581,M2,183.8,5.62,44.1,late,B1,8.9,2.28,27.5,0
P000582,M3,183.5,5.99,46.3,early,B2,1.9,2.38,70.4,0
P000583,M1,178.1,5.28,40.0,early,B1,6.8,2.56,44.7,0
P000584,M2,188.6,6.29,44.5,late,B4,8.2,2.9,57.8,0
P000585,M4,186.8,5.96,47.8,late,B3,6.4,2.0,52.4,0
P000586,M3,175.2,5.92,44.0,night,B5,2.2,1.46,48.0,0
P000587,M1,179.9,5.8,38.7,late,B5,4.3,2.3,46.1,0
P000588,M2,180.0,5.42,54.7,early,B2,4.9,1.9,39.1,0
P000589,M1,186.8,5.57,45.8,late,B5,7.9,2.72,37.7,0
P000590,M1,184.9,5.93,41.8,late,B1,2.3,1.81,46.7,0
P000591,M4,183.7,5.57,47.3,late,B3,6.9,3.51,36.9,0
P000592,M2,186.3,5.87,47.9,night,B4,3.3,2.32,61.2,1
P000593,M2,188.8,5.49,49.8,late,B3,2.8,2.96,48.8,0
P000594,M3,184.9,5.96,44.7,early,B4,3.8,1.97,64.7,0
P000595,M1,181.3,5.98,47.2,late,B5,0.4,2.22,44.5,0
P000596,M2,183.5,5.23,51.8,late,B3,0.5,2.83,43.3,0
P000597,M3,182.7,5.82,41.0,night,B2,0.7,2.69,52.7,0
P000598,M3,182.0,5.27,43.4,late,B3,5.0,2.76,45.9,1
P000599,M4,195.3,5.15,50.0,late,B5,3.1,2.83,55.8,1
P000600,M3,180.9,5.59,43.9,late,B5,2.2,2.77,59.5,0
P000601,M2,188.6,6.78,47.9,late,B5,3.6,2.47,56.8,0
P000602,M4,186.6,6.07,45.0,early,B2,7.0,2.79,58.9,0
P000603,M4,191.7,6.29,45.2,night,B2,3.5,2.35,54.5,0
P000604,M3,178.5,6.01,44.1,night,B3,1.5,2.74,43.6,0
P000605,M4,191.4,5.87,42.0,late,B3,12.0,2.55,57.1,1
P000606,M4,183.2,6.11,48.5,late,B4,3.7,2.78,53.6,0
P000607,M4,197.8,5.58,50.8,early,B5,8.3,2.63,43.1,0
P000608,M1,186.0,5.96,45.3,late,B3,6.4,2.64,44.1,0
P000609,M3,176.2,6.21,49.6,late,B2,2.7,1.94,47.3,0
P000610,M2,185.9,6.04,46.3,late,B5,10.6,2.04,56.9,0
P000611,M3,190.3,6.23,43.9,early,B3,2.4,2.75,48.9,0
P000612,M3,183.4,5.86,47.6,late,B4,5.0,2.91,48.0,0
P000613,M4,183.7,6.39,48.4,early,B1,4.5,2.45,46.7,0
P000614,M4,188.0,5.73,46.4,late,B3,4.8,2.86,45.2,0
P000615,M2,185.1,6.54,50.8,late,B3,9.5,2.02,38.7,0
P000616,M3,181.8,6.0,41.1,early,B1,3.8,2.02,54.4,0
P000617,M3,177.8,5.67,44.8,late,B2,4.3,2.34,39.9,0
P000618,M2,196.5,5.39,51.9,night,B4,4.5,1.97,48.5,0
P000619,M1,177.3,5.52,49.7,late,B1,12.0,1.61,44.7,0
P000620,M1,184.9,5.46,49.2,early,B1,7.9,2.37,54.1,0
P000621,M4,186.6,5.77,50.7,late,B1,1.0,2.23,45.3,0
P000622,M2,186.9,5.35,46.8,early,B1,2.4,2.59,40.0,0
P000623,M4,177.1,6.25,40.3,late,B3,4.0,2.32,55.9,0
P000624,M2,181.5,5.84,47.2,late,B3,9.4,2.17,41.4,1
P000625,M4,186.9,5.82,49.2,early,B4,10.0,2.4,49.2,0
P000626,M2,182.7,5.39,51.2,late,B3,3.6,2.74,58.2,0
P000627,M4,172.6,5.53,44.8,late,B3,2.4,2.24,42.2,0
P000628,M1,186.1,5.02,42.3,night,B5,3.3,2.07,47.2,0
P000629,M3,178.2,6.37,42.7,early,B2,4.1,2.21,44.6,0
P000630,M4,187.5,5.3,44.7,early,B4,3.1,2.87,49.1,0
P000631,M4,182.9,5.33,39.6,late,B1,8.4,2.46,47.5,0
P000632,M4,182.6,6.29,44.8,early,B5,2.9,1.63,55.4,0
P000633,M1,184.3,5.94,46.2,late,B2,1.9,1.76,43.0,0
P000634,M2,180.7,5.84,47.8,early,B2,3.2,3.17,58.2,0
P000635,M1,179.5,5.92,44.7,early,B1,4.7,1.99,60.8,0
P000636,M1,182.6,6.13,43.4,late,B3,8.5,2.26,50.1,0
P000637,M3,176.7,5.83,43.8,early,B2,1.8,3.17,41.7,0
P000638,M3,186.9,5.26,43.9,late,B5,4.7,2.58,47.7,0
P000639,M4,182.3,6.06,49.5,early,B1,4.8,1.53,47.0,1
P000640,M4,176.0,5.95,46.8,late,B3,5.4,3.15,62.2,0
P000641,M3,179.9,6.21,58.0,early,B5,2.9,2.37,47.2,0
P000642,M4,184.6,5.36,45.5,night,B5,5.4,2.67,59.1,0
P000643,M1,181.5,5.54,47.7,night,B4,6.3,2.44,48.9,0
P000644,M1,186.2,5.94,44.8,early,B3,2.9,2.71,48.4,0
P000645,M3,186.2,5.47,44.7,late,B5,4.3,2.26,45.2,0
P000646,M4,197.2,4.98,52.7,early,B2,3.4,1.83,45.9,0
P000647,M1,190.3,5.87,49.8,late,B5,2.1,2.45,55.1,0
P000648,M3,174.0,6.11,39.3,early,B3,1.3,1.68,42.2,0
P000649,M3,181.0,5.75,42.1,late,B2,2.4,3.12,55.7,0
P000650,M1,182.5,5.99,45.5,early,B2,2.5,2.14,59.5,0
P000651,M2,190.2,5.94,46.2,night,B3,1.3,2.73,43.3,0
P000652,M4,178.9,5.8,41.1,late,B1,5.1,2.2,57.7,0
P000653,M3,180.1,5.85,46.4,late,B4,6.6,2.45,56.4,0
P000654,M1,177.2,6.27,38.9,early,B2,3.3,2.5,55.0,0
P000655,M4,180.7,5.46,47.3,early,B2,3.7,2.19,42.9,0
P000656,M2,183.9,6.07,51.0,early,B1,2.6,2.95,47.0,0
P000657,M4,182.3,5.39,50.1,night,B3,3.5,2.53,47.0,0
P000658,M2,180.5,5.52,47.7,night,B2,5.4,2.71,64.7,1
P000659,M3,188.4,6.22,51.7,early,B1,4.7,1.96,47.9,0
P000660,M2,189.6,5.38,49.5,late,B5,3.5,3.79,46.5,1
P000661,M2,179.0,5.72,51.4,late,B4,2.5,3.28,38.8,0
P000662,M4,184.1,6.63,44.0,early,B2,6.2,2.83,40.2,0
P000663,M1,175.4,6.16,51.8,late,B1,2.7,2.81,42.5,1
P000664,M1,191.4,5.54,46.0,early,B5,1.3,2.43,50.9,0
P000665,M2,195.9,5.6,54.2,early,B4,4.1,2.59,36.6,0
P000666,M3,182.7,5.74,51.2,late,B3,0.8,1.11,42.7,0
P000667,M4,179.3,6.26,47.8,early,B4,4.6,1.95,33.1,0
P000668,M4,180.3,5.45,48.3,night,B1,4.8,3.47,59.2,0
P000669,M2,184.5,5.43,47.5,late,B3,2.3,3.27,48.9,0
P000670,M2,186.4,6.05,45.1,night,B1,2.6,2.84,50.5,0
P000671,M1,191.5,5.21,48.3,late,B4,6.8,1.59,39.3,0
P000672,M3,188.3,5.48,48.1,night,B5,12.0,2.59,57.3,0
P000673,M4,189.3,5.77,40.6,early,B3,3.8,2.37,60.0,0
P000674,M3,183.9,5.79,45.7,late,B4,2.4,2.61,48.5,0
P000675,M3,176.7,5.32,49.3,late,B4,4.8,1.8,44.2,0
P000676,M2,182.8,5.92,53.8,night,B5,3.4,2.53,52.4,1
P000677,M4,184.3,5.99,49.6,early,B1,4.6,2.9,53.9,0
P000678,M2,180.4,5.57,42.4,late,B2,4.2,3.62,55.0,0
P000679,M1,185.7,6.38,42.0,night,B2,4.2,2.0,53.3,0
P000680,M2,191.4,5.92,46.9,early,B4,0.6,2.3,55.7,1
P000681,M1,187.0,5.45,51.3,night,B3,2.6,2.76,42.5,0
P000682,M1,186.8,6.37,43.7,early,B4,2.4,1.73,55.3,0
P000683,M1,173.7,5.62,50.0,early,B3,2.4,1.77,44.4,0
P000684,M2,194.3,5.86,45.8,late,B5,5.7,2.87,27.9,0
P000685,M3,174.4,5.63,48.0,late,B4,1.5,3.24,44.3,0
P000686,M2,186.2,6.02,44.6,early,B1,0.6,2.37,43.6,0
P000687,M2,190.4,5.63,47.5,early,B5,2.3,2.58,49.9,0
P000688,M4,186.0,5.65,42.5,early,B5,2.0,2.55,54.7,0
P000689,M4,177.0,5.74,52.3,night,B1,3.8,2.29,49.5,0
P000690,M3,177.0,5.62,43.4,night,B2,2.0,1.5,64.1,0
P000691,M2,188.6,6.18,42.3,late,B5,3.1,3.11,43.8,0
P000692,M4,186.8,5.36,40.6,early,B5,2.7,2.58,32.1,0
P000693,M1,177.9,5.79,45.7,late,B3,8.2,2.47,50.2,0
P000694,M2,189.2,5.83,46.5,night,B3,2.0,2.69,43.6,0
P000695,M4,175.7,5.76,49.3,late,B1,5.4,3.18,39.3,0
P000696,M3,186.4,6.14,45.1,early,B3,3.5,2.07,45.6,0
P000697,M3,178.1,5.27,50.4,early,B4,6.9,1.82,41.7,0
P000698,M3,183.4,6.0,44.5,night,B2,9.9,3.05,42.5,0
P000699,M3,182.5,5.36,49.9,night,B2,3.4,1.31,60.2,0
P000700,M2,193.4,5.62,44.6,early,B5,0.8,2.68,49.0,0
P000701,M1,185.3,5.33,40.3,night,B3,1.5,2.27,45.9,0
P000702,M2,183.7,5.68,45.1,early,B2,1.2,2.7,60.8,0
P000703,M1,186.0,5.6,41.7,early,B2,2.6,1.6,45.6,0
P000704,M4,195.8,6.37,42.1,night,B3,2.3,1.97,38.2,0
P000705,M2,191.1,5.88,49.8,late,B2,4.3,3.18,37.4,0
P000706,M3,182.7,5.95,45.0,late,B3,6.6,2.92,47.4,0
P000707,M4,179.4,5.41,47.3,night,B5,0.8,2.31,34.9,0
P000708,M4,180.6,6.06,48.8,night,B4,3.7,2.08,38.6,0
P000709,M2,190.7,6.37,41.8,early,B2,2.1,1.95,44.9,0
P000710,M2,182.1,6.1,50.4,late,B3,3.8,3.17,57.1,0
P000711,M4,184.0,5.34,42.2,night,B3,2.6,2.95,58.3,0
P000712,M3,190.9,5.64,43.8,late,B4,5.9,1.04,53.3,0
P000713,M4,184.8,5.84,39.6,night,B4,1.5,1.41,48.0,0
P000714,M4,178.1,5.6,49.3,late,B3,2.2,2.56,43.4,0
P000715,M4,196.0,6.69,40.4,early,B2,3.3,2.62,51.1,0
P000716,M1,193.7,5.63,41.4,early,B4,2.8,2.09,62.3,0
P000717,M3,185.8,5.78,41.7,night,B1,3.3,2.29,49.1,0
P000718,M1,191.0,5.59,45.5,night,B4,0.9,2.19,44.3,0
P000719,M3,181.5,5.88,45.4,early,B5,8.9,2.31,46.7,0
P000720,M4,188.0,6.28,49.9,early,B4,2.5,2.09,45.9,0
P000721,M3,180.7,5.84,45.6,night,B3,1.6,2.29,52.4,0
P000722,M2,179.5,5.72,51.9,early,B5,3.3,2.45,41.9,0
P000723,M1,198.3,5.42,47.4,early,B3,3.7,1.96,51.2,0
P000724,M4,176.3,6.22,43.2,night,B3,11.4,1.66,52.5,1
P000725,M1,185.6,5.75,43.5,night,B5,7.3,2.22,50.8,0
P000726,M1,185.6,5.73,51.7,night,B1,2.8,2.66,39.3,0
P000727,M1,186.8,4.98,50.7,late,B4,10.2,2.15,46.8,0
P000728,M1,183.5,5.76,49.1,early,B4,8.9,2.14,43.8,0
P000729,M2,186.6,5.66,51.8,night,B3,1.7,3.32,47.4,0
P000730,M3,183.8,5.16,47.8,early,B1,12.0,2.76,42.7,0
P000731,M2,189.6,6.15,49.5,early,B4,2.5,3.53,57.9,0
P000732,M1,184.0,5.61,46.2,night,B2,4.0,3.32,49.5,0
P000733,M1,183.6,6.46,52.5,late,B5,8.1,2.33,35.1,0
P000734,M2,179.7,6.3,46.4,night,B4,0.8,2.23,37.4,0
P000735,M1,195.1,5.55,46.9,early,B2,3.3,2.07,57.6,0
P000736,M3,185.9,6.28,39.5,night,B3,4.5,2.56,46.6,0
P000737,M1,185.1,6.36,40.6,late,B1,7.1,2.95,44.9,0
P000738,M2,183.6,5.6,55.1,late,B3,3.6,2.28,57.0,1
P000739,M2,181.5,5.44,50.5,night,B1,0.8,2.86,46.8,0
P000740,M2,191.7,5.05,47.4,early,B5,11.4,2.39,38.4,0
P000741,M1,183.1,5.93,46.3,late,B4,3.7,2.23,39.0,0
P000742,M1,187.4,5.46,40.8,late,B2,4.6,2.23,53.0,0
P000743,M4,176.6,5.94,45.2,night,B5,1.0,2.67,64.2,0
P000744,M1,192.5,5.6,40.5,night,B1,8.7,3.21,54.7,0
P000745,M3,188.0,5.53,44.9,late,B3,2.5,2.51,44.9,0
P000746,M2,186.6,5.6,50.8,early,B1,2.1,2.56,46.2,0
P000747,M2,189.6,5.35,49.9,early,B1,7.5,2.48,48.4,0
P000748,M2,191.1,5.6,54.2,night,B2,1.1,2.66,31.8,0
P000749,M4,176.6,5.54,47.9,night,B2,4.6,2.11,48.2,0
P000750,M4,193.2,5.8,37.4,night,B4,2.0,2.56,52.7,0
P000751,M2,189.7,5.84,55.6,early,B5,5.0,1.66,62.2,0
P000752,M2,183.1,5.43,45.0,early,B4,5.9,2.65,56.7,0
P000753,M1,178.0,6.19,46.6,night,B4,2.5,2.24,63.4,0
P000754,M2,192.4,5.74,48.6,night,B3,8.4,2.23,61.4,0
P000755,M3,184.2,6.33,46.9,early,B2,3.7,2.13,59.2,0
P000756,M1,186.7,5.88,46.2,late,B2,11.5,2.8,48.2,0
P000757,M2,187.1,5.82,48.4,early,B5,7.5,3.29,50.8,0
P000758,M4,178.5,5.63,41.8,late,B3,4.0,2.26,34.6,0
P000759,M1,186.8,6.02,55.8,early,B3,4.0,2.54,49.0,0
P000760,M2,185.9,5.81,50.7,early,B1,1.3,2.08,52.5,1
P000761,M3,182.9,6.1,46.2,early,B3,7.5,2.17,45.7,0
P000762,M1,197.1,6.36,53.0,night,B4,2.3,2.4,35.7,1
P000763,M1,188.8,5.55,41.9,late,B3,4.3,2.99,60.7,0
P000764,M1,189.1,6.01,49.3,night,B4,11.4,2.84,51.2,0
P000765,M4,199.0,6.0,44.7,late,B5,8.3,2.59,61.8,0
P000766,M1,186.1,5.96,47.5,late,B1,1.7,1.89,53.9,0
P000767,M1,184.7,5.65,47.6,early,B5,3.7,2.91,58.9,0
P000768,M1,180.3,5.66,37.1,late,B5,4.6,2.15,57.3,0
P000769,M1,181.5,5.6,40.6,early,B3,8.9,2.5,42.6,0
P000770,M3,171.7,5.59,52.0,late,B4,8.1,2.24,43.9,0
P000771,M1,188.3,5.51,45.0,night,B1,5.4,3.2,44.6,0
P000772,M3,176.0,5.76,53.6,night,B2,5.1,2.03,40.3,0
P000773,M3,188.0,5.53,51.0,early,B1,3.6,2.71,62.1,0
P000774,M4,183.8,5.95,46.0,late,B4,4.5,2.46,48.3,0
P000775,M1,184.7,5.82,44.8,early,B5,3.0,2.56,51.7,0
P000776,M4,183.8,5.86,53.1,early,B4,6.3,3.23,37.4,0
P000777,M3,190.6,5.7,54.0,late,B4,5.3,1.4,54.5,0
P000778,M1,190.7,5.82,44.9,late,B1,7.3,2.27,44.7,0
P000779,M4,183.8,5.71,52.6,late,B5,7.1,2.1,58.1,0
P000780,M4,179.1,6.07,50.7,early,B1,2.3,2.7,42.5,0
P000781,M2,192.1,5.65,52.8,night,B3,0.4,3.06,58.7,0
P000782,M4,178.6,5.93,47.2,night,B4,2.1,2.29,55.5,0
P000783,M2,178.4,5.34,45.6,late,B5,4.5,2.52,44.3,0
P000784,M3,185.7,6.05,42.0,night,B5,3.1,2.39,59.3,0
P000785,M4,190.7,5.6,41.8,early,B3,3.0,1.93,57.2,0
P000786,M2,184.8,5.48,55.5,late,B3,2.0,2.9,51.9,0
P000787,M4,186.2,5.4,46.8,night,B3,4.9,2.13,40.1,0
P000788,M2,184.7,5.37,43.8,night,B3,0.8,3.08,54.4,0
P000789,M4,188.0,5.63,50.6,night,B4,5.4,1.91,48.5,1
P000790,M3,189.0,6.32,44.2,late,B4,5.5,2.04,48.4,0
P000791,M1,182.6,5.57,43.5,night,B3,7.2,1.96,48.6,0
P000792,M2,181.3,5.03,56.1,late,B3,12.0,2.62,47.8,0
P000793,M2,179.0,5.93,43.1,early,B1,0.4,3.37,41.1,0
P000794,M1,189.1,5.41,46.9,early,B1,5.3,2.68,35.9,0
P000795,M1,177.7,6.09,43.8,night,B3,6.0,2.08,34.2,0
P000796,M2,189.0,5.65,45.3,late,B2,2.1,2.53,50.4,0
P000797,M1,188.3,5.7,40.4,late,B4,3.2,2.7,28.6,0
P000798,M1,181.2,6.22,46.2,night,B5,2.6,1.78,53.8,0
P000799,M3,182.1,6.02,42.7,late,B4,5.5,2.31,52.0,0
P000800,M3,188.5,5.36,48.2,early,B5,7.7,2.03,45.6,0
P000801,M3,178.6,5.42,45.8,late,B3,1.4,2.22,56.2,0
P000802,M2,182.0,5.18,47.0,late,B5,5.0,3.11,45.9,0
P000803,M4,182.7,6.71,43.5,night,B5,8.7,2.2,51.3,0
P000804,M3,190.0,5.5,51.4,late,B1,2.3,2.74,32.3,0
P000805,M1,192.9,6.21,48.8,late,B4,0.3,3.29,30.1,0
P000806,M1,183.5,5.61,43.4,late,B3,1.8,2.57,46.1,0
P000807,M3,179.1,5.42,40.8,late,B5,1.7,2.26,51.4,0
P000808,M1,189.9,5.81,38.8,night,B3,1.9,2.82,55.6,0
P000809,M3,173.8,5.69,50.3,early,B1,11.3,1.8,46.6,0
P000810,M4,185.4,6.08,50.3,night,B2,12.0,3.18,50.0,0
P000811,M1,183.8,6.09,50.0,late,B1,9.5,1.96,54.3,0
P000812,M1,191.1,5.59,45.5,early,B2,3.0,3.28,47.0,0
P000813,M4,191.7,5.3,49.9,late,B1,9.7,2.18,52.7,0
P000814,M3,177.8,5.38,49.9,late,B4,0.4,2.6,39.0,0
P000815,M1,184.9,5.0,45.7,late,B3,1.6,1.6,34.7,0
P000816,M4,180.9,5.7,45.4,night,B4,6.4,2.4,43.7,0
P000817,M4,182.4,5.8,43.1,early,B5,2.4,2.01,54.2,0
P000818,M3,186.4,5.4,47.6,early,B4,1.4,1.65,42.3,0
P000819,M3,181.2,5.36,48.1,early,B3,4.8,2.84,53.2,0
P000820,M2,188.1,5.79,46.7,late,B2,4.9,2.2,39.8,0
P000821,M1,189.3,5.58,44.9,late,B4,5.3,1.97,43.3,1
P000822,M3,191.3,5.73,45.2,night,B3,5.7,1.92,49.9,0
P000823,M2,188.6,5.67,51.2,late,B4,4.7,3.26,42.7,0
P000824,M3,183.6,5.89,40.8,early,B1,3.4,2.76,44.0,0
P000825,M4,177.9,5.6,42.6,early,B1,3.9,3.07,27.1,0
P000826,M1,192.7,5.63,41.9,early,B1,6.5,1.95,54.7,0
P000827,M3,185.7,5.14,45.4,late,B4,4.6,2.91,47.1,0
P000828,M1,184.7,5.78,47.2,early,B3,2.6,1.94,40.4,0
P000829,M4,184.5,5.83,42.7,late,B2,2.1,2.16,62.7,0
P000830,M2,189.0,5.74,51.7,night,B2,3.9,2.44,41.7,0
P000831,M3,187.2,6.47,51.6,late,B4,8.7,2.0,43.9,0
P000832,M3,187.9,5.86,47.6,early,B5,5.7,2.26,40.3,0
P000833,M2,195.9,5.75,52.5,early,B5,9.0,2.37,56.8,0
P000834,M3,184.3,5.97,42.5,late,B3,3.0,2.4,59.5,0
P000835,M3,192.6,6.54,42.6,late,B4,4.3,1.13,58.7,0
P000836,M3,188.8,5.89,48.0,early,B1,4.8,2.4,58.6,0
P000837,M4,183.7,5.02,46.7,night,B5,6.7,2.01,43.2,0
P000838,M4,174.8,5.95,43.4,late,B1,3.0,2.2,61.4,0
P000839,M2,187.5,5.49,53.6,late,B2,5.7,2.46,46.4,0
P000840,M3,191.6,5.13,47.1,early,B4,8.4,2.72,35.7,1
P000841,M1,179.7,6.39,48.7,early,B5,3.6,2.53,44.6,0
P000842,M4,184.5,6.32,44.2,early,B1,1.9,2.43,50.6,0
P000843,M3,183.9,5.48,52.4,early,B4,8.6,1.98,42.8,0
P000844,M2,192.2,5.49,47.6,late,B1,6.1,3.1,49.2,0
P000845,M1,181.9,5.86,49.9,late,B1,1.1,3.11,52.3,0
P000846,M4,179.2,5.49,44.6,night,B3,3.6,2.49,51.3,0
P000847,M2,190.1,5.75,48.8,night,B3,11.7,2.03,53.2,0
P000848,M3,178.9,5.55,48.1,early,B2,5.4,1.98,46.6,0
P000849,M1,173.9,5.66,53.6,early,B5,3.9,2.55,42.2,0
P000850,M4,194.1,5.31,45.1,night,B4,1.7,2.3,36.2,0
P000851,M1,189.1,6.09,46.8,night,B3,1.7,1.91,47.3,0
P000852,M1,194.4,6.22,48.2,night,B3,6.4,1.89,43.7,1
P000853,M4,188.8,5.76,41.4,early,B3,1.8,2.54,47.1,1
P000854,M4,187.7,5.79,38.5,early,B1,4.8,1.81,31.4,0
P000855,M1,186.0,6.02,42.2,early,B4,3.6,2.28,35.9,0
P000856,M2,186.0,5.8,51.9,night,B4,4.6,2.79,52.1,1
P000857,M3,185.8,6.41,52.5,late,B3,3.4,2.1,34.9,0
P000858,M4,181.0,5.34,43.3,late,B3,5.3,2.03,46.5,0
P000859,M2,181.1,6.1,43.6,late,B5,7.1,3.21,41.4,1
P000860,M3,181.2,5.76,51.8,early,B4,3.4,1.7,40.8,0
P000861,M3,190.1,5.41,43.9,late,B2,6.7,2.38,48.7,0
P000862,M3,176.2,6.59,44.6,early,B1,9.3,2.63,48.2,0
P000863,M4,177.3,6.63,52.3,late,B5,4.8,2.57,52.4,0
P000864,M3,186.3,5.73,50.9,late,B4,6.3,2.85,39.2,0
P000865,M1,181.7,5.96,49.5,late,B4,1.4,1.79,40.9,0
P000866,M4,186.7,5.64,40.3,early,B2,3.4,2.14,57.0,0
P000867,M4,189.4,5.69,42.0,night,B1,1.0,2.29,46.2,0
P000868,M4,186.5,5.4,51.1,late,B3,2.6,3.98,50.9,0
P000869,M1,180.5,5.35,47.2,early,B4,3.5,2.53,44.0,0
P000870,M1,191.1,6.45,43.0,early,B2,12.0,2.61,51.6,0
P000871,M3,187.1,5.79,44.7,late,B3,2.1,2.59,28.1,0
P000872,M1,184.1,5.82,50.2,early,B5,3.8,2.34,57.2,0
P000873,M4,183.9,5.52,52.6,early,B2,1.8,2.97,44.4,0
P000874,M2,189.1,5.87,48.2,early,B2,3.3,1.91,38.0,0
P000875,M3,181.3,5.27,43.4,early,B2,5.3,2.42,39.5,0
P000876,M4,175.0,5.53,45.8,late,B5,5.9,2.69,45.9,0
P000877,M2,191.1,5.38,53.3,late,B3,3.0,3.21,47.1,0
P000878,M2,190.8,6.25,53.2,early,B5,2.4,2.23,49.1,0
P000879,M3,170.3,5.22,46.7,late,B5,10.0,1.81,38.5,0
P000880,M3,185.8,5.39,44.0,early,B3,2.8,1.84,55.0,0
P000881,M2,196.7,5.08,52.3,early,B1,0.5,2.99,43.8,0
P000882,M3,176.8,5.49,52.2,early,B2,8.4,2.54,43.4,0
P000883,M4,183.6,5.64,41.3,night,B3,0.7,2.07,46.2,0
P000884,M2,186.0,6.14,47.3,night,B2,8.4,3.61,53.3,0
P000885,M1,193.1,5.72,50.4,late,B1,1.0,2.43,47.7,0
P000886,M2,193.2,5.66,48.5,early,B5,1.2,2.81,43.7,0
P000887,M2,182.2,5.9,46.3,early,B2,1.6,2.66,45.4,0
P000888,M1,185.9,5.64,46.7,early,B4,2.6,2.72,57.8,0
P000889,M1,196.7,6.64,47.4,night,B5,8.5,2.48,56.4,0
P000890,M3,179.6,5.59,41.7,early,B3,1.6,3.15,50.9,0
P000891,M2,186.9,5.94,48.5,night,B4,5.3,2.2,49.2,0
P000892,M4,186.8,6.09,48.2,late,B1,4.5,1.8,66.5,0
P000893,M1,180.6,5.58,44.1,late,B4,4.0,1.97,51.7,0
P000894,M1,193.7,5.86,43.0,night,B5,7.5,2.55,49.4,1
P000895,M4,181.4,5.62,44.8,early,B5,4.2,2.31,46.4,0
P000896,M4,176.4,5.9,43.1,night,B1,4.5,3.07,50.9,0
P000897,M2,184.1,5.84,51.4,early,B2,6.2,2.57,25.0,1
P000898,M1,187.6,5.75,42.3,night,B1,2.7,2.79,56.2,0
P000899,M1,179.6,5.4,46.7,late,B5,3.8,1.93,37.8,0
P000900,M3,184.7,6.45,44.6,early,B2,4.8,2.83,42.3,0
P000901,M2,190.1,6.01,45.5,night,B3,7.0,3.37,36.8,0
P000902,M2,180.4,5.24,53.4,early,B3,3.4,2.5,42.1,0
P000903,M1,180.9,5.65,45.5,early,B4,3.7,2.52,45.3,0
P000904,M2,188.9,5.25,45.7,night,B5,5.2,2.87,55.1,0
P000905,M4,187.9,6.07,43.9,late,B2,3.5,2.73,58.3,0
P000906,M3,180.0,5.79,47.3,night,B4,2.2,2.88,63.5,0
P000907,M2,187.8,5.8,51.3,late,B2,6.2,3.19,48.8,0
P000908,M1,182.4,5.51,50.8,late,B1,4.3,2.53,46.2,1
P000909,M2,191.0,5.69,47.6,early,B1,2.9,3.05,54.2,0
P000910,M2,189.9,6.08,47.3,early,B2,1.6,2.18,41.2,0
P000911,M4,181.9,6.17,47.3,night,B3,0.7,2.48,40.3,0
P000912,M4,186.6,6.1,47.4,early,B4,5.4,2.0,45.1,0
P000913,M4,181.7,5.26,43.9,late,B5,2.1,2.49,47.7,0
P000914,M4,186.5,5.73,52.4,early,B3,1.0,3.0,31.5,0
P000915,M4,186.6,5.89,46.9,early,B3,1.9,2.5,56.5,0
P000916,M4,197.0,5.54,48.8,late,B1,4.8,1.37,49.9,0
P000917,M1,182.2,5.22,47.6,night,B5,2.1,1.83,54.4,0
P000918,M1,183.2,5.35,47.5,night,B2,4.8,2.56,35.4,0
P000919,M2,183.4,6.32,44.4,night,B4,2.5,2.51,42.7,0
P000920,M3,177.3,5.38,46.0,early,B4,3.8,2.65,42.3,0
P000921,M1,181.5,5.82,54.7,late,B5,4.0,1.76,46.4,0
P000922,M4,187.7,5.75,52.8,early,B5,6.0,2.67,47.7,0
P000923,M3,187.1,5.75,46.6,late,B4,6.1,2.49,55.0,0
P000924,M3,184.6,5.69,44.6,early,B4,3.9,2.66,48.8,0
P000925,M1,182.4,6.08,37.6,late,B1,1.8,2.01,42.1,0
P000926,M2,184.3,5.81,46.3,early,B1,8.0,3.1,65.5,0
P000927,M1,179.0,5.58,45.7,night,B3,2.8,2.98,45.9,0
P000928,M4,180.9,5.82,45.6,night,B4,0.3,1.48,40.7,0
P000929,M3,175.9,5.35,45.1,night,B4,4.6,2.32,32.9,0
P000930,M3,190.5,5.97,48.4,early,B2,4.8,1.49,48.7,0
P000931,M2,197.1,5.56,44.4,night,B3,2.9,2.36,53.5,1
P000932,M2,176.4,5.58,49.2,early,B5,1.1,2.4,38.9,0
P000933,M2,188.6,5.98,47.8,early,B1,0.8,2.72,53.0,0
P000934,M4,185.5,5.66,43.4,early,B2,3.1,2.67,48.7,0
P000935,M4,185.1,5.68,53.2,early,B5,1.6,2.91,33.8,0
P000936,M1,180.7,6.21,48.8,late,B1,7.0,2.42,53.0,0
P000937,M4,189.6,5.46,43.8,early,B2,3.0,2.8,45.9,0
P000938,M1,186.3,5.97,48.0,early,B3,2.7,1.81,39.0,0
P000939,M4,189.7,6.13,41.5,late,B4,11.6,2.98,55.7,1
P000940,M1,179.9,6.21,43.5,night,B2,0.4,0.82,55.5,0
P000941,M2,179.4,6.56,53.2,late,B4,3.7,3.44,38.8,0
P000942,M4,186.4,5.58,48.1,late,B2,0.7,3.11,50.3,0
P000943,M1,178.7,5.5,47.0,early,B2,8.6,2.64,49.6,0
P000944,M2,192.8,6.09,52.0,night,B3,1.0,3.75,47.5,0
P000945,M2,175.3,6.13,50.5,early,B1,4.9,1.94,43.9,0
P000946,M1,181.4,5.52,45.0,early,B4,4.4,2.65,46.8,0
P000947,M3,179.6,5.97,49.6,early,B4,0.7,2.36,55.5,0
P000948,M4,182.2,6.75,40.4,late,B5,4.9,2.61,51.3,0
P000949,M4,185.4,5.84,44.3,early,B2,2.5,1.98,32.6,0
P000950,M2,189.2,6.12,47.8,late,B2,5.6,2.93,30.9,0
P000951,M3,186.5,6.35,48.1,early,B5,2.4,2.46,33.1,0
P000952,M1,188.2,6.68,44.8,late,B1,4.9,1.99,37.1,0
P000953,M1,183.1,5.89,39.2,late,B3,3.5,2.27,42.0,0
P000954,M1,195.6,6.24,38.7,early,B3,4.9,1.71,44.4,0
P000955,M4,191.6,5.52,46.5,late,B3,5.5,2.32,47.5,0
P000956,M4,182.3,5.81,45.0,late,B3,3.2,2.93,47.7,0
P000957,M4,183.2,5.64,43.3,late,B4,2.8,2.94,47.6,0
P000958,M3,181.2,5.14,41.9,early,B1,5.4,2.65,57.1,0
P000959,M2,189.0,5.24,48.7,late,B5,2.5,3.18,34.6,1
P000960,M3,177.7,5.95,50.9,early,B5,3.3,2.74,50.7,1
P000961,M3,178.7,5.96,46.5,early,B1,9.6,2.01,50.6,0
P000962,M2,175.1,5.44,53.2,early,B5,3.8,2.9,37.9,0
P000963,M1,181.8,6.35,44.6,late,B2,6.1,2.79,52.3,0
P000964,M1,189.9,5.41,47.7,early,B1,2.2,1.68,51.0,0
P000965,M4,183.2,5.89,51.9,late,B2,4.9,1.88,47.7,0
P000966,M2,186.5,5.65,47.6,early,B4,3.3,2.1,28.7,1
P000967,M4,185.5,5.84,46.9,night,B5,2.9,1.7,55.7,0
P000968,M1,178.5,6.11,44.6,early,B4,0.7,1.83,49.8,0
P000969,M3,183.1,6.07,48.3,late,B5,1.7,2.06,51.2,0
P000970,M1,188.9,6.05,49.4,night,B2,0.6,2.98,25.0,0
P000971,M2,188.7,6.0,49.5,early,B5,12.0,2.55,43.7,0
P000972,M1,189.4,5.35,45.1,early,B4,3.4,1.62,36.5,0
P000973,M1,191.0,6.2,40.3,late,B1,3.8,2.37,58.3,0
P000974,M4,187.6,5.43,46.6,night,B1,6.9,2.41,39.2,0
P000975,M2,183.1,5.76,47.5,night,B2,4.6,2.4,59.8,0
P000976,M3,181.1,5.68,46.9,early,B1,2.9,2.04,55.6,0
P000977,M2,197.6,5.92,48.6,night,B2,2.9,3.23,49.8,1
P000978,M2,188.7,5.63,54.2,early,B5,1.5,2.12,57.1,0
P000979,M3,184.0,5.74,43.4,early,B2,5.2,1.55,40.4,0
P000980,M1,179.3,6.37,40.0,late,B4,5.3,2.51,41.9,0
P000981,M4,183.5,5.35,42.5,late,B5,3.8,2.22,55.4,0
P000982,M4,187.9,5.8,44.4,late,B2,3.4,3.2,40.5,0
P000983,M3,183.1,5.41,50.1,night,B4,5.3,2.23,37.4,0
P000984,M2,184.1,6.04,43.3,early,B3,1.5,2.7,45.4,0
P000985,M1,182.4,5.55,41.6,late,B2,4.8,2.65,40.9,0
P000986,M4,190.6,5.81,48.4,early,B5,10.0,1.75,62.9,0
P000987,M2,190.7,5.34,51.4,early,B4,2.3,2.9,54.2,0
P000988,M1,186.9,6.25,40.1,early,B3,3.1,2.14,43.4,0
P000989,M2,189.4,5.83,41.5,night,B5,8.3,3.21,40.0,0
P000990,M4,177.5,5.85,43.8,late,B5,3.8,2.21,50.7,0
P000991,M3,184.5,6.09,48.5,early,B4,6.5,2.38,57.5,0
P000992,M4,189.9,5.36,47.3,late,B5,4.9,2.34,50.3,0
P000993,M4,182.6,5.58,44.0,night,B2,5.2,2.69,40.4,0
P000994,M1,189.4,5.86,48.8,night,B2,2.2,2.19,36.5,0
P000995,M4,187.0,5.18,47.3,late,B2,2.1,2.62,45.0,0
P000996,M2,191.6,5.22,47.8,early,B4,5.9,3.54,50.5,0
P000997,M3,183.3,5.51,39.9,late,B5,1.1,2.17,44.2,0
P000998,M1,188.9,5.4,43.1,night,B4,3.3,2.48,56.1,0
P000999,M4,175.9,5.68,54.2,night,B3,5.3,3.53,52.2,0
P001000,M2,187.2,5.98,46.9,night,B4,3.1,2.93,49.9,0
P001001,M1,187.9,6.06,42.4,late,B1,3.4,1.2,52.1,0
P001002,M2,188.6,6.43,46.7,early,B2,6.7,2.45,36.9,0
P001003,M1,190.0,5.79,46.5,late,B4,9.0,1.76,44.0,0
P001004,M1,183.1,5.85,49.4,early,B1,12.0,2.71,39.7,0
P001005,M3,180.0,5.79,48.4,early,B5,8.5,2.26,51.1,0
P001006,M2,178.0,5.91,45.6,late,B1,2.7,3.23,39.8,0
P001007,M4,182.5,5.94,51.6,late,B4,1.9,2.78,48.7,0
P001008,M2,189.8,6.12,51.3,night,B4,2.7,3.02,46.7,0
P001009,M3,187.2,6.12,44.3,night,B5,5.4,1.75,52.8,0
P001010,M2,179.3,5.98,47.7,night,B4,2.9,2.98,38.4,0
P001011,M3,189.5,6.33,48.3,night,B3,2.2,2.91,51.6,0
P001012,M3,177.6,5.81,50.1,late,B4,9.7,1.65,39.4,0
P001013,M2,186.3,5.59,42.4,early,B2,2.8,2.61,40.3,0
P001014,M4,180.9,5.64,47.1,late,B3,5.1,2.66,46.9,0
P001015,M2,189.3,5.76,48.1,early,B5,5.0,2.79,57.6,0
P001016,M1,184.5,5.42,43.8,early,B1,0.7,2.95,41.3,0
P001017,M3,186.7,5.59,43.8,early,B2,9.3,2.63,33.8,0
P001018,M4,194.1,5.4,50.8,night,B1,1.4,2.68,40.4,0
P001019,M1,186.2,5.92,48.0,late,B3,1.0,2.67,44.9,0
P001020,M2,183.8,5.92,56.2,night,B4,2.6,3.09,63.0,1
P001021,M4,186.5,5.18,44.6,night,B1,1.9,2.52,51.1,0
P001022,M3,193.7,5.57,46.5,night,B3,8.4,2.14,42.0,1
P001023,M4,187.6,6.44,48.0,early,B3,4.5,2.95,46.9,0
P001024,M3,188.2,6.02,49.4,night,B4,2.4,1.97,60.6,0
P001025,M3,174.2,5.96,51.2,night,B2,1.0,2.27,46.1,0
P001026,M2,189.1,5.57,48.6,night,B1,4.9,2.23,46.2,0
P001027,M4,182.5,5.9,42.6,early,B1,3.0,2.83,44.8,0
P001028,M2,183.3,5.79,45.5,early,B3,5.4,3.3,53.6,0
P001029,M3,182.9,5.52,46.5,night,B3,4.5,1.88,43.8,0
P001030,M2,187.6,5.63,52.5,early,B5,2.0,2.68,55.0,0
P001031,M3,179.6,5.64,40.5,early,B3,5.8,2.08,56.5,0
P001032,M3,184.0,5.28,41.6,late,B1,1.3,2.78,52.9,0
P001033,M3,182.0,5.34,48.9,early,B4,2.9,2.94,46.2,0
P001034,M4,187.9,5.73,41.9,early,B1,3.2,2.28,36.8,0
P001035,M2,188.3,5.5,43.9,night,B2,3.6,1.36,46.2,0
P001036,M3,185.1,5.69,50.3,night,B4,1.2,2.82,42.7,0
P001037,M2,192.4,5.24,47.4,night,B2,8.1,2.77,41.8,0
P001038,M2,190.1,6.08,47.1,early,B3,2.0,2.77,46.1,0
P001039,M2,187.0,6.53,53.4,early,B3,0.8,3.18,51.8,0
P001040,M1,172.5,6.16,42.0,late,B5,4.6,2.14,43.0,0
P001041,M1,186.8,6.2,41.2,late,B2,11.9,2.02,37.0,0
P001042,M3,178.0,6.02,52.2,early,B5,0.7,2.14,40.3,0
P001043,M3,182.5,5.89,46.9,night,B4,1.6,2.52,61.5,0
P001044,M3,185.0,5.83,48.6,night,B4,6.7,2.7,52.4,0
P001045,M1,191.3,5.48,44.8,late,B1,3.8,3.03,40.3,0
P001046,M2,197.1,6.04,47.8,early,B1,1.3,2.93,58.3,0
P001047,M1,178.9,6.02,43.3,early,B4,3.2,2.23,46.1,0
P001048,M4,176.8,5.64,48.0,early,B3,10.1,2.9,66.2,0
P001049,M4,185.8,5.98,50.0,early,B2,8.7,2.06,50.1,0
P001050,M1,185.3,5.56,46.7,late,B5,12.0,2.94,52.5,0
P001051,M3,176.4,5.58,50.0,late,B2,6.0,2.4,54.7,0
P001052,M1,183.9,6.07,48.5,late,B3,2.5,2.2,59.9,0
P001053,M2,190.3,5.95,44.2,night,B4,6.7,2.31,44.5,0
P001054,M1,177.2,5.72,45.4,early,B5,2.1,2.58,59.2,0
P001055,M2,181.5,5.68,46.5,early,B5,3.4,2.62,43.0,0
P001056,M3,179.5,5.86,48.9,early,B4,2.1,2.26,45.1,0
P001057,M4,182.8,5.16,48.6,early,B1,6.0,1.75,48.1,0
P001058,M1,187.8,5.53,46.5,late,B1,5.6,2.1,55.4,0
P001059,M3,181.2,5.36,49.9,night,B4,2.3,2.04,45.4,0
P001060,M3,183.3,5.8,38.9,night,B3,7.7,2.49,61.2,0
P001061,M4,196.4,6.18,44.5,late,B1,9.3,2.38,58.6,0
P001062,M3,177.7,5.97,44.0,late,B4,2.6,1.11,48.3,0
P001063,M2,183.4,5.62,49.2,early,B5,5.0,2.56,40.3,0
P001064,M3,186.7,5.55,48.1,late,B1,9.7,1.65,56.0,0
P001065,M2,192.4,5.54,48.2,early,B5,4.7,2.28,31.2,1
P001066,M4,186.3,6.5,41.8,night,B2,2.9,2.95,53.9,0
P001067,M2,196.9,5.82,49.7,late,B2,3.5,1.99,41.4,0
P001068,M3,184.7,5.87,46.5,early,B4,2.5,2.43,58.1,0
P001069,M1,173.1,5.06,40.4,early,B2,7.8,2.07,36.9,0
P001070,M2,187.5,5.39,47.1,early,B1,7.2,2.43,42.7,0
P001071,M4,180.9,5.78,48.2,night,B5,12.0,2.06,51.5,0
P001072,M3,190.6,5.63,52.3,early,B2,2.1,2.44,52.8,0
P001073,M2,192.3,5.85,44.1,early,B1,2.4,2.94,43.0,0
P001074,M4,175.3,5.84,49.8,early,B4,1.1,1.72,45.3,0
P001075,M4,191.4,6.01,42.7,night,B2,5.4,3.02,55.6,0
P001076,M2,192.2,5.15,43.4,late,B4,1.5,2.22,56.1,1
P001077,M3,181.2,5.41,41.4,late,B1,12.0,2.47,45.2,0
P001078,M2,186.6,5.77,50.5,early,B3,1.9,2.22,43.1,0
P001079,M3,190.7,5.57,46.5,early,B3,0.6,2.09,37.0,0
P001080,M2,176.2,5.69,47.0,night,B5,1.4,2.17,50.0,0
P001081,M1,186.4,5.84,47.7,early,B3,4.6,2.06,54.5,0
P001082,M4,190.0,5.54,47.0,early,B5,3.5,2.41,49.2,0
P001083,M4,183.5,5.87,47.2,late,B2,1.9,1.98,40.6,0
P001084,M4,187.6,5.99,45.6,early,B3,3.4,2.64,62.3,0
P001085,M4,184.6,5.82,42.9,early,B5,2.3,2.7,31.2,0
P001086,M3,178.7,6.05,52.4,night,B1,5.3,3.52,55.0,0
P001087,M4,179.6,5.04,52.1,late,B5,1.5,2.92,49.7,0
P001088,M4,187.9,5.59,52.8,early,B4,4.1,3.03,51.7,0
P001089,M2,183.5,6.11,46.2,early,B4,4.2,1.95,41.7,0
P001090,M2,178.6,5.5,45.6,late,B2,3.6,1.87,46.8,0
P001091,M1,184.7,5.45,44.4,early,B5,4.9,2.17,50.3,0
P001092,M3,180.2,5.76,50.1,early,B5,3.3,3.1,47.3,0
P001093,M2,180.4,5.79,48.2,late,B2,6.0,3.86,33.6,0
P001094,M2,187.4,5.61,46.1,late,B3,3.6,2.44,61.7,0
P001095,M3,187.2,6.45,47.4,night,B1,8.1,2.04,53.2,0
P001096,M2,187.1,5.9,45.4,early,B2,4.1,2.99,48.3,1
P001097,M1,178.1,5.48,40.8,early,B1,7.7,2.21,48.8,0
P001098,M4,186.6,5.3,47.3,late,B3,2.4,2.42,61.5,0
P001099,M4,189.7,5.94,44.8,late,B3,1.7,2.79,42.1,0
P001100,M1,196.2,5.48,45.9,early,B3,5.9,3.52,40.3,0
P001101,M1,191.9,6.55,35.8,late,B4,3.6,2.89,54.8,0
P001102,M2,181.5,5.95,44.8,early,B5,0.4,3.59,51.7,0
P001103,M4,188.7,6.0,46.6,night,B1,2.0,1.67,39.9,0
P001104,M4,185.4,5.89,41.0,night,B2,4.6,2.98,56.7,0
P001105,M1,177.7,6.19,40.4,late,B2,3.4,1.87,50.4,0
P001106,M4,185.6,4.96,46.9,night,B5,2.0,3.25,40.8,0
P001107,M1,194.6,5.38,48.7,night,B1,3.6,2.91,51.9,0
P001108,M2,193.6,6.16,44.8,early,B1,4.0,3.02,50.7,0
P001109,M4,178.4,6.33,45.8,early,B1,0.8,2.17,47.3,0
P001110,M1,184.1,5.37,45.1,late,B4,7.6,2.08,51.1,0
P001111,M1,186.7,5.16,40.1,early,B3,8.7,2.12,53.0,0
P001112,M2,177.5,5.86,52.7,early,B5,2.0,3.09,55.3,0
P001113,M3,173.7,5.97,45.3,early,B2,11.7,2.48,48.9,0
P001114,M4,184.9,5.85,46.1,night,B2,3.4,3.14,45.8,0
P001115,M4,184.9,5.78,48.2,late,B3,2.2,3.22,49.9,1
P001116,M1,173.9,5.15,40.1,night,B1,2.2,1.92,57.5,0
P001117,M1,186.1,5.67,49.5,early,B5,11.2,2.51,53.0,0
P001118,M4,190.0,5.72,50.8,early,B5,1.5,2.71,45.4,0
P001119,M2,185.8,5.61,48.7,night,B1,4.1,2.71,48.4,0
P001120,M4,184.3,5.13,48.6,early,B5,4.4,2.92,61.3,0
P001121,M3,186.1,6.0,44.8,early,B3,6.0,2.52,54.0,0
P001122,M1,186.4,6.1,49.3,early,B2,3.9,2.04,49.2,0
P001123,M4,174.8,5.52,43.7,late,B5,10.7,2.44,57.1,0
P001124,M1,179.0,5.73,45.9,early,B3,12.0,2.14,43.7,0
P001125,M2,184.8,5.63,48.3,early,B2,9.1,2.42,50.6,1
P001126,M3,178.3,5.63,45.9,early,B5,4.8,2.26,63.0,1
P001127,M3,191.1,5.97,50.1,early,B4,6.8,1.72,53.2,0
P001128,M3,186.5,5.98,54.3,early,B1,2.9,2.51,61.0,0
P001129,M3,176.9,6.18,45.6,late,B4,7.8,2.93,47.3,0
P001130,M4,182.8,6.17,48.6,early,B4,2.3,2.52,44.2,0
P001131,M4,190.2,5.74,43.8,early,B2,1.8,2.93,57.3,0
P001132,M3,179.4,6.79,49.9,late,B3,1.7,2.37,33.4,0
P001133,M1,188.7,6.34,44.0,late,B5,5.4,1.84,49.4,1
P001134,M3,190.6,5.57,58.0,early,B1,9.8,3.2,56.2,1
P001135,M4,190.7,5.84,40.5,early,B4,10.4,1.41,52.5,0
P001136,M2,188.0,5.1,56.4,early,B5,0.5,2.75,31.2,0
P001137,M2,193.9,5.81,52.0,night,B5,7.1,2.4,37.2,1
P001138,M2,184.1,6.39,43.9,early,B2,1.7,3.46,47.1,0
P001139,M1,197.7,6.77,54.8,early,B2,12.0,2.4,51.8,1
P001140,M3,184.3,5.76,42.5,late,B5,1.2,3.45,52.1,0
P001141,M2,193.3,5.92,47.0,early,B3,0.8,2.77,48.0,0
P001142,M4,182.0,6.01,41.9,early,B3,7.2,2.16,53.8,0
P001143,M4,186.7,6.49,46.2,early,B3,2.8,1.73,51.5,0
P001144,M4,187.0,5.46,46.6,late,B3,2.7,3.0,47.0,0
P001145,M2,181.9,6.73,51.4,late,B4,2.0,2.37,52.3,1
P001146,M2,181.7,5.69,57.5,late,B3,2.3,2.56,42.8,0
P001147,M3,181.9,5.39,44.1,night,B2,7.4,2.85,53.1,0
P001148,M4,190.1,5.69,36.3,early,B3,1.7,2.97,41.2,0
P001149,M2,176.9,5.52,50.7,night,B4,3.3,2.48,51.9,1
P001150,M4,182.0,5.95,44.7,late,B5,1.6,2.3,51.7,0
P001151,M1,191.2,5.22,52.9,night,B3,4.0,1.51,45.6,0
P001152,M4,177.2,5.85,46.7,late,B4,2.6,1.58,53.1,0
P001153,M1,190.9,6.03,43.1,early,B3,5.1,2.64,60.3,0
P001154,M1,177.8,6.32,42.2,early,B4,5.6,2.69,39.8,0
P001155,M3,178.0,6.04,48.4,late,B2,10.0,2.46,55.6,0
P001156,M1,183.2,6.3,45.0,early,B3,12.0,2.38,56.7,0
P001157,M1,194.3,5.59,51.6,late,B1,2.2,1.98,46.3,0
P001158,M1,180.5,5.94,45.2,early,B2,6.0,2.96,54.4,0
P001159,M2,177.5,5.02,53.6,early,B4,2.6,1.95,46.0,0
P001160,M4,176.3,5.76,41.6,night,B1,5.5,2.29,58.0,0
P001161,M1,189.1,5.94,39.4,late,B2,5.3,2.37,26.1,0
P001162,M3,175.5,5.97,49.2,late,B4,5.2,2.3,59.6,0
P001163,M4,190.5,5.25,45.0,early,B5,6.3,2.5,39.1,0
P001164,M1,184.4,5.66,45.0,late,B3,4.2,2.07,48.7,0
P001165,M1,183.8,5.71,42.2,night,B3,2.8,2.54,41.5,0
P001166,M4,185.6,5.65,42.7,late,B3,4.0,1.95,60.0,0
P001167,M4,179.6,6.05,49.2,late,B4,12.0,2.44,46.2,0
P001168,M3,183.8,5.72,45.9,late,B3,2.4,2.49,43.7,0
P001169,M4,177.4,5.83,42.8,early,B1,3.0,2.35,57.0,0
P001170,M1,191.4,5.63,49.0,late,B3,2.1,2.3,53.9,0
P001171,M2,181.3,6.17,52.7,night,B2,0.7,2.85,45.3,1
P001172,M3,185.4,6.2,45.6,late,B4,3.5,1.51,40.1,0
P001173,M2,181.3,5.69,52.0,early,B1,5.7,2.0,39.0,0
P001174,M4,181.1,6.8,43.0,late,B4,1.8,2.56,58.2,0
P001175,M3,180.9,5.53,48.2,late,B1,9.0,2.03,51.4,0
P001176,M4,200.4,6.15,47.4,night,B5,5.0,2.25,49.4,0
P001177,M2,186.9,5.47,45.2,late,B4,7.4,3.01,51.9,0
P001178,M2,182.5,6.07,56.0,early,B1,4.7,2.31,32.4,0
P001179,M1,181.6,6.04,46.9,early,B5,3.3,1.21,45.4,0
P001180,M1,175.7,5.45,43.8,late,B3,2.8,3.05,45.6,0
P001181,M4,183.1,5.75,46.9,early,B4,4.6,3.04,55.9,0
P001182,M1,194.2,6.45,42.7,late,B1,4.8,2.84,36.2,0
P001183,M1,185.8,5.51,41.6,night,B1,2.5,1.8,56.4,0
P001184,M1,189.0,5.94,44.3,late,B5,3.2,2.27,62.4,0
P001185,M1,179.0,5.92,44.5,early,B3,12.0,1.73,34.2,0
P001186,M4,182.9,5.79,43.7,late,B4,4.1,2.47,48.1,0
P001187,M2,188.1,5.19,53.0,late,B5,4.4,2.59,52.0,0
P001188,M4,180.0,6.09,43.9,early,B3,10.2,2.01,55.0,0
P001189,M1,186.2,5.8,42.5,late,B2,4.9,2.53,30.7,0
P001190,M3,186.4,6.19,41.5,late,B5,3.7,2.18,50.7,0
P001191,M2,190.0,5.88,43.3,night,B1,7.3,3.53,46.3,0
P001192,M2,186.2,5.82,52.1,early,B3,6.2,2.79,45.7,0
P001193,M4,190.0,5.93,47.8,early,B5,4.4,1.35,64.6,1
P001194,M4,182.6,5.45,49.4,late,B2,4.7,1.68,46.3,0
P001195,M4,182.1,6.35,50.7,early,B2,3.0,3.44,51.6,0
P001196,M1,191.9,5.67,44.7,late,B3,1.5,2.14,47.0,0
P001197,M1,177.9,5.67,51.6,night,B1,5.6,2.41,49.9,0
P001198,M3,173.6,6.25,43.6,early,B1,1.0,2.3,52.4,0
P001199,M2,182.2,5.89,44.0,late,B2,1.5,3.39,55.1,0
P001200,M3,185.1,5.72,47.4,night,B5,3.2,1.44,41.8,0
P001201,M3,190.1,5.94,46.5,late,B2,3.0,2.9,49.2,0
P001202,M3,179.4,6.02,46.5,late,B4,6.0,2.87,49.5,0
P001203,M4,194.0,5.76,50.7,late,B3,7.1,2.5,34.8,0
P001204,M3,183.1,6.12,46.4,early,B4,12.0,2.49,40.4,0
P001205,M1,183.4,5.36,47.2,early,B2,0.9,2.13,55.1,0
P001206,M1,179.3,5.89,51.2,late,B5,5.2,1.54,44.3,0
P001207,M3,193.7,6.08,47.0,early,B2,5.0,2.56,68.9,0
P001208,M2,186.2,6.02,50.1,early,B4,4.6,2.86,55.7,0
P001209,M2,179.7,5.02,42.8,early,B5,5.6,2.87,51.6,0
P001210,M2,200.5,5.76,62.3,night,B3,6.4,2.97,60.1,1
P001211,M4,186.2,5.38,40.8,early,B4,9.2,2.23,54.2,0
P001212,M4,188.4,6.25,44.8,late,B1,4.7,3.17,49.5,0
P001213,M3,192.2,5.66,43.8,early,B3,11.0,2.3,36.7,0
P001214,M2,190.4,6.21,56.2,late,B2,4.7,2.99,53.3,0
P001215,M2,192.4,5.37,45.9,early,B5,2.7,2.63,59.2,0
P001216,M3,183.3,5.94,47.7,early,B5,4.4,2.77,43.3,0
P001217,M2,191.0,5.8,46.1,late,B4,1.9,2.8,33.4,0
P001218,M3,182.8,6.77,42.0,late,B5,2.0,2.26,39.4,0
P001219,M3,182.9,6.21,48.2,early,B5,3.4,2.84,62.1,1
P001220,M1,184.7,6.19,43.3,late,B4,3.1,1.52,48.6,0
P001221,M1,181.8,6.51,46.8,late,B3,9.0,2.17,59.7,0
P001222,M1,186.8,5.9,48.4,early,B2,3.4,2.02,48.2,0
P001223,M4,186.8,5.77,54.0,late,B5,1.7,2.67,44.0,0
P001224,M3,187.5,5.73,41.2,early,B1,3.9,2.44,65.1,0
P001225,M1,187.5,5.91,45.4,late,B1,4.7,2.29,45.0,0
P001226,M4,195.0,4.83,46.4,early,B5,4.2,2.18,46.0,0
P001227,M2,192.8,5.8,48.2,late,B1,1.6,2.74,51.7,0
P001228,M2,185.9,5.88,58.0,early,B1,9.6,2.9,45.7,0
P001229,M4,186.5,5.75,46.1,late,B3,0.8,2.42,54.2,0
P001230,M1,191.8,5.26,36.4,late,B3,4.1,2.8,51.6,0
P001231,M1,178.8,5.75,45.2,night,B1,1.6,2.58,51.9,0
P001232,M3,194.1,5.26,45.6,late,B2,7.6,2.31,43.1,0
P001233,M1,179.7,6.42,45.1,night,B2,5.2,1.24,34.7,0
P001234,M3,188.0,5.71,43.3,early,B2,4.7,2.2,41.3,0
P001235,M1,184.0,5.08,41.0,early,B1,3.2,2.58,42.0,0
P001236,M1,183.7,5.73,54.2,early,B4,9.1,2.17,50.3,1
P001237,M1,176.8,6.11,47.2,late,B3,3.2,2.44,41.5,0
P001238,M2,192.0,5.86,47.5,late,B5,11.6,2.65,36.3,1
P001239,M1,176.9,5.48,54.1,night,B1,2.0,2.4,38.8,1
P001240,M1,176.1,5.56,42.7,late,B4,3.9,2.93,51.1,0
P001241,M4,190.4,5.7,49.1,late,B5,6.3,2.85,53.5,0
P001242,M2,196.8,5.65,43.5,early,B3,5.4,2.17,43.9,0
P001243,M2,183.3,5.36,51.1,early,B4,3.7,2.0,44.8,0
P001244,M1,189.5,5.78,41.7,night,B3,0.9,2.5,52.9,0
P001245,M2,191.4,5.33,50.0,early,B3,4.3,3.28,49.3,0
P001246,M2,186.5,6.13,55.6,early,B5,2.9,2.0,57.5,0
P001247,M3,190.3,6.17,46.4,night,B3,2.4,2.21,46.7,0
P001248,M1,183.1,5.45,37.7,night,B3,6.6,3.37,41.3,0
P001249,M4,186.8,5.55,46.9,late,B5,0.7,2.38,56.7,0
P001250,M4,177.1,5.65,48.6,early,B3,3.8,3.64,45.5,0
P001251,M1,177.3,5.79,49.4,night,B1,0.2,1.93,41.7,0
P001252,M1,190.4,5.89,51.6,early,B4,5.5,2.01,55.1,0
P001253,M1,187.0,5.96,51.8,late,B4,6.6,1.98,59.6,0
P001254,M3,182.2,5.95,45.5,early,B2,4.3,1.72,49.5,0
P001255,M1,194.5,6.34,43.5,night,B4,2.7,1.54,40.0,1
P001256,M4,194.4,5.82,42.5,night,B1,9.0,2.4,60.3,0
P001257,M4,186.4,5.34,44.7,late,B2,9.4,2.57,51.0,0
P001258,M4,176.0,5.24,48.6,early,B5,4.9,2.18,49.8,0
P001259,M3,182.4,6.37,40.9,late,B4,10.3,2.09,44.8,0
P001260,M4,179.4,5.98,43.3,early,B4,2.0,3.15,57.0,0
P001261,M1,184.5,5.87,48.1,night,B4,3.5,2.74,39.1,0
P001262,M2,181.9,5.96,45.7,early,B1,0.4,2.63,38.4,0
P001263,M2,180.4,5.86,49.6,early,B5,1.5,2.94,63.2,0
P001264,M4,171.6,5.95,43.7,late,B2,1.4,1.76,41.1,0
P001265,M3,183.9,5.67,47.1,late,B4,5.5,2.42,55.7,0
P001266,M4,171.4,6.17,43.9,night,B5,1.6,2.47,59.0,0
P001267,M1,182.2,5.62,38.8,early,B2,0.7,2.13,49.7,0
P001268,M4,187.8,5.48,50.4,night,B4,2.3,2.51,41.0,0
P001269,M2,183.0,5.21,45.6,early,B1,2.5,2.69,53.0,0
P001270,M2,181.0,5.72,47.3,early,B4,1.2,2.16,59.1,0
P001271,M4,183.6,6.24,44.2,late,B3,4.1,3.26,50.7,0
P001272,M2,182.4,5.64,50.3,early,B1,4.6,3.18,42.0,0
P001273,M2,188.0,5.32,49.5,late,B4,1.0,2.58,50.4,0
P001274,M3,177.3,5.9,48.1,early,B5,6.0,1.51,36.9,0
P001275,M1,183.4,5.57,43.9,early,B1,1.8,1.19,40.2,0
P001276,M2,185.1,6.34,48.0,late,B5,2.5,3.65,45.9,1
P001277,M1,183.9,6.18,47.6,early,B5,5.2,2.22,48.5,0
P001278,M1,193.0,5.36,51.9,late,B3,2.5,2.64,38.4,0
P001279,M4,185.1,5.74,48.0,late,B5,1.5,2.07,50.0,0
P001280,M3,185.8,5.54,42.2,early,B2,3.9,2.16,52.2,0
P001281,M2,183.6,5.39,49.2,night,B4,7.6,2.63,46.3,0
P001282,M2,188.2,5.78,47.6,early,B4,7.0,2.86,30.7,0
P001283,M2,185.5,6.09,40.6,early,B3,2.3,2.79,48.8,0
P001284,M3,183.2,5.77,39.0,early,B5,1.7,1.88,62.5,0
P001285,M4,187.6,5.62,46.5,night,B5,2.0,2.08,51.7,0
P001286,M4,181.2,5.03,46.9,late,B4,7.1,2.46,48.1,0
P001287,M2,184.8,5.57,47.1,late,B3,2.0,1.96,45.0,0
P001288,M2,184.3,5.99,51.6,night,B5,10.0,2.38,52.6,0
P001289,M2,184.2,5.33,44.6,early,B3,5.2,2.68,49.7,0
P001290,M3,184.0,6.25,40.7,night,B4,3.6,2.48,53.7,0
P001291,M2,185.0,5.6,45.1,late,B1,2.3,3.43,39.2,0
P001292,M3,191.2,5.87,43.7,night,B2,3.9,2.09,49.0,0
P001293,M3,197.7,5.66,45.8,night,B5,1.5,2.32,44.3,0
P001294,M2,183.9,5.39,45.2,night,B3,1.0,1.91,51.0,0
P001295,M2,188.6,5.95,40.1,early,B3,5.2,2.9,32.4,0
P001296,M2,192.7,5.59,38.4,night,B5,3.6,2.34,44.9,0
P001297,M1,182.5,5.51,46.5,night,B2,6.2,2.16,52.3,0
P001298,M1,178.5,4.97,41.7,late,B2,4.5,2.51,53.6,0
P001299,M3,192.6,6.26,38.4,early,B1,2.2,2.53,47.8,0
P001300,M2,190.8,5.8,50.6,night,B2,7.0,2.1,30.7,0
P001301,M1,185.8,6.19,51.9,early,B3,2.5,2.66,53.1,0
P001302,M3,191.0,6.02,45.6,late,B4,8.3,2.28,60.7,1
P001303,M4,188.2,6.19,47.8,late,B2,2.4,3.07,41.3,0
P001304,M2,186.7,5.6,49.3,early,B3,1.2,3.41,44.6,0
P001305,M4,178.6,5.32,38.0,late,B2,9.3,3.22,54.5,0
P001306,M4,181.3,6.07,50.2,early,B5,2.3,1.86,54.7,0
P001307,M3,189.6,5.85,50.7,late,B3,2.5,2.48,56.8,0
P001308,M3,186.8,5.64,53.0,night,B1,1.2,1.59,56.1,0
P001309,M1,183.0,6.06,44.3,early,B4,3.4,2.89,35.7,0
P001310,M4,193.7,5.91,42.5,late,B2,1.4,3.15,44.2,0
P001311,M2,186.1,6.02,53.4,early,B5,9.0,3.19,53.0,0
P001312,M4,189.4,5.44,48.7,night,B2,2.8,2.31,47.3,0
P001313,M3,184.2,6.14,49.3,night,B5,1.8,2.54,50.9,0
P001314,M1,194.6,5.8,43.5,early,B4,3.8,2.05,47.0,0
P001315,M1,188.1,6.18,47.0,late,B1,12.0,2.31,44.5,0
P001316,M3,183.3,6.14,42.0,late,B4,3.9,2.26,46.1,0
P001317,M3,182.0,6.04,46.0,late,B4,3.1,1.4,39.0,0
P001318,M1,183.9,5.76,44.7,late,B3,3.7,1.94,42.2,0
P001319,M3,179.0,6.05,54.9,late,B1,6.4,3.32,47.5,0
P001320,M4,176.5,6.19,48.9,late,B3,6.0,2.46,47.6,0
P001321,M2,188.7,6.01,40.0,early,B4,4.4,2.82,52.5,0
P001322,M2,184.1,5.87,48.2,early,B1,7.2,2.75,45.7,0
P001323,M1,181.1,6.05,47.4,night,B2,3.9,2.12,61.4,0
P001324,M4,183.5,5.62,45.0,early,B4,3.2,2.52,57.8,0
P001325,M2,187.3,6.33,44.0,late,B3,3.8,2.57,44.0,0
P001326,M4,184.0,5.21,49.3,early,B5,2.4,1.47,49.6,0
P001327,M2,196.6,5.81,44.5,night,B2,6.5,3.1,57.7,1
P001328,M3,186.6,5.66,48.2,late,B4,2.3,3.03,42.9,0
P001329,M2,198.6,5.58,44.2,late,B3,0.6,2.23,42.0,0
P001330,M1,181.6,5.91,44.0,early,B2,1.0,2.11,58.4,0
P001331,M4,188.3,5.41,50.4,late,B5,4.7,3.17,53.5,0
P001332,M2,184.9,6.55,50.1,night,B4,2.0,2.4,56.6,0
P001333,M3,179.9,5.33,46.1,late,B3,6.1,2.47,50.5,0
P001334,M4,195.8,5.47,46.7,late,B2,3.6,4.45,46.0,0
P001335,M4,179.8,5.43,47.1,late,B5,6.5,2.78,37.3,0
P001336,M4,171.7,5.87,43.8,early,B1,0.6,2.53,49.1,0
P001337,M1,180.1,6.16,40.2,late,B1,2.3,2.7,57.9,0
P001338,M3,172.0,5.98,48.2,early,B1,1.7,2.65,58.0,0
P001339,M4,178.8,6.32,52.6,early,B4,12.0,2.2,56.6,0
P001340,M2,182.3,5.51,50.5,late,B1,2.6,1.97,54.3,0
P001341,M1,184.2,6.03,47.0,night,B4,1.0,2.57,65.7,0
P001342,M4,172.7,5.69,42.2,night,B1,4.7,2.83,35.6,0
P001343,M2,193.6,5.88,51.5,night,B4,1.6,2.62,49.8,0
P001344,M3,172.7,6.19,47.8,late,B4,6.9,3.04,40.5,1
P001345,M4,183.3,5.21,49.7,early,B5,7.7,3.15,60.4,0
P001346,M3,181.2,6.5,49.9,late,B2,1.7,2.65,43.6,0
P001347,M2,191.5,5.75,54.2,night,B1,2.1,2.62,56.1,0
P001348,M2,188.9,5.24,44.0,late,B4,4.4,1.81,44.4,0
P001349,M2,193.5,5.56,43.3,late,B3,7.0,2.67,51.4,0
P001350,M1,182.0,5.84,46.6,late,B5,4.7,1.47,47.1,0
P001351,M4,181.4,5.56,43.3,night,B1,2.6,1.44,47.9,0
P001352,M4,186.3,5.08,42.6,night,B3,1.2,2.79,50.7,0
P001353,M2,192.7,5.83,52.8,night,B1,10.6,3.28,55.4,0
P001354,M2,191.5,5.55,44.4,late,B3,4.8,1.87,47.1,0
P001355,M4,185.8,6.03,46.8,early,B1,12.0,2.38,55.1,0
P001356,M1,185.3,5.43,39.8,late,B4,5.3,2.29,56.3,0
P001357,M3,182.8,6.59,46.2,early,B4,11.0,2.17,44.7,0
P001358,M2,189.3,5.98,52.7,night,B1,1.9,2.13,63.1,0
P001359,M3,194.2,5.87,50.6,late,B3,2.0,2.9,54.0,0
P001360,M1,182.7,6.02,50.0,late,B3,3.2,1.69,44.5,0
P001361,M3,181.0,5.16,45.7,early,B4,1.8,1.42,52.9,0
P001362,M2,184.6,5.63,52.4,late,B3,0.8,2.13,56.3,0
P001363,M3,185.1,6.42,47.6,late,B3,2.2,2.52,52.7,0
P001364,M1,172.3,5.69,44.3,early,B5,5.2,2.18,49.6,0
P001365,M2,186.3,5.78,49.7,night,B3,1.3,2.4,25.0,0
P001366,M3,187.8,5.64,49.4,early,B5,1.4,2.54,40.3,0
P001367,M1,181.1,6.31,41.0,late,B5,2.3,2.45,53.4,0
P001368,M1,185.0,5.71,42.0,early,B5,1.6,1.26,40.1,1
P001369,M1,195.6,5.36,45.5,late,B5,2.4,2.53,52.1,0
P001370,M2,188.8,6.7,43.6,late,B4,3.3,3.28,55.1,0
P001371,M1,171.7,5.32,41.3,night,B3,1.4,2.24,47.1,0
P001372,M4,176.2,5.77,45.2,early,B3,2.4,2.39,33.9,0
P001373,M2,185.6,5.51,52.0,night,B2,3.6,3.6,42.1,0
P001374,M4,179.6,5.55,50.5,late,B5,1.9,2.18,53.5,0
P001375,M4,184.6,5.43,48.0,early,B4,1.2,2.43,58.1,0
P001376,M1,182.4,5.61,46.7,early,B5,2.0,2.45,31.3,0
P001377,M3,189.4,6.14,53.9,early,B4,2.7,2.32,48.6,0
P001378,M4,178.0,5.13,44.8,night,B3,0.8,2.38,36.3,0
P001379,M3,181.9,6.24,46.9,early,B2,5.3,2.34,48.7,0
P001380,M2,188.2,6.18,46.0,late,B5,2.8,3.46,46.7,0
P001381,M2,188.9,5.98,43.3,late,B4,2.0,3.11,66.9,0
P001382,M1,184.8,5.84,50.5,night,B5,0.9,2.27,43.7,0
P001383,M3,169.7,5.9,44.8,late,B3,4.8,1.91,56.4,0
P001384,M4,184.5,6.3,49.4,night,B3,7.7,2.17,56.1,0
P001385,M4,183.2,5.19,45.9,early,B1,2.3,2.93,46.4,0
P001386,M1,188.8,6.05,50.7,night,B1,11.4,1.58,49.0,0
P001387,M3,187.0,5.54,42.2,early,B4,3.4,3.38,48.0,1
P001388,M2,188.3,6.09,52.6,early,B2,3.5,2.74,42.0,0
P001389,M4,185.7,5.59,50.2,night,B1,6.3,1.88,41.4,0
P001390,M1,191.4,6.05,39.2,early,B4,5.0,2.38,44.7,0
P001391,M4,190.3,5.26,44.8,early,B4,1.3,2.14,38.9,0
P001392,M4,185.5,5.21,50.7,late,B1,2.2,2.31,44.0,0
P001393,M1,195.8,5.76,52.2,early,B3,7.0,1.62,46.4,0
P001394,M1,180.5,6.3,48.7,early,B3,5.1,2.19,49.3,0
P001395,M4,177.5,5.99,45.3,late,B1,11.4,1.54,51.5,0
P001396,M1,183.9,5.99,42.3,night,B4,4.5,2.03,46.4,0
P001397,M3,180.9,6.1,48.2,night,B2,5.2,1.93,41.8,0
P001398,M4,170.4,5.66,45.2,early,B5,2.0,2.27,51.4,1
P001399,M3,179.4,6.01,44.5,late,B1,7.6,1.96,54.3,0
P001400,M2,188.9,5.6,47.3,night,B5,0.4,2.77,44.1,0
P001401,M2,186.7,5.69,51.6,early,B1,4.0,3.15,40.1,0
P001402,M1,179.7,5.73,52.9,early,B4,5.3,2.46,44.4,1
P001403,M4,184.2,5.61,50.7,early,B4,4.3,3.08,46.5,0
P001404,M2,187.7,5.78,48.2,late,B3,3.5,2.53,57.2,0
P001405,M1,187.9,5.71,42.6,early,B2,3.2,2.45,53.6,0
P001406,M2,183.5,5.55,50.7,late,B1,3.6,2.91,48.0,0
P001407,M4,188.8,5.75,53.1,night,B2,1.5,3.02,63.2,1
P001408,M1,178.0,5.85,49.8,early,B4,4.3,1.97,47.7,0
P001409,M4,181.2,5.42,47.6,late,B4,2.0,2.85,59.3,0
P001410,M3,192.3,5.95,44.1,early,B1,2.3,1.91,57.8,0
P001411,M4,178.4,5.63,48.1,early,B1,1.3,2.24,57.2,0
P001412,M4,180.4,5.87,51.2,night,B3,12.0,2.34,50.6,0
P001413,M4,177.1,5.57,47.7,late,B3,4.1,2.7,48.9,0
P001414,M4,179.5,6.17,46.4,night,B5,1.1,2.01,48.0,0
P001415,M1,184.8,6.13,43.4,late,B4,3.8,1.87,54.8,0
P001416,M4,187.9,5.43,56.6,early,B3,7.6,2.21,41.7,0
P001417,M3,182.9,5.98,42.6,late,B3,4.3,2.32,45.9,0
P001418,M3,181.2,6.31,42.3,early,B4,3.4,1.88,61.3,1
P001419,M4,177.2,5.47,47.4,night,B3,1.9,2.62,53.0,0
P001420,M4,180.0,5.5,46.0,late,B4,4.3,2.34,55.6,1
P001421,M3,174.5,6.06,49.9,early,B1,5.9,2.6,38.2,0
P001422,M2,191.1,5.34,52.2,late,B5,5.9,2.78,44.5,0
P001423,M2,191.4,5.53,43.6,late,B5,4.0,3.54,50.7,0
P001424,M2,186.8,5.44,45.3,night,B3,4.0,2.8,47.7,0
P001425,M2,189.4,6.06,44.9,early,B3,8.4,2.2,38.2,0
P001426,M2,191.8,5.56,51.2,early,B3,7.9,2.65,54.1,0
P001427,M1,184.6,5.7,47.6,early,B5,3.0,2.31,56.6,0
P001428,M1,191.7,5.54,44.6,early,B1,10.8,1.89,45.7,0
P001429,M4,178.4,6.2,47.6,late,B2,1.1,3.18,54.4,0
P001430,M2,185.1,5.5,43.9,early,B4,4.1,2.61,64.2,0
P001431,M4,181.4,5.31,44.0,late,B4,4.4,2.21,60.2,0
P001432,M3,186.6,5.29,41.1,late,B2,1.8,2.38,46.1,0
P001433,M1,176.1,6.04,46.6,early,B1,0.9,1.89,39.2,0
P001434,M1,192.0,6.07,46.5,night,B3,1.8,2.73,49.8,0
P001435,M1,187.1,6.24,42.3,late,B4,6.7,2.64,66.8,0
P001436,M4,193.6,5.36,48.4,early,B4,6.8,2.56,58.7,0
P001437,M1,183.8,5.72,50.0,late,B1,5.7,2.57,48.0,0
P001438,M3,180.0,6.65,42.1,early,B1,2.0,2.08,60.5,0
P001439,M4,187.6,5.69,45.6,night,B2,6.9,1.82,57.3,0
P001440,M4,189.7,5.6,48.8,late,B3,2.1,2.35,32.8,0
P001441,M1,180.1,5.79,46.0,late,B1,4.3,2.07,56.5,0
P001442,M1,173.0,5.99,40.8,night,B1,3.5,1.38,49.0,0
P001443,M1,174.0,5.98,44.3,night,B3,2.6,1.82,41.1,0
P001444,M1,185.4,5.58,44.2,night,B2,5.5,1.75,48.7,0
P001445,M1,192.5,5.6,45.4,early,B4,6.2,1.83,51.3,0
P001446,M3,175.8,5.7,45.5,early,B1,1.9,2.9,41.6,0
P001447,M4,182.5,5.54,52.8,late,B5,3.7,2.73,47.0,0
P001448,M3,181.1,5.37,45.2,late,B1,6.0,2.73,45.4,0
P001449,M3,193.6,6.43,39.5,late,B3,0.2,2.53,54.4,0
P001450,M1,196.4,5.66,46.3,night,B5,4.7,2.79,45.6,0
P001451,M4,186.3,5.68,53.4,early,B4,6.1,2.51,34.4,0
P001452,M3,187.9,5.69,45.4,early,B5,4.9,2.98,44.4,0
P001453,M4,188.8,5.77,45.1,late,B1,5.0,1.95,40.4,0
P001454,M4,177.0,5.95,45.6,early,B4,3.4,2.47,37.6,0
P001455,M2,190.8,5.64,50.4,late,B1,5.8,2.29,57.4,0
P001456,M1,178.4,6.2,44.8,late,B4,1.3,2.86,54.4,0
P001457,M1,183.1,6.01,40.2,late,B2,1.8,2.49,40.3,0
P001458,M2,193.3,5.73,45.6,late,B4,5.0,3.28,37.8,0
P001459,M4,184.4,5.57,46.6,late,B1,5.8,1.87,47.2,0
P001460,M2,193.1,6.18,50.2,late,B5,7.6,2.48,37.4,0
P001461,M4,191.1,5.74,44.6,early,B3,9.8,1.7,46.1,0
P001462,M3,173.3,5.37,44.9,late,B3,2.0,2.46,48.6,0
P001463,M1,172.0,6.16,46.2,late,B3,1.5,2.11,50.4,0
P001464,M2,193.4,5.55,45.2,early,B1,6.6,3.09,50.7,0
P001465,M3,189.6,6.1,45.7,late,B2,2.6,2.31,41.8,0
P001466,M3,184.4,4.92,47.8,night,B4,3.5,1.34,48.6,0
P001467,M2,189.2,5.67,43.7,early,B5,6.1,2.0,58.2,0
P001468,M1,188.9,6.21,47.2,late,B5,4.1,2.34,31.2,0
P001469,M3,187.8,5.8,41.9,night,B3,5.7,2.51,50.6,0
P001470,M1,182.3,6.01,41.9,night,B2,1.9,1.3,38.6,0
P001471,M4,189.3,5.48,44.3,late,B3,4.5,2.46,59.2,0
P001472,M1,182.1,5.92,51.2,late,B3,4.4,1.84,54.5,0
P001473,M1,185.3,5.8,39.5,night,B2,7.5,1.8,54.3,0
P001474,M2,188.1,5.89,46.4,late,B2,8.7,2.46,41.2,0
P001475,M3,178.3,6.51,45.9,early,B5,2.5,2.36,50.1,0
P001476,M3,178.9,6.26,50.4,early,B2,1.6,1.98,51.0,0
P001477,M2,199.3,6.08,55.6,night,B1,5.9,1.86,29.0,0
P001478,M4,179.1,6.08,45.2,late,B4,0.8,2.55,49.2,0
P001479,M2,189.0,5.48,50.2,early,B4,6.2,2.59,52.9,0
P001480,M2,190.2,5.64,47.8,early,B2,6.5,2.33,36.7,0
P001481,M2,186.7,5.26,47.8,night,B4,2.4,2.61,52.8,0
P001482,M1,187.7,5.36,47.0,late,B5,0.3,2.14,48.8,0
P001483,M3,184.8,5.49,40.0,night,B5,7.0,2.32,59.1,0
P001484,M1,179.2,5.79,45.8,late,B4,9.0,2.19,44.7,1
P001485,M3,186.0,5.37,47.7,night,B3,8.6,2.37,49.4,0
P001486,M1,181.0,5.79,42.7,night,B1,8.8,2.28,50.7,0
P001487,M4,193.6,5.75,48.5,early,B3,1.2,2.87,25.5,0
P001488,M2,189.4,5.4,41.6,late,B5,3.8,3.46,45.2,0
P001489,M4,180.1,6.33,47.2,early,B5,4.4,2.49,48.7,0
P001490,M2,188.9,5.34,53.3,night,B4,3.9,2.47,29.1,0
P001491,M1,178.9,6.19,45.2,early,B5,5.7,1.65,53.4,0
P001492,M4,185.4,5.01,43.1,late,B3,1.5,2.79,48.7,0
P001493,M3,181.8,5.75,40.6,night,B1,0.8,1.89,48.6,0
P001494,M4,179.5,5.38,48.3,early,B3,0.6,3.56,53.8,0
P001495,M2,182.4,5.57,51.7,night,B2,7.1,4.0,44.7,0
P001496,M3,196.4,6.43,45.8,early,B5,1.2,2.2,48.3,0
P001497,M4,184.5,5.68,45.0,late,B4,3.9,1.75,54.9,0
P001498,M3,180.6,5.41,38.7,late,B3,2.3,2.59,48.4,0
P001499,M2,183.7,5.97,48.7,early,B2,2.4,3.69,33.2,0
P001500,M3,185.6,5.68,43.4,late,B1,3.1,1.71,48.4,0
P001501,M3,179.5,5.85,43.6,night,B1,2.4,3.15,48.5,0
P001502,M4,178.0,5.48,52.9,early,B2,0.8,1.67,55.2,0
P001503,M2,186.8,5.5,41.4,late,B2,3.1,2.1,45.3,0
P001504,M2,186.8,5.52,41.9,night,B2,1.9,2.89,40.2,0
P001505,M4,181.7,6.08,47.7,night,B5,1.8,2.96,40.2,0
P001506,M3,178.1,5.72,44.5,early,B4,10.7,2.27,59.5,0
P001507,M3,180.8,5.43,44.0,night,B3,1.0,2.5,50.3,0
P001508,M2,184.4,5.86,49.2,early,B1,3.0,3.25,59.1,0
P001509,M1,180.7,5.83,47.0,late,B5,4.2,2.85,60.3,0
P001510,M3,184.5,6.0,42.3,late,B4,10.7,2.02,42.1,0
P001511,M1,196.2,5.63,43.8,night,B3,1.4,1.91,41.4,0
P001512,M1,191.3,5.77,46.2,early,B3,8.4,2.77,47.0,0
P001513,M3,193.7,5.95,46.6,early,B3,3.1,2.5,52.9,0
P001514,M3,179.9,5.45,47.8,night,B5,3.2,2.56,36.8,0
P001515,M4,193.2,6.11,44.6,early,B4,5.5,2.2,51.6,0
P001516,M2,188.3,5.81,49.5,late,B3,9.2,3.04,51.2,0
P001517,M1,189.4,5.41,49.6,late,B4,2.4,1.81,39.0,0
P001518,M4,186.5,5.41,47.0,late,B5,4.4,2.61,39.3,0
P001519,M1,182.1,5.77,45.6,early,B2,4.0,2.35,51.6,0
P001520,M1,188.0,5.61,45.1,early,B5,3.8,2.35,64.6,0
P001521,M2,189.7,6.06,45.9,night,B4,6.1,3.1,45.6,0
P001522,M3,173.3,5.7,42.4,late,B1,2.0,1.84,50.6,0
P001523,M4,183.3,5.91,45.7,early,B5,2.7,2.8,43.2,0
P001524,M4,188.8,5.5,48.5,early,B4,0.8,2.51,49.9,0
P001525,M3,184.5,5.79,42.6,early,B2,5.2,1.94,43.0,0
P001526,M1,186.6,6.26,45.7,night,B2,3.7,1.71,45.9,0
P001527,M2,182.9,5.75,47.5,early,B5,9.1,3.6,67.6,0
P001528,M2,188.4,5.61,55.0,early,B5,1.4,2.72,48.9,0
P001529,M1,183.5,5.5,48.7,late,B1,11.6,2.14,35.5,0
P001530,M2,185.9,5.79,50.9,early,B4,5.8,2.24,53.1,0
P001531,M2,183.3,6.29,51.7,early,B1,5.6,3.24,57.0,0
P001532,M1,189.0,5.32,43.9,night,B2,2.2,2.75,53.4,0
P001533,M3,184.9,5.78,51.2,late,B3,2.9,2.67,46.6,0
P001534,M3,184.3,5.2,46.6,early,B2,2.5,2.27,40.7,0
P001535,M1,195.3,5.66,45.8,late,B3,8.0,2.64,40.9,0
P001536,M2,189.6,5.89,43.6,early,B3,0.7,2.38,46.5,0
P001537,M4,190.6,5.25,45.3,early,B3,3.2,2.6,45.1,0
P001538,M3,184.5,5.64,39.3,late,B5,3.4,2.28,43.5,0
P001539,M4,182.1,5.9,45.9,late,B1,2.5,2.62,57.7,0
P001540,M2,181.2,5.85,46.0,late,B4,1.7,1.93,55.4,0
P001541,M4,185.3,5.92,45.3,night,B2,0.4,3.34,58.1,1
P001542,M1,169.4,5.46,40.7,early,B1,3.3,3.03,41.7,0
P001543,M2,188.5,5.9,50.9,night,B3,5.2,2.23,40.6,1
P001544,M1,185.7,5.59,48.3,late,B2,3.7,2.56,48.6,0
P001545,M2,185.8,6.05,54.6,early,B1,1.7,2.08,51.3,0
P001546,M2,186.5,4.99,54.5,night,B3,3.5,2.79,48.6,1
P001547,M1,177.1,5.7,46.6,early,B5,9.1,1.31,50.8,0
P001548,M4,191.6,5.83,50.7,late,B3,2.1,2.37,60.7,0
P001549,M2,185.1,6.27,49.2,late,B4,4.1,2.53,46.3,0
P001550,M2,181.7,5.83,46.6,early,B1,4.5,3.27,54.5,0
P001551,M1,187.0,5.87,44.9,night,B1,1.1,3.05,52.1,0
P001552,M2,187.6,5.93,50.6,early,B2,2.8,3.51,48.8,1
P001553,M2,185.0,6.24,63.7,night,B4,2.8,3.27,54.1,1
P001554,M2,184.4,5.67,52.6,early,B5,3.6,2.79,41.9,0
P001555,M1,184.0,5.31,46.9,early,B1,7.8,2.47,40.2,0
P001556,M4,191.4,5.24,48.6,early,B3,1.3,2.67,51.5,0
P001557,M4,186.6,6.03,48.6,night,B2,8.2,1.97,34.9,0
P001558,M2,186.8,5.88,47.9,early,B4,5.5,3.27,52.1,0
P001559,M3,187.7,5.71,48.9,night,B2,11.8,2.61,39.0,0
P001560,M4,184.2,5.59,46.2,early,B3,0.5,2.83,60.1,0
P001561,M4,186.2,5.86,43.0,late,B5,0.2,1.47,44.8,0
P001562,M3,183.8,5.87,47.8,early,B3,12.0,2.5,59.6,0
P001563,M4,187.2,5.97,49.1,early,B4,1.0,2.95,46.3,0
P001564,M4,181.6,5.41,46.2,night,B4,1.8,2.49,46.0,0
P001565,M4,177.7,5.18,48.0,late,B3,1.8,2.27,54.9,0
P001566,M2,192.0,5.48,51.9,late,B2,5.3,2.14,50.3,1
P001567,M1,192.3,5.33,45.8,late,B5,3.0,1.65,47.5,0
P001568,M1,178.0,5.31,44.3,late,B2,2.0,2.37,44.8,0
P001569,M2,188.0,6.35,45.5,late,B5,10.5,2.64,44.8,0
P001570,M2,184.5,5.01,47.2,night,B5,0.4,2.64,66.9,0
P001571,M2,191.9,5.96,54.0,late,B3,6.9,3.44,34.6,0
P001572,M3,184.4,6.12,45.2,late,B5,3.4,1.73,38.4,0
P001573,M3,201.3,6.15,47.4,late,B4,2.0,2.14,57.4,1
P001574,M4,182.3,5.9,45.6,late,B4,2.2,3.26,56.8,0
P001575,M1,192.5,6.26,44.4,late,B1,2.8,2.16,40.6,0
P001576,M1,193.0,6.42,42.7,late,B1,1.8,2.33,34.0,0
P001577,M4,186.9,5.69,47.2,late,B1,6.2,2.42,58.2,0
P001578,M4,184.2,5.96,44.8,night,B1,2.6,2.82,39.6,0
P001579,M4,184.5,6.25,51.6,night,B5,5.6,1.58,44.1,0
P001580,M4,184.1,5.5,46.4,night,B1,2.2,2.41,48.8,1
P001581,M4,190.2,5.71,46.6,night,B1,4.1,2.52,39.4,0
P001582,M2,182.2,5.58,47.5,late,B5,4.1,2.3,55.4,1
P001583,M2,186.1,5.96,49.6,late,B2,3.6,2.9,48.2,0
P001584,M2,185.4,5.14,53.9,early,B5,8.3,3.1,40.9,0
P001585,M3,173.5,6.3,42.0,late,B5,8.9,2.5,41.6,1
P001586,M4,188.7,5.99,47.9,early,B3,6.0,3.3,58.4,1
P001587,M2,192.8,6.01,42.2,early,B5,7.3,2.55,45.8,0
P001588,M3,179.5,4.97,50.6,night,B5,5.7,2.52,52.9,0
P001589,M2,192.7,5.44,47.8,night,B1,2.4,2.96,47.9,0
P001590,M1,175.3,6.32,40.3,late,B1,3.2,2.19,34.0,0
P001591,M1,184.1,5.74,41.2,early,B2,0.5,2.81,54.0,0
P001592,M1,183.3,5.2,49.1,late,B3,1.6,2.43,56.6,0
P001593,M4,184.5,5.88,40.5,late,B4,1.0,1.96,62.7,0
P001594,M2,187.5,6.04,49.3,night,B1,2.0,3.09,32.8,0
P001595,M4,183.6,5.99,45.2,night,B1,4.3,2.28,25.0,0
P001596,M3,180.9,5.75,45.3,early,B2,2.4,2.15,53.1,0
P001597,M1,183.4,6.2,43.4,early,B2,6.4,2.19,43.2,0
P001598,M1,191.5,5.55,42.4,early,B5,1.6,2.63,36.6,0
P001599,M4,180.8,5.99,44.9,early,B2,5.4,2.99,48.9,0
P001600,M2,199.4,5.85,50.4,early,B5,1.5,2.68,44.4,0
P001601,M4,180.5,5.75,45.7,early,B1,8.0,2.4,37.8,0
P001602,M1,185.3,5.67,47.6,early,B1,1.6,1.38,47.3,0
P001603,M3,186.1,5.68,45.1,early,B5,4.9,1.98,52.5,0
P001604,M4,182.4,5.81,49.1,early,B2,2.0,2.07,49.4,0
P001605,M1,191.6,5.7,47.6,late,B1,9.8,2.44,49.5,0
P001606,M2,190.0,6.06,46.1,early,B3,9.5,2.7,51.5,0
P001607,M4,182.9,5.61,43.2,night,B1,4.8,2.09,34.5,0
P001608,M2,194.5,6.35,51.8,early,B1,4.7,2.82,47.6,0
P001609,M2,181.4,5.6,45.1,early,B3,6.1,2.72,49.9,1
P001610,M2,183.9,6.12,50.1,early,B3,5.3,1.61,45.0,0
P001611,M2,190.1,6.14,48.3,late,B3,6.6,3.25,41.4,0
P001612,M4,188.4,5.86,45.0,early,B3,1.6,2.95,42.0,0
P001613,M4,185.8,5.83,48.4,late,B1,3.6,2.39,45.7,0
P001614,M2,186.3,5.54,53.4,early,B2,2.1,2.91,55.3,0
P001615,M4,182.6,5.62,49.2,night,B2,9.4,2.35,60.2,0
P001616,M1,190.2,5.88,46.5,early,B2,1.2,1.58,58.6,0
P001617,M1,185.3,5.78,52.2,late,B3,10.5,3.27,35.5,0
P001618,M3,178.2,6.21,39.6,night,B2,3.6,2.64,40.5,0
P001619,M4,178.9,5.64,42.6,early,B4,6.7,2.92,53.3,0
P001620,M1,192.3,5.66,44.2,early,B5,2.4,2.17,58.4,0
P001621,M1,180.0,5.22,51.4,night,B4,1.1,2.81,40.3,0
P001622,M3,184.5,6.03,49.6,early,B2,9.2,1.68,49.5,0
P001623,M4,191.4,5.99,40.3,early,B3,5.1,2.39,38.9,0
P001624,M1,187.0,6.14,44.3,late,B3,1.3,2.63,50.2,0
P001625,M2,182.8,6.16,43.2,early,B4,3.3,2.47,42.9,0
P001626,M3,177.4,6.08,45.8,night,B2,3.1,2.71,49.5,0
P001627,M2,197.3,6.09,51.6,late,B1,4.9,2.89,38.3,1
P001628,M1,178.3,6.01,49.7,late,B4,1.6,2.39,34.9,0
P001629,M1,181.0,6.07,47.0,early,B4,1.3,1.98,72.8,0
P001630,M2,189.0,5.16,46.6,late,B1,3.9,2.93,48.6,0
P001631,M2,185.8,5.42,47.8,late,B4,1.7,3.62,65.1,1
P001632,M4,187.2,5.36,49.4,early,B1,9.4,2.58,60.1,0
P001633,M3,174.9,6.24,54.9,night,B4,6.3,2.55,34.9,0
P001634,M3,181.8,5.53,41.5,late,B4,6.1,2.62,50.9,0
P001635,M4,187.7,5.58,52.8,night,B1,0.5,1.99,37.6,0
P001636,M2,190.7,5.8,49.1,early,B4,2.4,2.69,45.6,1
P001637,M2,183.9,5.36,51.3,early,B1,2.8,2.68,32.9,0
P001638,M4,178.4,5.93,47.5,late,B2,1.4,1.54,35.4,0
P001639,M1,185.2,5.05,51.3,night,B4,5.4,2.66,41.2,0
P001640,M3,175.8,5.39,47.3,early,B2,4.9,1.88,43.6,0
P001641,M4,191.1,5.87,44.3,early,B5,6.0,2.81,48.3,0
P001642,M1,184.9,5.37,47.7,night,B5,7.2,1.96,39.7,0
P001643,M2,183.2,6.25,52.5,early,B5,6.9,3.67,49.2,1
P001644,M1,178.2,5.82,46.0,early,B1,12.0,2.17,57.1,0
P001645,M1,180.5,6.2,38.1,late,B1,3.5,3.16,50.2,0
P001646,M2,178.4,5.93,47.8,early,B1,3.1,2.67,47.5,0
P001647,M2,189.7,5.8,48.6,early,B3,5.3,2.73,50.7,0
P001648,M4,179.6,5.45,46.6,early,B3,8.0,3.2,36.5,0
P001649,M4,186.2,6.13,44.9,night,B4,0.8,2.09,55.6,1
P001650,M4,187.0,5.95,51.8,early,B2,1.9,2.52,38.4,0
P001651,M2,192.3,6.53,39.2,late,B1,2.2,2.99,60.4,1
P001652,M2,188.4,6.09,48.6,night,B4,3.8,2.93,54.2,0
P001653,M2,193.2,5.66,48.6,late,B4,2.4,2.77,52.5,0
P001654,M1,191.6,5.9,54.0,late,B4,7.2,2.26,52.8,0
P001655,M4,185.4,5.95,46.7,late,B2,4.2,2.88,48.0,0
P001656,M2,188.8,6.21,49.9,early,B3,3.3,2.83,41.7,0
P001657,M1,180.9,6.26,46.5,late,B5,4.9,2.73,40.5,0
P001658,M4,178.6,5.74,47.2,night,B4,0.6,2.68,62.0,0
P001659,M2,194.1,5.37,54.9,night,B5,4.7,3.04,48.8,1
P001660,M1,187.3,5.15,41.8,late,B3,1.7,2.81,39.1,0
P001661,M1,187.8,5.4,43.5,early,B1,6.4,2.16,52.1,0
P001662,M3,179.8,5.59,48.9,night,B4,0.7,2.8,50.7,0
P001663,M4,192.9,6.33,47.8,early,B3,5.1,2.43,45.4,0
P001664,M1,182.7,6.33,44.9,night,B1,1.8,1.67,40.8,0
P001665,M4,179.6,6.14,46.5,early,B1,8.1,2.35,53.9,0
P001666,M4,180.8,6.23,50.3,late,B2,0.9,2.17,55.6,0
P001667,M4,192.6,5.55,48.6,night,B1,3.7,2.67,50.6,0
P001668,M1,177.9,5.27,43.3,late,B4,5.8,2.17,48.6,0
P001669,M1,179.9,5.45,46.9,early,B4,4.5,2.36,41.7,0
P001670,M4,199.9,5.09,46.6,night,B2,4.5,2.96,51.8,0
P001671,M2,192.2,5.41,50.0,early,B1,1.2,3.42,42.9,1
P001672,M3,179.0,5.62,44.8,early,B1,1.1,2.43,37.8,0
P001673,M4,178.1,5.86,42.2,late,B5,4.4,2.99,57.0,0
P001674,M1,174.8,5.85,48.6,late,B2,3.9,2.22,39.8,0
P001675,M4,184.5,5.56,48.9,late,B1,1.5,1.8,32.8,0
P001676,M4,188.0,6.0,52.2,early,B4,1.4,1.97,58.5,0
P001677,M3,191.4,5.57,41.0,late,B5,3.3,2.21,34.0,0
P001678,M2,176.6,5.8,47.9,night,B1,2.6,3.11,44.9,0
P001679,M4,176.7,5.41,45.9,early,B5,11.5,2.41,39.2,0
P001680,M3,182.3,6.18,44.5,late,B4,8.5,2.83,42.2,0
P001681,M3,198.3,5.81,40.1,late,B2,6.2,3.12,65.8,0
P001682,M4,188.9,6.04,42.7,night,B4,9.1,2.1,47.2,0
P001683,M3,185.1,5.37,47.0,late,B3,2.1,3.26,50.9,0
P001684,M2,180.3,5.86,46.3,night,B4,2.4,2.01,54.3,0
P001685,M1,172.3,6.0,42.9,early,B1,7.7,3.13,42.8,0
P001686,M1,184.2,5.08,51.4,early,B2,3.7,2.28,56.6,0
P001687,M3,182.5,6.21,55.0,night,B4,3.8,2.2,51.0,0
P001688,M3,181.5,5.36,45.8,night,B5,1.3,2.3,54.0,0
P001689,M3,180.9,5.87,40.3,late,B1,7.4,1.94,42.2,1
P001690,M2,182.9,6.43,49.7,late,B2,5.3,3.43,51.6,0
P001691,M4,178.6,6.13,38.9,late,B4,2.9,2.19,47.9,0
P001692,M4,191.6,5.28,41.7,early,B5,2.4,2.25,57.0,1
P001693,M1,179.1,5.74,47.6,night,B4,8.2,1.68,43.7,0
P001694,M3,181.5,6.23,40.7,night,B4,2.1,1.97,64.3,0
P001695,M3,182.8,5.51,44.9,late,B2,1.0,1.98,50.7,0
P001696,M3,186.9,5.67,40.4,early,B1,8.5,1.95,47.0,0
P001697,M1,179.3,5.66,46.2,early,B4,8.7,2.22,46.1,0
P001698,M4,189.4,6.0,51.1,early,B4,2.1,2.0,47.9,0
P001699,M4,180.8,5.26,44.5,late,B3,12.0,3.22,43.0,0
P001700,M3,182.1,6.02,45.9,late,B3,3.4,2.23,53.3,0
P001701,M4,193.0,5.58,43.7,early,B2,2.2,2.67,47.9,1
P001702,M4,178.7,5.8,44.0,late,B3,5.2,2.89,63.5,0
P001703,M2,191.0,5.72,45.0,night,B2,1.2,3.66,44.5,0
P001704,M3,188.5,6.01,49.0,early,B3,1.7,2.71,47.0,0
P001705,M2,188.7,5.79,42.8,late,B1,4.4,2.64,44.5,0
P001706,M4,183.4,6.3,45.5,late,B4,3.9,2.02,63.0,0
P001707,M1,195.7,6.15,47.6,early,B2,6.7,2.45,36.4,0
P001708,M2,186.9,5.52,51.7,late,B4,1.3,3.23,48.7,1
P001709,M4,185.1,6.28,48.5,late,B3,11.6,2.56,50.5,0
P001710,M2,185.1,5.91,47.9,early,B5,2.6,2.78,39.0,0
P001711,M4,184.8,5.86,44.6,early,B2,3.8,2.6,69.1,0
P001712,M2,192.3,6.1,51.7,night,B2,2.5,1.91,40.6,0
P001713,M4,182.5,5.44,43.5,early,B2,1.2,2.57,48.3,0
P001714,M4,172.4,5.32,43.6,late,B4,3.5,2.83,61.5,0
P001715,M2,189.8,5.81,53.3,late,B1,5.7,2.73,45.0,1
P001716,M4,178.1,5.59,48.2,night,B4,3.1,3.01,49.1,0
P001717,M2,191.1,6.53,49.7,late,B5,1.8,3.27,45.2,0
P001718,M3,183.0,5.53,48.3,night,B4,6.8,2.07,47.6,0
P001719,M3,188.2,5.81,45.6,late,B1,7.0,2.5,56.7,0
P001720,M4,178.8,5.87,41.3,late,B3,3.0,2.52,44.6,0
P001721,M1,181.1,6.23,47.0,early,B3,4.6,1.39,26.8,0
P001722,M1,182.1,5.45,45.9,early,B2,6.8,2.22,47.7,0
P001723,M3,174.8,5.24,42.7,late,B3,5.7,1.84,48.5,0
P001724,M3,189.1,6.29,41.9,early,B4,4.5,2.36,49.6,0
P001725,M2,178.1,5.83,48.0,late,B5,5.5,3.06,46.5,0
P001726,M1,190.0,6.08,40.8,early,B2,4.8,2.2,41.1,0
P001727,M2,189.3,6.1,47.7,early,B2,3.6,2.34,46.0,0
P001728,M4,182.9,6.16,45.8,early,B2,1.3,2.61,62.1,0
P001729,M1,185.9,5.67,45.5,night,B3,1.6,3.4,47.7,0
P001730,M2,188.7,5.57,49.7,late,B3,5.0,1.77,53.2,0
P001731,M4,181.8,5.1,49.2,night,B4,2.5,2.6,39.7,0
P001732,M1,185.6,5.45,43.3,late,B2,4.9,2.06,45.7,0
P001733,M3,187.0,5.82,49.3,night,B2,1.3,2.11,40.0,0
P001734,M2,181.8,5.55,47.4,night,B1,2.0,2.7,58.3,0
P001735,M4,185.9,5.4,53.5,early,B1,3.1,2.35,35.6,0
P001736,M3,168.6,5.82,43.8,night,B1,0.4,2.57,51.0,0
P001737,M4,173.4,6.27,40.7,early,B2,1.8,2.39,50.7,0
P001738,M1,187.1,5.78,49.2,late,B4,2.2,1.33,50.2,0
P001739,M3,180.7,5.4,47.6,night,B4,4.1,2.88,29.2,0
P001740,M4,179.3,6.25,51.4,early,B5,3.0,3.01,31.8,0
P001741,M1,183.7,5.53,47.2,late,B3,4.2,2.03,48.9,0
P001742,M1,181.8,6.32,54.9,early,B3,3.7,2.32,40.6,0
P001743,M1,178.6,5.71,45.3,early,B5,2.9,2.85,42.9,0
P001744,M4,175.0,5.84,50.8,early,B1,2.2,2.96,44.6,0
P001745,M3,172.2,6.35,44.0,early,B4,3.8,2.91,39.6,0
P001746,M3,187.1,5.33,47.9,early,B5,8.0,2.47,38.2,0
P001747,M3,180.7,5.43,48.6,late,B3,2.2,2.65,48.0,0
P001748,M3,188.3,5.69,49.2,late,B2,11.3,2.93,32.8,0
P001749,M2,184.6,5.75,51.2,late,B4,3.9,2.6,44.0,1
P001750,M2,189.0,6.72,35.9,late,B5,6.4,2.95,42.7,0
P001751,M3,182.3,5.49,45.7,early,B2,4.7,1.33,47.8,0
P001752,M1,184.2,5.34,43.8,early,B3,5.1,1.59,67.1,0
P001753,M4,184.5,5.47,45.4,night,B1,1.7,2.72,40.1,0
P001754,M4,181.5,5.88,45.7,night,B2,2.5,2.79,51.3,0
P001755,M2,180.2,5.97,51.9,late,B4,0.8,2.58,49.8,0
P001756,M3,187.2,5.55,46.8,early,B3,3.1,2.03,52.5,0
P001757,M1,192.8,5.81,44.1,night,B1,5.5,2.14,46.3,0
P001758,M4,193.1,6.48,41.2,night,B2,3.1,2.59,59.5,0
P001759,M4,181.0,5.81,52.6,late,B1,6.7,1.46,53.5,0
P001760,M4,180.0,5.91,44.3,early,B4,2.7,2.71,53.6,1
P001761,M2,184.0,6.46,47.7,early,B5,2.1,2.76,36.7,0
P001762,M1,183.0,5.56,54.1,late,B1,2.4,2.41,48.8,0
P001763,M1,183.7,5.53,43.6,night,B2,5.8,2.24,43.9,0
P001764,M1,178.5,5.64,45.0,late,B5,9.8,1.68,41.1,0
P001765,M1,175.9,5.62,46.9,early,B5,12.0,1.81,43.0,0
P001766,M1,184.3,5.16,39.9,late,B4,5.4,2.99,47.6,0
P001767,M4,164.6,5.85,40.3,night,B4,6.5,2.21,51.7,0
P001768,M1,183.4,5.88,44.2,late,B5,1.0,2.66,55.9,0
P001769,M1,178.8,5.73,44.3,night,B2,1.3,1.81,55.5,0
P001770,M4,188.3,5.89,47.3,early,B5,1.8,2.49,50.3,0
P001771,M3,188.8,5.89,42.3,early,B5,8.4,2.1,48.4,0
P001772,M4,189.9,5.34,48.4,late,B2,8.3,2.37,45.4,0
P001773,M3,181.1,5.9,37.8,late,B1,12.0,2.15,46.0,0
P001774,M4,177.8,6.0,46.5,night,B3,1.8,3.15,41.8,0
P001775,M3,178.5,5.24,47.4,late,B4,3.3,3.17,44.6,0
P001776,M3,184.6,6.31,47.2,early,B5,0.8,2.41,50.8,0
P001777,M3,173.9,5.37,45.4,early,B1,1.1,2.11,60.3,0
P001778,M2,194.7,5.4,45.7,late,B2,2.9,2.15,46.8,0
P001779,M2,185.2,5.87,47.5,early,B4,1.8,2.12,41.5,0
P001780,M2,189.8,5.99,52.9,late,B1,1.9,3.4,55.8,1
P001781,M1,174.2,6.07,43.7,early,B4,2.3,1.64,32.0,0
P001782,M4,178.9,6.0,50.5,early,B2,9.0,2.3,56.3,0
P001783,M2,176.5,5.62,52.5,late,B1,7.3,2.82,36.5,0
P001784,M1,189.6,5.84,39.4,early,B2,1.6,1.13,53.3,0
P001785,M1,183.1,5.69,45.5,late,B4,7.2,1.74,44.2,0
P001786,M4,187.1,5.86,43.1,late,B5,2.0,1.9,50.6,0
P001787,M2,187.3,5.82,42.5,late,B1,1.0,2.45,64.7,1
P001788,M3,185.6,5.62,49.0,late,B3,2.2,2.42,41.3,0
P001789,M4,182.1,5.68,48.6,night,B2,4.4,2.96,40.0,0
P001790,M1,182.9,5.15,47.0,night,B4,1.7,2.0,48.6,0
P001791,M4,183.5,6.09,42.7,early,B4,5.4,2.29,60.2,0
P001792,M2,189.2,5.9,49.0,early,B5,2.3,2.7,49.4,0
P001793,M1,186.4,4.99,41.0,late,B2,4.6,1.94,48.4,0
P001794,M3,198.5,6.08,46.3,late,B2,1.6,2.49,49.4,0
P001795,M4,193.2,5.78,44.3,late,B2,3.6,2.7,40.0,0
P001796,M2,177.2,5.47,52.2,late,B4,1.8,1.53,49.4,0
P001797,M3,182.2,5.44,44.6,night,B3,2.9,2.59,44.9,0
P001798,M2,184.8,5.56,49.1,early,B1,11.4,2.81,58.6,0
P001799,M3,190.0,5.47,46.9,late,B5,2.6,2.42,54.4,0
P001800,M3,181.3,5.52,45.7,early,B1,1.2,2.83,37.4,0
P001801,M3,185.6,6.4,46.4,late,B5,3.7,1.5,45.7,0
P001802,M3,170.1,5.93,47.2,late,B1,3.8,1.74,52.2,0
P001803,M1,175.7,6.51,42.6,late,B3,3.8,2.27,40.1,0
P001804,M3,194.5,5.88,47.5,early,B2,5.1,1.26,39.4,0
P001805,M3,183.3,6.0,49.3,night,B4,2.5,2.2,44.3,0
P001806,M3,177.5,5.49,47.5,night,B3,5.5,2.68,50.8,0
P001807,M1,185.3,5.74,44.7,late,B2,3.5,2.48,56.3,0
P001808,M2,181.2,5.77,48.9,night,B3,1.2,2.79,49.9,0
P001809,M2,185.4,6.02,46.8,late,B5,6.0,2.65,67.7,0
P001810,M1,176.0,5.78,45.5,night,B2,4.0,2.11,42.6,0
P001811,M1,179.7,5.92,41.5,early,B2,5.3,2.08,53.9,0
P001812,M2,184.7,5.91,53.4,early,B1,1.3,2.85,39.1,0
P001813,M3,189.2,5.69,53.4,early,B4,6.3,1.6,60.9,0
P001814,M1,186.6,5.66,43.3,early,B4,12.0,2.96,58.9,0
P001815,M4,187.5,5.57,49.8,late,B4,1.2,2.17,53.7,0
P001816,M3,182.9,6.18,51.5,early,B1,6.8,2.55,34.1,0
P001817,M4,188.5,5.69,43.2,late,B4,4.0,2.54,53.6,0
P001818,M2,182.2,5.92,40.0,early,B5,3.5,2.23,41.4,0
P001819,M2,183.0,5.75,54.0,early,B5,6.3,3.33,51.6,1
P001820,M3,185.2,6.17,46.0,night,B5,5.9,2.79,36.4,0
P001821,M4,182.5,5.1,44.8,late,B2,8.0,1.79,50.2,0
P001822,M2,186.9,5.91,48.4,night,B4,1.3,2.72,45.2,0
P001823,M3,182.1,5.36,44.6,late,B3,8.2,2.39,41.8,0
P001824,M3,189.9,5.94,57.2,early,B3,4.6,1.37,52.7,0
P001825,M3,190.2,5.75,44.0,late,B2,0.8,1.35,47.6,0
P001826,M1,180.6,5.28,47.2,late,B4,2.6,1.92,46.4,0
P001827,M3,173.3,5.92,50.9,early,B5,4.1,1.71,53.9,0
P001828,M2,183.1,5.88,53.1,night,B4,2.5,2.28,63.2,0
P001829,M4,179.1,5.72,51.0,late,B5,3.2,1.91,50.2,0
P001830,M2,191.6,5.76,46.6,late,B5,2.3,2.69,33.6,0
P001831,M2,192.1,5.86,47.6,late,B1,12.0,2.35,35.5,1
P001832,M4,178.3,6.21,38.5,late,B5,5.6,3.0,48.6,0
P001833,M2,182.9,5.69,47.9,early,B5,3.7,2.83,56.2,0
P001834,M1,175.9,6.15,46.1,night,B3,1.5,2.66,49.1,0
P001835,M1,184.7,5.79,48.8,late,B4,8.0,1.54,52.1,0
P001836,M1,183.8,6.25,52.8,early,B4,5.1,2.02,47.5,0
P001837,M1,188.3,5.72,48.7,early,B4,1.7,2.36,55.7,0
P001838,M2,189.7,5.57,52.3,late,B5,1.7,2.95,52.9,0
P001839,M4,187.4,5.42,46.7,night,B1,3.2,2.21,39.8,0
P001840,M3,174.5,5.79,50.9,night,B1,3.8,2.07,51.6,0
P001841,M1,180.6,5.52,46.0,late,B2,5.5,2.12,35.7,0
P001842,M3,188.2,6.29,50.3,night,B3,3.4,2.17,51.6,0
P001843,M1,181.0,5.5,49.1,late,B5,5.8,3.27,45.7,0
P001844,M4,175.0,5.56,48.3,early,B4,2.5,2.64,49.3,0
P001845,M1,188.4,6.0,40.1,late,B1,3.4,2.32,50.6,0
P001846,M3,179.8,6.22,50.2,early,B4,8.2,1.73,50.3,0
P001847,M2,192.8,6.06,49.6,early,B3,6.0,2.19,59.3,0
P001848,M3,182.9,6.17,48.7,late,B2,3.6,2.2,48.3,0
P001849,M2,185.5,5.77,49.4,early,B4,4.4,3.26,49.5,0
P001850,M4,191.5,5.78,48.6,night,B2,3.4,2.41,58.6,0
P001851,M1,176.8,6.5,50.9,night,B4,1.1,2.23,63.2,1
P001852,M4,191.9,6.39,45.0,early,B1,10.0,2.17,47.9,0
P001853,M3,179.5,6.05,47.8,late,B2,1.8,1.52,43.9,0
P001854,M4,184.9,6.19,43.8,late,B3,2.7,2.7,44.3,0
P001855,M4,184.9,6.1,49.0,early,B4,12.0,2.39,51.6,0
P001856,M4,181.7,5.38,47.8,early,B5,1.5,2.7,46.4,0
P001857,M1,179.8,5.79,43.6,early,B2,3.3,2.37,34.0,0
P001858,M2,185.0,6.32,48.6,early,B5,8.5,2.32,57.0,0
P001859,M2,181.4,6.05,46.0,early,B5,11.4,2.85,54.5,0
P001860,M2,197.8,5.78,46.8,early,B2,5.0,2.17,57.2,0
P001861,M3,180.4,6.33,47.3,early,B1,8.0,2.4,58.8,0
P001862,M4,190.4,5.93,47.8,night,B2,3.0,2.47,49.5,0
P001863,M4,189.6,6.06,39.5,early,B4,0.2,3.19,50.1,0
P001864,M3,185.0,5.93,47.4,early,B4,7.6,1.91,56.1,0
P001865,M3,182.3,5.99,44.8,late,B4,3.5,1.7,38.3,0
P001866,M4,185.1,6.01,45.2,early,B4,2.8,2.31,45.2,0
P001867,M4,187.1,6.25,42.5,late,B1,2.6,2.77,47.5,0
P001868,M1,184.6,6.3,45.8,early,B3,5.7,1.04,55.4,0
P001869,M3,174.4,5.64,44.0,late,B5,5.7,2.69,43.7,0
P001870,M4,174.0,5.92,51.6,late,B2,3.6,2.41,42.3,0
P001871,M2,195.3,6.24,41.6,late,B5,4.9,2.24,44.6,0
P001872,M2,172.5,5.75,44.5,late,B1,1.5,2.58,51.8,0
P001873,M4,185.1,5.34,42.9,late,B5,3.1,2.17,47.5,0
P001874,M4,182.7,5.48,47.8,early,B4,1.5,1.95,36.4,0
P001875,M4,184.9,5.51,51.3,early,B4,1.5,1.63,38.0,0
P001876,M4,177.7,5.64,48.7,late,B4,4.5,2.83,49.1,0
P001877,M2,188.9,5.54,44.0,early,B5,3.7,2.5,49.4,0
P001878,M2,188.1,6.16,46.6,early,B2,2.5,2.57,48.2,0
P001879,M3,198.2,5.7,42.9,late,B1,3.0,2.68,44.2,0
P001880,M3,183.7,6.24,47.9,early,B5,4.8,2.33,54.3,0
P001881,M3,190.4,5.4,44.3,early,B1,5.8,1.6,51.0,0
P001882,M3,174.8,5.68,40.6,late,B4,5.2,2.6,50.7,0
P001883,M2,192.6,5.84,50.4,early,B2,0.8,3.42,51.0,1
P001884,M3,184.2,6.08,50.8,night,B5,0.4,2.53,60.8,0
P001885,M2,188.5,6.2,47.5,night,B5,1.9,2.36,39.8,1
P001886,M2,188.6,5.61,48.7,night,B3,0.4,2.09,44.6,0
P001887,M1,193.4,6.15,40.3,late,B3,9.3,1.89,45.3,0
P001888,M1,185.4,5.21,38.2,early,B3,2.9,2.35,58.1,0
P001889,M4,179.7,6.1,39.8,late,B3,1.2,3.14,45.0,0
P001890,M2,183.6,5.33,48.0,late,B5,2.9,2.41,41.7,0
P001891,M1,188.5,5.96,44.8,late,B2,0.6,2.01,47.2,0
P001892,M4,186.5,6.2,48.9,early,B5,1.2,2.96,48.8,0
P001893,M3,174.6,6.11,45.2,early,B4,2.7,2.1,57.6,0
P001894,M1,186.8,5.23,49.8,early,B5,2.4,3.07,45.0,0
P001895,M2,181.0,5.64,51.5,early,B4,2.7,2.68,42.5,0
P001896,M1,186.4,6.05,44.8,early,B5,4.9,2.83,40.7,0
P001897,M3,178.6,6.04,42.2,night,B3,6.8,2.47,45.2,0
P001898,M2,185.5,5.9,40.9,early,B3,3.9,3.07,68.5,0
P001899,M1,181.0,5.03,51.4,late,B2,7.0,2.22,51.1,0
P001900,M1,192.4,6.22,42.4,night,B2,2.4,2.25,52.8,0
P001901,M3,185.2,6.28,40.3,early,B1,7.6,2.49,48.0,0
P001902,M1,190.9,5.86,46.5,late,B2,3.9,2.66,49.1,0
P001903,M4,199.9,5.88,41.1,late,B5,6.4,2.74,54.3,0
P001904,M1,184.3,5.98,46.5,early,B5,2.4,1.5,52.5,0
P001905,M3,191.3,6.31,44.7,late,B4,3.8,2.42,50.8,0
P001906,M2,183.2,5.89,51.7,night,B2,12.0,2.45,48.1,1
P001907,M2,193.9,5.73,51.4,late,B3,3.8,2.5,45.2,0
P001908,M1,179.6,5.93,50.2,night,B4,6.7,2.51,51.4,0
P001909,M4,183.9,5.8,47.6,night,B1,7.3,3.26,48.7,0
P001910,M4,187.0,5.8,43.5,early,B5,5.4,2.4,65.1,0
P001911,M1,187.8,5.18,42.1,late,B5,6.1,3.19,56.4,0
P001912,M1,177.0,5.98,44.0,late,B5,2.5,1.81,42.6,0
P001913,M4,179.2,6.21,54.4,late,B1,1.9,3.05,38.6,0
P001914,M3,186.4,6.16,45.1,late,B5,1.5,2.49,44.8,0
P001915,M1,182.0,6.13,46.6,late,B4,4.8,2.39,39.3,0
P001916,M1,176.3,5.78,51.8,night,B3,3.7,2.92,44.3,0
P001917,M3,182.6,5.85,47.0,early,B1,4.5,2.01,40.2,0
P001918,M3,182.3,6.22,43.2,late,B3,1.3,2.87,45.4,0
P001919,M3,184.0,6.1,48.8,early,B2,2.1,2.21,45.5,0
P001920,M4,186.9,6.32,45.2,late,B5,6.6,2.21,49.2,0
P001921,M2,189.6,5.56,49.3,night,B2,4.1,2.15,46.3,0
P001922,M2,182.8,5.56,50.1,night,B2,4.0,3.46,40.8,0
P001923,M2,184.7,5.68,46.3,late,B5,3.1,3.26,57.7,0
P001924,M2,192.1,5.47,48.9,late,B1,2.0,2.53,51.2,1
P001925,M1,181.0,5.34,52.1,early,B5,7.8,2.55,43.6,0
P001926,M1,181.8,5.96,43.6,early,B5,8.7,2.36,40.9,0
P001927,M2,178.7,5.94,53.2,early,B2,3.8,2.59,36.3,0
P001928,M3,182.8,5.89,43.8,night,B4,3.3,2.73,35.7,0
P001929,M1,185.9,5.92,52.8,early,B4,9.1,2.02,56.4,0
P001930,M2,176.1,5.29,44.9,night,B3,2.2,1.76,55.5,0
P001931,M3,177.1,5.63,44.5,early,B4,2.6,2.42,43.3,0
P001932,M3,175.2,5.7,51.7,late,B1,6.4,2.33,58.9,0
P001933,M4,188.3,5.82,52.7,late,B3,2.5,2.23,52.9,0
P001934,M4,173.5,5.29,49.9,late,B3,3.7,2.1,49.6,0
P001935,M3,182.6,5.48,41.9,late,B3,0.5,1.6,54.9,1
P001936,M1,187.9,5.65,46.3,late,B5,8.8,2.14,52.9,0
P001937,M2,188.0,6.17,48.2,night,B5,6.0,2.36,49.2,0
P001938,M3,180.6,5.89,42.7,late,B4,7.5,2.73,46.1,0
P001939,M1,185.9,6.16,48.6,early,B3,1.7,2.53,47.1,0
P001940,M1,189.7,5.76,43.0,early,B3,10.0,2.08,35.1,0
P001941,M1,183.4,5.8,41.1,late,B1,3.4,2.54,41.6,0
P001942,M2,174.7,5.97,42.0,late,B3,7.9,2.7,62.4,0
P001943,M2,193.3,5.74,54.7,late,B2,4.7,2.63,41.4,0
P001944,M1,186.2,5.58,44.1,late,B5,6.2,2.28,33.2,0
P001945,M4,183.8,5.28,44.9,early,B4,4.9,3.3,55.2,0
P001946,M4,173.1,5.59,42.9,night,B5,2.5,2.79,50.0,0
P001947,M1,182.4,6.09,51.2,late,B5,0.9,2.17,50.4,0
P001948,M4,179.2,6.24,41.6,late,B3,8.3,2.9,46.7,0
P001949,M1,177.3,5.53,41.4,late,B3,0.3,2.69,55.3,0
P001950,M4,183.2,5.19,45.6,night,B4,6.7,2.62,60.2,0
P001951,M4,181.1,6.12,46.7,late,B3,8.3,2.35,43.8,0
P001952,M1,181.4,5.82,48.5,night,B2,1.1,2.12,53.1,0
P001953,M4,188.1,5.33,44.2,early,B4,2.6,2.02,56.9,1
P001954,M4,185.4,4.71,52.7,late,B3,1.0,2.58,43.4,0
P001955,M4,181.3,5.46,44.3,late,B5,2.2,2.23,60.1,0
P001956,M4,180.6,5.64,43.0,late,B2,7.4,2.3,56.9,0
P001957,M3,180.5,5.4,41.8,early,B3,6.2,2.58,38.1,0
P001958,M1,182.6,6.04,43.1,late,B3,5.6,3.06,60.8,0
P001959,M4,187.2,5.52,42.4,early,B5,2.7,2.67,38.5,0
P001960,M3,177.3,5.8,48.9,night,B3,0.3,2.25,42.5,0
P001961,M3,191.0,6.63,42.2,early,B1,1.3,2.29,53.5,0
P001962,M2,190.2,5.84,47.7,early,B2,3.1,3.26,56.3,0
P001963,M3,167.9,5.76,42.1,late,B5,1.5,2.47,48.8,0
P001964,M1,184.5,5.77,41.5,early,B2,6.7,2.39,43.0,0
P001965,M3,188.7,6.03,50.2,early,B2,10.2,2.42,45.9,0
P001966,M1,186.1,5.99,52.1,late,B1,4.6,1.66,45.0,0
P001967,M3,180.7,5.45,50.8,late,B4,1.1,2.48,54.7,0
P001968,M4,183.7,5.66,41.2,early,B1,8.5,2.11,44.8,0
P001969,M2,188.0,5.57,43.1,late,B2,4.0,2.93,42.8,0
P001970,M3,187.2,5.7,53.5,late,B4,3.6,1.97,36.2,0
P001971,M2,179.2,6.44,47.2,night,B5,5.3,3.02,43.2,0
P001972,M4,180.7,6.02,41.6,early,B2,1.3,2.43,47.1,0
P001973,M3,192.0,5.77,50.1,early,B2,2.7,1.78,39.0,0
P001974,M2,187.2,6.24,48.5,night,B1,3.4,2.62,34.0,0
P001975,M1,192.4,5.87,48.2,late,B3,4.4,3.29,55.8,0
P001976,M1,200.4,5.23,37.5,early,B5,4.7,1.28,40.0,0
P001977,M2,184.3,6.38,47.0,night,B2,5.3,2.82,37.5,0
P001978,M4,177.4,5.75,50.4,early,B2,2.3,2.05,60.6,0
P001979,M3,181.5,5.01,43.6,night,B2,0.7,2.92,54.8,0
P001980,M1,190.0,5.24,50.7,late,B5,3.0,2.67,56.2,0
P001981,M4,190.8,6.19,41.8,night,B3,3.3,2.58,52.0,0
P001982,M2,199.5,5.25,47.8,night,B4,0.7,3.16,58.5,0
P001983,M4,183.8,6.27,53.1,early,B4,2.2,2.61,55.1,0
P001984,M1,186.7,5.83,41.6,night,B4,4.1,2.3,45.2,1
P001985,M3,179.1,6.05,47.0,early,B3,2.5,2.03,39.5,0
P001986,M4,170.2,5.71,49.0,late,B3,4.0,2.34,37.7,0
P001987,M2,186.8,5.98,48.5,late,B3,2.4,2.54,46.9,0
P001988,M3,176.7,5.91,45.0,early,B1,5.6,2.3,39.2,0
P001989,M4,187.5,5.79,43.5,early,B3,1.6,1.65,41.6,0
P001990,M1,173.7,5.43,46.7,early,B5,3.6,2.76,46.8,0
P001991,M1,179.9,5.93,45.6,early,B1,3.7,3.18,59.2,0
P001992,M3,184.5,5.16,40.5,early,B5,6.6,2.11,35.9,0
P001993,M2,189.0,6.13,52.4,night,B3,2.8,3.28,48.2,0
P001994,M1,183.7,5.87,42.5,late,B2,10.2,2.24,38.0,0
P001995,M2,197.3,5.96,42.8,night,B1,9.9,2.48,43.5,0
P001996,M4,192.6,4.88,44.5,night,B4,1.7,2.33,55.4,0
P001997,M2,183.2,5.41,44.8,late,B1,3.5,2.79,41.2,0
P001998,M2,195.9,5.62,47.2,early,B3,1.2,2.43,45.9,0
P001999,M4,193.7,6.04,42.1,night,B1,5.0,2.77,49.1,0
P002000,M3,182.3,5.47,47.7,late,B5,2.4,2.07,53.6,0
P002001,M4,184.2,6.69,52.0,late,B1,3.9,2.02,43.6,0
P002002,M2,186.7,5.71,48.6,night,B5,3.0,2.74,58.1,0
P002003,M4,180.5,5.44,41.3,late,B3,12.0,2.19,44.4,0
P002004,M3,180.0,5.73,42.5,late,B1,3.2,2.15,51.9,0
P002005,M1,191.3,5.47,46.8,night,B4,3.0,2.28,46.5,0
P002006,M4,186.4,5.39,39.3,late,B5,6.9,1.9,53.9,0
P002007,M2,184.0,6.15,43.5,night,B2,7.5,3.41,64.2,0
P002008,M1,178.9,5.98,39.7,early,B5,4.3,2.67,45.8,0
P002009,M1,179.8,5.98,46.4,early,B4,7.7,2.02,47.9,0
P002010,M3,182.1,6.25,54.2,late,B4,12.0,2.29,44.5,0
P002011,M1,189.0,5.97,41.2,early,B2,2.9,2.59,43.3,0
P002012,M2,182.3,5.43,51.3,night,B1,1.3,2.84,42.4,1
P002013,M1,189.0,6.05,43.9,early,B3,4.8,3.15,47.9,0
P002014,M2,188.1,5.41,43.2,late,B5,7.2,2.64,41.8,1
P002015,M2,187.8,5.63,54.1,early,B3,9.6,3.29,42.0,0
P002016,M3,188.6,5.78,54.2,night,B4,5.4,1.7,25.0,0
P002017,M2,191.6,5.75,49.8,early,B4,3.7,2.22,59.1,0
P002018,M1,176.3,5.17,47.4,early,B2,1.9,3.06,61.2,0
P002019,M3,177.0,5.46,46.2,early,B1,8.3,2.11,53.2,0
P002020,M2,185.7,5.79,47.6,late,B5,4.5,2.22,41.0,0
P002021,M3,185.0,5.59,47.3,night,B4,0.7,2.28,37.9,0
P002022,M1,191.5,6.19,48.6,night,B3,12.0,2.87,35.5,0
P002023,M1,184.4,6.25,52.3,early,B3,1.4,1.96,53.1,0
P002024,M1,193.4,5.41,44.0,late,B5,7.3,2.28,58.1,0
P002025,M2,183.1,5.82,48.7,early,B4,4.2,1.92,49.3,0
P002026,M2,184.0,6.35,47.9,late,B4,0.8,2.54,54.9,0
P002027,M4,182.3,5.75,50.7,late,B4,3.4,2.95,51.6,0
P002028,M2,182.5,5.66,57.3,early,B2,2.9,2.4,41.8,1
P002029,M3,189.4,6.1,50.0,late,B4,1.0,1.73,56.1,0
P002030,M3,167.8,5.7,49.0,night,B5,5.0,1.95,55.6,0
P002031,M1,181.2,6.24,49.4,early,B2,6.6,2.03,40.1,0
P002032,M3,189.3,5.59,50.8,early,B3,3.5,2.64,54.5,0
P002033,M2,185.3,5.63,57.4,early,B4,2.8,2.92,46.8,1
P002034,M2,192.9,6.08,41.8,early,B3,5.3,3.01,45.9,0
P002035,M1,196.1,5.84,48.3,early,B5,0.2,2.31,51.1,0
P002036,M4,184.4,5.84,37.0,late,B3,2.6,2.22,50.9,0
P002037,M4,190.4,5.13,50.4,early,B2,2.7,2.15,55.1,0
P002038,M1,197.3,5.68,48.1,late,B1,3.6,2.49,41.2,0
P002039,M3,185.2,6.1,43.9,night,B5,0.9,3.02,52.5,0
P002040,M4,183.7,5.53,36.7,night,B4,0.5,2.08,38.7,0
P002041,M2,192.0,6.05,48.1,late,B3,1.5,2.29,46.6,0
P002042,M4,190.5,5.89,47.6,early,B3,5.0,1.99,47.1,0
P002043,M3,182.8,5.73,45.8,early,B3,2.7,2.67,55.8,0
P002044,M4,181.3,6.28,44.4,early,B5,1.5,2.48,48.1,0
P002045,M4,193.4,5.68,43.4,night,B4,11.2,2.75,45.9,0
P002046,M1,182.5,5.71,45.8,night,B5,2.8,2.07,59.4,0
P002047,M2,193.6,5.73,45.2,early,B5,3.6,3.03,44.6,1
P002048,M3,184.4,5.83,49.1,early,B4,8.2,2.17,44.2,0
P002049,M1,194.0,6.07,45.7,late,B3,4.0,1.6,33.0,0
P002050,M2,182.3,5.28,41.6,early,B2,5.3,3.17,46.3,0
P002051,M4,179.3,6.1,47.5,night,B4,1.9,2.48,40.5,0
P002052,M1,188.7,5.82,47.6,early,B4,3.8,2.16,46.0,0
P002053,M2,180.8,5.99,54.3,early,B3,10.3,2.88,49.9,0
P002054,M4,184.6,6.64,50.3,late,B1,4.8,1.85,39.3,0
P002055,M2,195.5,5.62,44.8,early,B5,4.3,2.94,41.4,0
P002056,M2,177.2,5.37,53.6,early,B5,3.0,2.48,35.2,0
P002057,M4,186.2,5.87,41.5,night,B2,1.2,2.43,43.9,0
P002058,M2,193.7,5.92,48.3,early,B3,7.6,3.26,40.4,1
P002059,M1,183.9,6.11,48.9,late,B1,3.4,2.59,65.2,0
P002060,M1,178.9,5.61,51.5,late,B5,2.1,2.22,60.0,0
P002061,M4,182.6,5.51,54.0,early,B2,1.1,2.45,58.7,0
P002062,M2,182.4,5.26,53.0,early,B2,4.5,1.6,37.6,0
P002063,M3,183.4,5.32,45.5,early,B3,1.4,1.93,46.6,0
P002064,M1,182.5,5.65,48.2,early,B2,7.7,2.38,38.4,0
P002065,M2,184.2,5.76,49.1,early,B4,2.2,2.41,62.7,0
P002066,M4,186.6,6.52,44.1,night,B5,3.9,1.9,54.6,1
P002067,M3,191.7,5.21,45.6,late,B5,4.7,2.52,39.6,0
P002068,M4,185.8,5.92,53.6,night,B3,4.4,3.09,51.0,0
P002069,M2,194.4,5.55,50.7,late,B1,6.6,2.43,36.1,0
P002070,M3,191.7,5.88,53.8,late,B5,2.4,2.69,46.9,0
P002071,M4,180.8,5.61,42.7,late,B2,3.7,2.83,46.6,0
P002072,M2,188.5,6.16,46.8,early,B5,5.5,2.31,53.9,0
P002073,M2,184.7,6.16,49.8,early,B2,9.6,2.42,55.9,0
P002074,M4,175.8,5.76,49.6,late,B3,6.3,3.31,48.2,0
P002075,M2,189.0,6.3,47.8,night,B3,7.1,2.25,46.2,0
P002076,M3,177.2,6.07,49.0,late,B3,2.9,2.03,25.0,0
P002077,M4,186.7,6.29,49.8,early,B1,4.8,3.38,60.5,0
P002078,M1,175.4,5.78,40.7,night,B3,8.7,2.04,42.7,0
P002079,M2,187.9,6.13,51.1,early,B3,3.5,3.36,48.8,0
P002080,M1,175.4,5.53,50.1,night,B5,4.8,1.84,66.1,0
P002081,M2,190.7,5.5,49.3,night,B3,0.9,2.81,38.4,0
P002082,M1,181.8,6.56,39.0,night,B5,5.8,2.79,48.2,0
P002083,M3,180.3,5.42,44.9,night,B2,4.3,2.09,52.0,0
P002084,M1,190.2,5.65,47.7,early,B2,5.6,2.34,56.7,0
P002085,M3,181.2,5.14,42.7,late,B1,2.9,2.63,48.0,0
P002086,M2,187.6,5.5,51.7,night,B4,0.7,2.34,57.4,0
P002087,M2,185.9,5.45,51.0,late,B1,6.0,3.76,44.7,0
P002088,M2,189.8,5.57,48.7,early,B2,2.1,3.22,52.3,0
P002089,M3,188.7,5.9,46.1,early,B5,0.9,2.14,51.3,0
P002090,M2,191.6,5.99,48.9,early,B4,4.1,2.64,47.3,0
P002091,M2,184.4,5.45,48.2,late,B3,10.5,3.61,50.6,0
P002092,M4,190.6,5.52,41.9,late,B5,1.8,2.34,41.0,0
P002093,M3,178.0,6.18,44.4,night,B4,2.2,2.09,45.6,0
P002094,M1,179.9,6.4,46.3,night,B5,6.2,2.82,37.7,0
P002095,M4,183.3,6.24,52.2,late,B4,3.1,1.87,44.5,0
P002096,M2,192.8,5.22,50.8,early,B3,6.0,2.71,57.1,0
P002097,M1,177.6,6.22,51.6,late,B1,3.0,2.34,51.4,0
P002098,M2,191.9,6.45,42.9,early,B2,2.6,2.43,50.5,0
P002099,M1,183.7,5.21,44.6,early,B4,1.9,1.6,35.2,0
P002100,M1,181.6,6.18,53.9,early,B2,4.6,2.33,50.6,0
P002101,M3,189.0,5.88,43.2,early,B4,1.9,2.61,47.5,0
P002102,M1,179.6,5.69,43.1,early,B1,2.5,1.99,52.3,0
P002103,M4,196.6,5.84,45.8,late,B1,7.6,1.97,59.1,0
P002104,M4,183.0,5.96,54.5,early,B2,12.0,3.07,44.7,0
P002105,M3,183.8,6.21,43.4,early,B2,5.0,2.54,45.5,0
P002106,M3,191.5,6.19,48.1,early,B5,7.8,2.14,55.3,0
P002107,M3,184.0,5.27,47.5,late,B2,2.8,2.71,43.2,0
P002108,M4,190.5,5.57,39.5,late,B3,3.0,2.61,48.7,1
P002109,M2,176.3,5.83,48.1,early,B3,4.2,3.56,32.0,0
P002110,M1,181.6,6.35,43.9,early,B2,2.1,2.6,45.5,0
P002111,M3,185.2,4.85,48.6,night,B5,2.6,1.67,58.4,0
P002112,M3,188.9,5.59,52.6,late,B4,5.9,2.0,50.7,0
P002113,M1,188.2,5.27,44.7,late,B1,3.7,2.03,55.2,0
P002114,M3,186.7,5.32,44.7,late,B2,3.3,2.44,55.7,0
P002115,M1,189.8,6.15,55.6,night,B1,3.2,2.16,58.8,0
P002116,M4,186.6,5.61,44.1,night,B2,1.6,1.99,45.2,0
P002117,M2,175.2,4.98,43.1,early,B4,4.1,3.02,55.5,0
P002118,M1,191.9,5.74,51.2,late,B5,2.1,2.75,66.0,0
P002119,M1,179.4,6.51,45.8,early,B3,0.8,2.25,47.8,0
P002120,M1,185.7,5.17,47.1,late,B1,1.4,2.39,37.4,0
P002121,M2,188.0,5.99,56.7,early,B1,3.2,2.31,43.2,0
P002122,M1,184.3,6.35,40.7,early,B3,5.5,2.06,51.7,0
P002123,M2,180.9,5.78,47.5,night,B2,6.5,2.53,34.7,0
P002124,M1,173.3,6.47,41.3,night,B3,1.1,2.55,41.9,0
P002125,M2,181.5,5.57,49.5,early,B1,5.2,2.87,45.4,0
P002126,M2,191.5,6.31,46.1,night,B2,10.9,2.6,48.9,1
P002127,M2,179.0,6.22,43.7,early,B3,6.8,2.58,62.4,0
P002128,M2,182.2,5.79,51.0,late,B2,4.0,1.86,53.5,0
P002129,M1,186.3,5.28,46.0,night,B2,4.2,3.02,39.1,0
P002130,M1,178.3,5.45,41.2,early,B2,3.9,1.36,75.0,0
P002131,M1,181.0,4.98,41.5,late,B1,2.5,2.49,47.9,0
P002132,M4,184.5,6.01,47.6,late,B2,7.0,2.52,34.6,0
P002133,M4,185.6,5.97,40.5,early,B2,1.7,2.38,39.7,0
P002134,M4,178.2,5.83,47.7,late,B5,4.2,2.5,39.7,0
P002135,M3,183.8,5.76,51.1,early,B5,0.8,2.0,37.2,0
P002136,M3,185.2,6.28,48.5,late,B3,7.4,2.59,52.1,0
P002137,M2,180.0,5.9,45.8,early,B2,4.0,2.16,26.7,0
P002138,M4,185.2,5.61,47.8,early,B3,1.0,2.65,55.9,0
P002139,M4,180.1,5.85,42.0,late,B4,9.1,2.2,54.5,0
P002140,M4,184.7,6.52,47.3,early,B2,3.4,2.31,44.3,0
P002141,M4,188.0,6.02,45.6,late,B4,1.2,2.32,55.3,0
P002142,M2,186.0,5.66,44.3,late,B5,11.5,2.68,39.3,0
P002143,M4,189.0,5.78,49.2,night,B3,3.0,2.73,41.3,0
P002144,M4,188.3,5.96,39.3,early,B1,1.9,2.48,52.4,0
P002145,M2,192.0,5.65,43.7,night,B1,4.3,3.17,46.3,0
P002146,M4,186.2,5.62,42.8,late,B5,1.4,2.97,43.0,0
P002147,M1,190.1,5.8,44.1,early,B3,2.5,2.44,47.1,0
P002148,M4,186.1,6.33,51.7,night,B2,8.4,2.81,58.6,0
P002149,M4,174.8,6.08,49.7,late,B4,3.1,3.41,58.2,0
P002150,M1,179.6,5.66,46.4,late,B5,5.0,1.66,51.4,0
P002151,M3,181.8,6.1,46.2,late,B3,8.6,2.78,45.2,0
P002152,M1,183.5,5.8,46.0,late,B2,3.0,3.0,52.2,0
P002153,M4,186.0,5.92,52.0,night,B5,1.9,2.7,41.1,0
P002154,M4,179.6,5.89,39.9,late,B1,5.6,3.36,57.4,0
P002155,M3,194.0,5.06,48.9,night,B5,1.2,3.1,55.6,0
P002156,M4,183.4,4.73,44.9,late,B3,1.7,2.35,63.5,0
P002157,M1,184.0,5.88,47.9,night,B1,1.0,2.18,41.6,0
P002158,M2,183.3,5.5,50.1,night,B2,8.2,2.99,40.6,0
P002159,M2,181.5,5.23,51.0,early,B4,3.8,2.47,52.4,0
P002160,M1,183.3,5.51,52.0,early,B4,5.7,3.52,45.8,0
P002161,M2,187.2,6.12,43.0,late,B1,1.8,3.1,56.0,0
P002162,M2,186.5,5.93,52.0,late,B4,4.8,2.77,58.5,0
P002163,M2,196.1,6.07,48.0,late,B5,4.9,2.12,61.6,1
P002164,M2,186.3,5.96,46.4,night,B4,11.5,2.86,48.5,1
P002165,M4,183.5,5.48,54.5,night,B4,5.4,1.97,55.0,0
P002166,M2,191.5,6.07,50.9,late,B1,6.5,3.09,43.9,0
P002167,M4,183.1,6.01,45.2,late,B4,4.0,1.37,49.7,0
P002168,M2,190.0,5.76,51.8,early,B4,0.2,3.37,47.6,0
P002169,M2,180.0,5.82,48.0,late,B1,4.5,2.56,47.1,0
P002170,M3,176.0,6.08,44.4,early,B2,3.2,1.54,62.6,0
P002171,M2,187.7,5.54,45.9,late,B5,3.1,2.74,37.3,0
P002172,M2,185.7,6.18,49.4,late,B5,2.6,2.76,48.0,1
P002173,M3,178.6,6.0,43.7,late,B1,3.1,2.27,48.4,0
P002174,M1,184.7,5.8,46.6,late,B4,2.2,2.92,53.1,0
P002175,M2,188.2,6.34,51.6,early,B3,6.1,2.92,39.2,0
P002176,M3,179.1,5.35,46.4,early,B3,1.6,2.66,45.6,0
P002177,M2,184.1,5.64,55.7,early,B3,10.5,2.64,43.2,1
P002178,M4,185.2,5.56,46.9,night,B5,5.8,2.69,30.0,0
P002179,M2,181.4,5.93,53.3,night,B3,7.2,2.16,57.3,0
P002180,M4,180.7,6.21,50.5,early,B3,1.7,2.62,36.2,0
P002181,M4,186.9,5.46,52.6,early,B4,2.4,2.16,35.2,0
P002182,M4,183.9,6.96,54.3,late,B3,3.9,3.09,55.6,0
P002183,M4,181.4,5.57,40.1,late,B5,3.7,2.53,45.3,0
P002184,M1,179.0,5.93,47.0,early,B2,5.8,2.6,45.6,0
P002185,M3,177.4,5.8,45.6,early,B5,3.7,2.42,45.8,0
P002186,M1,183.3,5.82,46.4,late,B4,10.9,3.11,56.6,0
P002187,M4,195.1,5.52,45.3,early,B5,1.7,1.8,43.6,0
P002188,M3,186.1,6.17,43.9,early,B2,1.4,2.25,52.8,0
P002189,M2,179.7,5.5,44.0,early,B3,2.3,2.32,38.9,0
P002190,M4,187.9,5.18,47.2,late,B1,3.1,1.58,50.6,0
P002191,M1,179.8,5.41,49.5,late,B5,7.6,1.84,55.2,0
P002192,M3,183.0,6.31,44.1,early,B5,4.7,2.83,59.2,0
P002193,M3,179.8,6.24,44.8,late,B2,0.3,2.29,35.6,0
P002194,M1,195.1,5.1,43.3,late,B1,0.3,2.2,45.6,0
P002195,M3,176.8,6.08,42.2,night,B4,3.3,2.65,60.8,0
P002196,M4,185.7,5.11,45.9,night,B4,2.6,2.55,55.4,0
P002197,M1,180.2,5.79,47.3,early,B3,3.4,2.58,46.4,0
P002198,M3,187.1,5.38,50.8,night,B1,3.1,2.45,48.0,0
P002199,M2,188.6,6.11,43.7,late,B5,9.9,2.99,50.4,0
P002200,M3,189.9,5.99,45.9,late,B3,6.9,2.1,45.0,0
P002201,M1,187.9,6.14,50.5,early,B4,2.4,2.77,52.4,0
P002202,M4,180.2,5.7,42.3,early,B5,3.6,1.95,51.9,0
P002203,M4,200.0,5.73,51.6,early,B3,2.9,2.46,39.1,0
P002204,M1,187.1,5.28,44.3,night,B1,0.5,2.79,44.1,0
P002205,M2,184.0,5.44,50.9,late,B5,2.5,2.68,44.4,0
P002206,M3,184.1,6.13,45.2,late,B4,2.5,2.11,46.0,0
P002207,M3,186.5,5.93,47.7,late,B5,2.1,3.33,50.2,0
P002208,M2,190.3,5.84,54.3,early,B4,2.5,3.39,49.4,0
P002209,M1,186.7,6.24,45.5,early,B5,2.9,2.36,42.2,0
P002210,M1,189.3,5.34,49.8,late,B5,5.0,1.86,58.7,0
P002211,M4,188.8,6.05,47.8,late,B2,2.3,1.58,48.0,0
P002212,M2,182.3,5.39,45.2,night,B1,8.4,3.07,59.7,1
P002213,M4,195.6,6.32,46.2,late,B1,1.7,3.07,59.5,0
P002214,M2,197.8,5.99,47.4,late,B4,7.5,2.93,39.5,1
P002215,M4,188.4,6.14,41.4,night,B2,4.5,1.73,44.1,0
P002216,M1,184.2,5.55,47.7,early,B3,1.3,2.37,44.7,0
P002217,M1,184.3,6.56,48.5,late,B4,2.9,2.08,50.5,0
P002218,M4,182.2,6.5,49.9,late,B3,10.1,2.57,53.8,0
P002219,M4,182.9,5.95,52.2,early,B1,1.7,3.37,49.2,0
P002220,M2,175.0,6.21,51.8,early,B2,10.3,3.11,43.6,1
P002221,M2,195.4,5.69,45.9,early,B1,5.1,3.01,61.2,0
P002222,M2,193.5,5.36,46.7,early,B2,4.5,2.73,44.5,0
P002223,M2,177.8,6.08,51.4,late,B4,4.9,2.94,53.9,0
P002224,M1,188.9,5.48,47.5,early,B3,2.8,1.97,47.7,0
P002225,M4,184.0,6.26,46.7,late,B4,1.8,2.75,47.5,0
P002226,M2,185.9,6.17,44.9,early,B1,3.7,2.66,53.4,0
P002227,M3,185.7,5.88,44.0,early,B4,4.6,1.93,60.3,0
P002228,M1,174.4,5.86,48.2,early,B3,5.3,2.67,50.4,0
P002229,M1,183.9,6.15,38.6,early,B2,5.1,1.3,44.1,0
P002230,M3,183.4,5.9,37.1,night,B4,6.0,2.05,59.8,0
P002231,M2,187.4,5.66,50.8,early,B1,12.0,3.03,52.0,0
P002232,M3,175.5,5.27,44.0,early,B3,4.4,2.85,49.4,0
P002233,M1,186.5,6.14,47.8,early,B3,8.1,2.51,56.2,0
P002234,M4,189.8,5.93,52.8,early,B1,5.4,2.2,50.6,0
P002235,M3,185.2,6.76,42.2,late,B5,12.0,2.28,67.7,0
P002236,M4,182.7,5.77,40.5,night,B2,3.9,2.63,48.0,0
P002237,M1,198.8,5.91,44.9,early,B1,3.6,3.0,57.2,0
P002238,M2,181.9,5.91,45.6,late,B3,7.8,3.16,51.5,0
P002239,M2,191.3,6.03,48.1,late,B5,7.8,3.17,51.5,0
P002240,M3,184.3,5.46,48.0,night,B4,3.0,2.33,45.1,0
P002241,M2,198.1,5.77,49.4,late,B4,5.3,2.27,45.1,0
P002242,M1,186.1,6.09,46.2,early,B5,6.1,1.67,52.0,0
P002243,M2,190.3,5.68,52.2,late,B1,5.8,2.61,41.1,0
P002244,M2,189.8,6.08,50.7,night,B3,4.9,3.06,43.4,0
P002245,M2,181.2,5.83,47.5,late,B2,0.8,2.52,48.1,0
P002246,M1,179.2,5.94,48.4,night,B4,5.9,2.56,57.9,0
P002247,M2,185.5,6.2,42.3,night,B5,6.1,2.39,48.6,0
P002248,M3,188.3,5.72,50.0,early,B1,5.0,2.01,48.5,0
P002249,M2,188.3,5.29,48.3,night,B1,2.8,3.38,39.5,0
P002250,M2,185.9,5.71,43.6,late,B5,9.4,3.1,61.6,0
P002251,M3,190.5,5.51,44.4,late,B3,1.7,2.16,56.9,0
P002252,M4,173.1,5.06,50.7,late,B2,7.9,2.13,57.8,0
P002253,M2,179.9,5.76,45.3,night,B1,1.7,3.18,36.4,0
P002254,M3,169.3,5.87,47.6,late,B2,7.3,2.69,50.8,0
P002255,M4,190.6,6.16,50.1,late,B1,1.8,2.79,40.5,0
P002256,M3,182.5,5.4,46.1,early,B2,7.0,2.22,54.2,0
P002257,M4,189.3,5.83,43.5,late,B1,10.8,2.01,50.6,1
P002258,M4,183.4,6.19,46.6,night,B1,10.8,2.49,52.2,0
P002259,M1,189.6,5.6,40.6,late,B5,9.3,2.93,42.3,0
P002260,M2,186.3,5.99,46.3,early,B4,3.9,2.34,39.7,0
P002261,M3,185.3,6.36,41.8,night,B5,2.4,2.32,42.9,0
P002262,M4,185.4,5.15,46.6,night,B2,3.5,3.24,50.5,0
P002263,M2,188.9,5.9,43.4,late,B2,7.5,2.61,46.1,0
P002264,M1,193.3,6.21,46.3,early,B2,5.8,2.24,50.0,0
P002265,M3,174.1,5.68,50.3,late,B3,12.0,1.69,39.8,0
P002266,M1,183.6,6.29,50.5,early,B1,2.6,2.58,47.9,0
P002267,M4,185.1,6.02,42.1,early,B2,11.3,2.17,59.2,0
P002268,M3,183.3,6.42,43.5,late,B5,3.7,1.6,50.7,0
P002269,M3,180.8,6.0,49.2,night,B2,1.7,1.87,51.2,0
P002270,M4,181.1,6.45,49.5,early,B4,4.8,2.59,51.2,0
P002271,M3,191.4,5.91,43.7,night,B2,5.7,1.59,43.9,0
P002272,M3,182.6,5.32,44.2,night,B5,8.8,1.68,61.1,0
P002273,M4,197.4,5.58,47.1,early,B4,2.6,2.75,50.9,0
P002274,M4,186.9,6.16,39.8,early,B5,4.8,2.47,49.4,0
P002275,M4,182.4,6.15,48.8,late,B3,4.0,2.09,53.5,0
P002276,M1,187.0,5.69,50.1,night,B5,3.0,2.16,55.5,0
P002277,M3,183.6,6.43,44.5,early,B2,10.6,3.08,38.0,0
P002278,M1,191.4,5.68,40.6,late,B3,5.8,2.88,48.5,0
P002279,M4,177.6,5.96,52.2,late,B1,0.5,2.45,65.9,0
P002280,M3,173.1,5.95,46.8,late,B1,4.8,2.67,61.2,0
P002281,M2,189.0,5.33,50.9,late,B4,1.0,2.8,47.1,0
P002282,M1,188.6,5.76,41.0,early,B2,4.5,1.5,53.8,0
P002283,M2,188.6,6.63,43.2,early,B1,1.1,1.87,45.4,0
P002284,M3,186.7,5.48,47.6,early,B2,5.8,1.89,50.8,0
P002285,M1,186.9,6.02,49.9,night,B2,0.9,1.59,44.3,0
P002286,M1,175.9,5.4,41.7,night,B4,1.8,2.42,44.2,0
P002287,M4,185.5,5.47,46.4,night,B1,6.7,2.25,43.3,0
P002288,M4,191.2,5.3,40.8,early,B1,3.9,2.69,61.5,0
P002289,M1,184.9,6.13,43.3,late,B4,1.2,2.5,44.2,0
P002290,M2,179.8,5.5,47.2,early,B1,10.1,3.06,57.1,0
P002291,M4,182.2,6.24,48.7,early,B3,2.9,2.08,44.5,0
P002292,M3,186.1,5.61,38.0,early,B4,3.2,2.53,43.6,0
P002293,M3,192.9,5.84,51.0,night,B3,3.5,1.87,51.1,0
P002294,M2,176.2,5.94,47.6,early,B1,6.1,3.07,37.6,1
P002295,M2,189.0,5.23,53.1,late,B4,3.0,3.3,53.3,0
P002296,M1,178.9,5.87,48.7,night,B1,3.6,2.63,46.9,0
P002297,M3,185.8,5.92,49.2,late,B2,8.2,2.22,43.6,0
P002298,M1,187.2,6.2,53.7,early,B1,7.6,2.56,41.9,0
P002299,M1,182.7,5.46,43.0,night,B3,3.4,1.61,63.8,0
P002300,M3,186.5,5.51,46.5,late,B4,3.5,1.51,47.7,0
P002301,M4,190.3,6.03,43.0,late,B4,0.3,2.71,47.4,0
P002302,M4,183.1,6.29,46.4,late,B1,4.5,3.09,55.0,0
P002303,M2,179.6,5.59,50.9,night,B2,6.9,2.2,41.3,0
P002304,M2,194.8,5.37,52.5,late,B1,2.9,2.76,57.1,0
P002305,M2,191.6,5.69,46.7,late,B2,9.2,2.95,47.7,0
P002306,M2,190.1,5.45,43.6,late,B2,0.8,2.47,36.9,0
P002307,M3,179.2,5.94,46.3,early,B4,1.9,2.15,43.8,0
P002308,M2,192.4,5.42,45.0,night,B4,8.7,3.03,39.2,0
P002309,M3,194.2,6.14,43.8,early,B5,6.7,2.35,48.6,0
P002310,M4,183.3,5.87,49.4,early,B2,0.8,2.55,41.7,0
P002311,M4,184.5,6.15,48.6,early,B1,1.0,2.06,40.8,0
P002312,M1,178.1,4.95,49.2,early,B1,5.9,2.29,50.3,0
P002313,M2,183.0,5.18,46.9,late,B5,5.1,2.57,48.4,0
P002314,M1,178.1,6.25,49.8,late,B5,3.2,2.15,57.7,0
P002315,M2,187.7,5.55,48.3,early,B2,9.0,2.51,57.3,0
P002316,M2,185.1,5.29,47.1,early,B5,2.3,2.74,48.5,0
P002317,M1,186.1,5.73,41.8,night,B3,0.5,1.91,52.0,1
P002318,M4,179.1,5.88,38.9,night,B1,6.1,2.51,36.7,0
P002319,M2,186.1,5.74,42.3,late,B2,7.1,2.59,53.6,0
P002320,M4,178.8,5.96,47.6,early,B2,2.4,2.08,51.3,0
P002321,M1,185.0,5.92,42.6,early,B4,1.5,1.42,55.6,0
P002322,M1,175.0,5.9,39.7,early,B1,0.5,2.73,45.6,0
P002323,M2,187.8,6.27,46.6,early,B1,3.9,3.09,45.6,0
P002324,M1,182.5,5.8,47.1,night,B4,4.9,1.94,45.7,1
P002325,M2,188.0,5.78,49.8,late,B2,7.4,3.06,59.5,0
P002326,M4,174.9,6.08,46.7,early,B2,5.1,2.04,50.3,0
P002327,M1,187.6,5.99,45.8,night,B5,2.6,2.16,36.0,0
P002328,M1,182.4,5.48,44.0,late,B5,4.5,2.06,53.2,0
P002329,M3,184.2,5.77,48.4,early,B3,7.7,2.18,44.3,0
P002330,M2,176.7,5.95,47.5,late,B5,4.9,3.04,56.7,0
P002331,M3,176.2,5.59,45.7,early,B5,6.9,2.12,52.3,0
P002332,M2,184.9,5.61,52.1,night,B3,1.5,2.6,57.9,0
P002333,M4,191.6,5.31,49.8,early,B5,6.0,2.83,56.3,0
P002334,M1,186.9,4.79,45.3,late,B1,5.1,2.33,55.5,0
P002335,M2,187.7,5.67,47.0,early,B1,3.0,2.48,57.1,0
P002336,M3,177.9,5.84,44.7,night,B5,7.8,2.41,54.5,0
P002337,M4,177.9,5.42,39.1,late,B1,12.0,2.95,42.4,0
P002338,M2,188.5,6.28,52.4,late,B4,0.8,3.23,38.9,1
P002339,M3,186.9,5.43,43.4,early,B3,3.1,1.7,41.4,0
P002340,M1,185.1,6.12,49.2,night,B4,3.7,1.73,53.8,1
P002341,M1,193.4,5.95,46.2,late,B4,3.9,2.75,30.2,0
P002342,M1,180.2,6.56,51.3,early,B1,2.4,2.17,47.9,0
P002343,M3,184.0,5.99,48.0,night,B2,0.9,1.31,45.9,0
P002344,M2,177.7,5.29,51.7,early,B4,3.3,2.42,57.8,1
P002345,M3,184.2,6.17,43.8,early,B5,3.7,2.1,47.1,0
P002346,M1,192.1,6.39,41.1,late,B5,3.1,2.16,45.1,1
P002347,M4,178.3,5.18,47.4,early,B5,3.7,2.84,58.5,0
P002348,M4,188.6,6.02,39.5,late,B5,4.5,2.08,47.3,0
P002349,M1,191.9,6.1,44.2,early,B5,3.4,2.72,46.0,0
P002350,M1,180.2,5.73,41.5,early,B3,2.3,2.43,44.1,0
P002351,M1,186.6,4.95,42.8,early,B2,3.8,1.72,50.3,0
P002352,M4,192.7,5.7,49.1,early,B3,4.8,2.36,45.3,0
P002353,M1,185.3,5.6,48.0,night,B4,4.0,2.52,45.4,0
P002354,M3,187.3,6.34,45.4,late,B3,12.0,2.32,59.6,0
P002355,M2,177.2,5.77,49.4,late,B5,5.0,2.92,48.4,0
P002356,M4,187.3,5.66,44.7,early,B4,3.9,2.24,44.4,0
P002357,M2,189.8,5.59,57.4,late,B2,2.1,3.0,40.0,0
P002358,M3,175.7,5.91,47.1,early,B5,2.1,2.12,49.6,0
P002359,M4,178.7,5.82,44.6,early,B5,3.1,3.65,43.5,0
P002360,M1,187.3,5.52,49.3,late,B3,3.1,1.71,45.1,0
P002361,M4,182.3,5.89,51.5,late,B1,3.0,3.71,41.2,0
P002362,M1,190.1,5.6,43.1,night,B2,5.2,1.87,49.6,0
P002363,M2,188.7,4.89,42.8,night,B5,7.6,3.32,37.6,1
P002364,M4,184.3,6.03,42.2,night,B1,6.2,2.87,51.3,0
P002365,M3,182.1,6.0,43.5,early,B3,5.7,1.89,43.6,0
P002366,M3,184.6,5.87,45.8,early,B4,1.9,2.57,53.7,0
P002367,M2,191.4,5.65,42.0,early,B2,8.3,2.53,51.9,0
P002368,M2,189.9,5.77,46.6,night,B5,2.0,2.87,48.8,0
P002369,M2,184.7,6.09,47.4,night,B3,4.7,2.82,54.8,1
P002370,M3,189.8,5.58,47.2,night,B1,5.5,2.14,60.5,0
P002371,M2,190.6,6.1,50.5,early,B2,8.5,2.56,58.1,1
P002372,M2,189.1,5.28,49.7,night,B2,11.8,2.9,37.5,0
P002373,M2,187.5,5.86,55.0,late,B2,3.0,2.34,43.2,0
P002374,M2,189.8,5.81,52.4,night,B5,4.4,2.36,44.1,0
P002375,M2,176.9,6.15,49.0,late,B2,8.0,3.18,53.1,0
P002376,M1,185.3,5.48,42.3,early,B3,12.0,2.49,43.8,0
P002377,M4,193.0,5.52,44.2,early,B3,3.2,1.91,43.5,0
P002378,M3,184.2,5.31,40.6,night,B2,2.0,1.85,42.1,0
P002379,M1,184.5,5.6,46.6,late,B3,1.2,1.34,50.4,0
P002380,M3,179.7,5.89,47.3,early,B2,0.8,2.71,53.1,0
P002381,M4,186.7,5.17,50.2,early,B1,2.3,2.81,38.3,0
P002382,M1,182.9,5.64,47.0,early,B3,7.0,1.81,43.9,0
P002383,M1,191.2,6.01,50.0,night,B3,7.3,2.59,32.8,0
P002384,M1,179.3,5.76,50.1,early,B1,5.0,3.19,28.9,1
P002385,M1,181.5,5.83,42.1,early,B4,3.1,1.61,51.9,0
P002386,M4,180.7,5.27,44.8,night,B4,5.2,2.22,50.5,0
P002387,M4,194.1,5.76,46.8,late,B2,4.0,1.8,49.4,0
P002388,M1,183.0,5.81,43.3,early,B3,3.2,2.73,60.7,0
P002389,M3,180.0,5.74,45.1,early,B2,4.9,2.26,34.6,0
P002390,M1,172.5,5.85,47.1,early,B4,3.0,2.12,31.4,0
P002391,M3,178.0,5.69,45.5,early,B1,4.8,2.4,39.0,0
P002392,M4,186.9,5.64,46.8,early,B4,5.4,2.25,31.0,0
P002393,M2,189.9,5.44,44.6,early,B1,6.3,2.57,43.1,0
P002394,M1,180.4,6.14,47.9,late,B1,1.0,2.42,52.7,0
P002395,M3,179.7,5.37,47.6,night,B2,8.4,2.03,50.4,0
P002396,M4,194.2,5.86,43.9,night,B1,3.7,2.29,56.2,0
P002397,M2,201.8,6.43,43.3,early,B3,11.9,2.68,51.0,1
P002398,M1,190.3,6.19,50.7,early,B1,7.0,2.34,44.8,0
P002399,M1,192.6,5.98,52.6,night,B2,2.0,2.57,43.8,0
P002400,M3,192.7,5.89,46.9,night,B1,5.7,2.56,51.5,0
P002401,M3,195.2,5.76,44.6,late,B5,8.0,1.63,35.8,0
P002402,M4,182.3,5.48,50.8,early,B4,3.3,3.13,25.0,0
P002403,M4,179.2,5.71,48.6,early,B2,1.9,2.53,51.1,0
P002404,M4,194.1,6.0,46.0,late,B1,1.6,2.35,49.9,0
P002405,M4,178.7,5.94,50.5,late,B5,1.2,2.09,60.6,0
P002406,M1,178.3,6.08,42.9,early,B4,0.5,3.2,53.6,0
P002407,M3,177.5,6.23,43.4,night,B5,3.7,3.36,50.5,0
P002408,M2,186.3,5.74,49.6,late,B1,1.7,3.59,45.5,1
P002409,M2,176.1,5.87,48.6,late,B2,2.4,2.8,41.5,0
P002410,M4,176.1,5.14,49.2,early,B1,12.0,2.65,45.8,0
P002411,M3,179.6,6.59,50.5,night,B3,5.4,2.97,55.6,0
P002412,M4,177.4,5.66,40.9,late,B1,2.0,2.39,51.7,0
P002413,M2,192.8,6.03,48.3,early,B1,12.0,2.99,55.5,0
P002414,M3,183.0,5.65,53.2,late,B3,4.8,2.4,48.9,1
P002415,M2,190.2,5.65,45.9,late,B5,12.0,3.61,40.8,0
P002416,M1,186.6,5.72,43.3,night,B4,10.3,2.95,57.3,0
P002417,M1,182.9,5.36,37.5,early,B4,4.9,2.24,56.6,0
P002418,M3,188.4,4.93,46.4,night,B5,3.7,2.99,49.5,0
P002419,M1,186.5,6.21,48.2,late,B5,6.9,2.3,52.4,0
P002420,M4,182.2,5.99,49.0,early,B1,4.6,2.25,52.0,0
P002421,M1,174.7,5.48,42.1,early,B2,2.8,2.17,44.3,0
P002422,M1,186.9,5.96,46.0,early,B4,2.7,2.37,45.9,0
P002423,M4,177.1,6.09,47.6,early,B5,7.7,2.15,40.7,0
P002424,M1,186.1,5.56,46.2,late,B4,2.0,2.07,45.9,0
P002425,M4,184.4,5.94,42.6,late,B4,7.6,1.85,56.2,0
P002426,M3,175.5,6.15,46.3,early,B2,4.1,1.93,54.7,0
P002427,M1,185.4,5.3,42.9,night,B2,1.0,2.41,52.5,0
P002428,M3,184.1,5.99,38.9,early,B1,8.0,2.77,55.7,0
P002429,M3,184.1,5.93,48.6,late,B2,2.0,2.71,45.1,0
P002430,M4,184.8,6.46,47.3,night,B1,2.2,2.69,38.6,0
P002431,M4,180.4,5.99,49.0,night,B5,3.4,1.81,46.7,0
P002432,M3,186.3,5.66,44.0,late,B1,3.9,1.91,47.4,0
P002433,M3,179.2,5.7,48.4,late,B2,4.9,2.21,53.4,0
P002434,M2,181.1,6.51,52.1,early,B5,7.7,3.18,52.1,1
P002435,M3,186.7,5.68,52.7,early,B5,7.6,2.05,56.1,0
P002436,M4,189.2,6.01,49.9,late,B2,2.6,1.95,31.9,0
P002437,M3,186.3,5.72,47.5,early,B3,2.7,2.95,41.6,0
P002438,M3,181.9,6.18,40.8,early,B3,7.2,1.97,47.3,0
P002439,M2,176.3,6.2,47.8,early,B5,1.7,2.24,51.8,0
P002440,M4,192.1,5.79,41.4,night,B4,4.1,2.6,64.8,0
P002441,M4,173.2,5.66,43.7,night,B3,9.8,2.48,40.2,0
P002442,M1,187.2,5.65,53.4,night,B2,2.9,2.07,42.3,0
P002443,M1,195.6,5.2,42.1,late,B2,1.2,2.3,44.6,0
P002444,M3,183.8,5.84,37.1,early,B4,2.0,1.88,42.0,0
P002445,M2,188.6,5.83,51.3,early,B5,2.1,2.52,40.9,0
P002446,M3,185.1,5.51,43.4,late,B1,1.9,2.28,48.4,0
P002447,M1,185.1,5.16,48.9,late,B4,3.3,1.38,55.9,0
P002448,M2,199.9,5.87,43.8,early,B3,12.0,3.18,49.0,0
P002449,M3,178.4,5.92,44.4,late,B1,5.6,1.68,41.1,0
P002450,M3,177.7,5.94,50.5,late,B1,3.6,1.88,46.4,0
P002451,M3,181.2,5.45,41.0,early,B2,3.8,2.75,39.7,0
P002452,M3,192.6,5.94,45.4,early,B2,2.3,2.56,55.9,0
P002453,M3,179.8,5.74,47.1,late,B1,3.8,2.34,59.8,0
P002454,M4,186.4,6.1,44.1,late,B2,9.5,1.73,35.2,0
P002455,M3,188.9,5.46,46.9,night,B5,4.2,2.03,49.8,0
P002456,M3,187.3,6.2,46.1,late,B4,7.5,2.2,41.8,0
P002457,M3,188.6,6.33,48.0,late,B2,6.9,2.24,48.5,0
P002458,M1,191.8,5.84,53.0,night,B4,12.0,2.81,47.3,0
P002459,M2,188.7,5.94,58.4,early,B3,6.8,3.65,37.3,1
P002460,M3,180.5,6.07,47.8,late,B4,12.0,2.58,57.7,0
P002461,M4,184.8,5.44,46.4,late,B2,7.9,2.26,46.8,0
P002462,M3,181.1,5.63,47.7,late,B1,5.0,2.85,44.2,0
P002463,M1,197.9,5.86,45.1,early,B2,2.2,2.03,48.9,0
P002464,M3,180.1,6.51,40.0,night,B5,7.5,1.12,41.0,0
P002465,M1,186.7,5.38,45.8,night,B3,7.9,1.74,46.5,0
P002466,M3,174.7,6.37,50.1,early,B1,8.1,1.23,33.3,0
P002467,M4,184.7,5.73,41.2,early,B5,0.2,2.33,29.1,0
P002468,M3,181.4,5.79,42.3,early,B5,2.9,2.22,40.2,0
P002469,M3,186.7,6.23,43.8,night,B3,5.6,1.58,43.7,0
P002470,M2,190.9,6.51,49.6,late,B4,3.0,2.37,33.9,0
P002471,M2,194.8,5.95,57.2,early,B1,2.7,2.11,44.0,0
P002472,M4,191.4,6.21,43.7,night,B3,2.3,2.44,43.7,0
P002473,M3,182.6,5.48,46.3,early,B5,1.0,1.92,47.5,0
P002474,M3,177.8,5.61,46.0,late,B3,5.4,2.75,52.9,0
P002475,M2,182.5,5.33,47.1,early,B1,2.5,2.83,61.7,0
P002476,M1,185.7,5.62,45.8,late,B4,2.9,3.02,51.4,0
P002477,M1,184.9,6.0,44.2,late,B4,3.6,2.1,40.1,0
P002478,M1,185.4,5.87,56.4,early,B4,6.0,3.26,53.3,0
P002479,M2,184.1,6.4,51.0,late,B4,4.9,2.75,59.2,0
P002480,M4,191.9,6.52,45.1,night,B1,4.7,2.26,39.0,0
P002481,M3,174.9,5.75,50.5,late,B1,0.5,3.38,39.5,1
P002482,M1,180.8,5.56,47.0,night,B4,7.6,1.48,36.6,0
P002483,M1,178.1,6.21,46.2,late,B5,11.4,2.05,43.5,0
P002484,M2,185.9,6.24,47.5,night,B1,4.6,2.0,51.0,0
P002485,M4,190.9,5.95,45.8,early,B3,1.7,1.67,59.9,0
P002486,M2,185.4,6.05,43.6,night,B3,2.7,1.82,55.1,0
P002487,M4,184.6,5.99,40.4,early,B2,1.7,2.78,51.1,0
P002488,M4,187.7,5.45,48.2,early,B4,10.6,1.9,48.4,0
P002489,M1,182.2,5.37,45.3,early,B5,2.9,2.19,51.1,0
P002490,M3,185.1,5.78,49.3,early,B5,4.8,2.7,51.6,0
P002491,M4,185.4,5.73,43.4,night,B1,3.5,2.71,58.4,0
P002492,M2,180.8,5.9,44.0,night,B3,5.8,2.94,47.8,0
P002493,M1,181.4,5.75,48.9,night,B5,2.1,2.85,50.1,0
P002494,M4,186.0,5.2,45.7,early,B2,4.6,3.22,44.7,0
P002495,M4,191.1,5.06,50.1,night,B5,2.9,1.94,48.9,0
P002496,M3,190.0,6.06,46.1,late,B3,8.3,2.52,45.9,0
P002497,M3,194.5,5.57,53.1,early,B3,0.5,2.18,38.5,0
P002498,M1,186.7,5.72,48.9,late,B2,3.2,2.23,55.0,0
P002499,M4,181.7,5.6,48.4,late,B5,7.8,1.82,59.9,0
P002500,M2,186.6,5.48,51.2,early,B3,7.2,2.51,47.7,0
P002501,M1,183.4,5.47,45.0,late,B3,1.1,2.11,50.7,0
P002502,M3,180.8,6.16,39.8,late,B3,6.7,2.94,54.9,0
P002503,M4,186.1,5.72,48.2,early,B1,1.9,1.98,46.9,0
P002504,M4,186.4,6.02,54.2,late,B4,2.4,1.43,49.5,0
P002505,M2,180.5,6.07,39.5,late,B2,7.5,2.75,46.3,0
P002506,M1,190.0,5.91,47.8,late,B2,3.1,1.73,43.6,0
P002507,M4,173.9,6.08,41.0,night,B4,1.0,2.44,52.2,0
P002508,M4,182.8,5.81,46.7,night,B1,1.5,2.8,52.1,0
P002509,M3,189.3,6.28,46.3,late,B4,4.2,2.26,55.4,0
P002510,M3,186.3,6.09,48.8,late,B3,3.1,2.11,48.0,0
P002511,M2,185.0,6.13,49.0,late,B4,3.0,2.68,38.4,0
P002512,M2,197.8,5.47,53.4,late,B1,5.7,3.13,56.9,0
P002513,M1,181.6,5.89,50.4,early,B4,5.1,1.78,42.1,0
P002514,M1,173.0,5.16,45.3,late,B2,3.2,2.63,42.0,0
P002515,M1,186.5,6.29,50.2,late,B5,7.3,1.85,43.7,0
P002516,M4,174.2,5.58,45.6,late,B2,5.8,2.77,34.1,0
P002517,M1,179.4,5.63,44.2,night,B1,4.8,1.61,46.3,0
P002518,M1,187.4,5.32,41.4,late,B3,2.7,2.54,53.0,0
P002519,M3,180.5,5.79,51.0,early,B1,8.0,2.25,44.5,0
P002520,M1,187.2,5.71,44.9,early,B2,3.0,2.34,58.7,0
P002521,M1,177.6,6.44,36.8,early,B4,3.2,2.73,58.2,0
P002522,M3,187.7,6.1,48.1,early,B3,10.7,1.93,55.1,0
P002523,M2,177.7,5.62,46.6,late,B4,2.0,2.74,32.5,0
P002524,M3,190.3,5.22,44.9,early,B5,2.0,2.44,59.5,0
P002525,M4,181.4,5.0,45.9,early,B3,3.3,2.37,46.1,0
P002526,M1,192.4,5.44,44.7,early,B3,1.7,2.62,61.4,0
P002527,M4,179.4,5.33,57.2,night,B1,1.7,2.65,43.2,0
P002528,M4,194.6,5.92,53.1,night,B2,10.5,2.24,46.9,0
P002529,M4,178.7,5.75,49.5,early,B4,3.3,3.07,48.7,0
P002530,M3,173.1,5.81,46.9,early,B1,5.0,2.55,40.5,0
P002531,M3,183.2,5.47,50.3,early,B2,1.2,1.92,35.0,0
P002532,M3,189.8,5.85,46.9,early,B1,1.9,1.92,28.8,0
P002533,M3,187.3,5.3,49.1,early,B5,11.4,2.2,71.6,0
P002534,M1,190.4,5.77,48.1,early,B3,1.7,2.5,34.7,0
P002535,M4,188.5,6.09,47.3,early,B4,5.1,1.5,34.8,0
P002536,M3,178.5,5.67,49.6,night,B4,0.2,1.94,52.6,0
P002537,M4,188.2,5.96,45.2,late,B2,1.1,2.24,36.6,0
P002538,M2,187.5,5.11,48.4,night,B1,3.2,2.1,35.1,0
P002539,M1,180.1,5.08,42.3,early,B2,7.1,1.84,25.0,0
P002540,M3,184.0,5.91,42.7,early,B1,4.0,2.36,50.3,0
P002541,M3,182.7,6.17,36.4,night,B2,3.4,2.08,39.4,0
P002542,M2,194.8,5.72,49.9,early,B2,6.1,2.57,53.1,0
P002543,M2,184.2,6.55,51.0,late,B4,4.6,2.13,47.4,0
P002544,M1,180.9,5.29,50.1,night,B2,0.8,2.2,48.7,0
P002545,M3,179.2,5.56,41.8,late,B1,3.8,1.62,44.4,0
P002546,M2,197.4,5.85,49.9,early,B5,2.8,3.41,45.8,1
P002547,M4,180.5,5.96,46.8,late,B1,3.3,3.28,40.8,0
P002548,M1,191.1,5.6,48.8,early,B2,2.7,2.09,41.6,0
P002549,M2,181.3,5.43,45.7,early,B2,3.8,2.24,39.2,0
P002550,M2,189.8,6.02,46.9,early,B1,5.2,3.13,60.1,0
P002551,M3,184.4,5.85,40.1,night,B5,1.3,2.57,44.8,1
P002552,M2,193.8,5.68,45.5,late,B2,2.3,3.59,29.9,0
P002553,M3,189.0,5.97,46.0,early,B4,6.0,3.26,50.1,0
P002554,M4,184.5,5.75,47.5,early,B1,6.5,1.59,41.6,0
P002555,M2,184.0,5.75,41.8,late,B3,9.6,3.27,47.6,0
P002556,M3,191.9,5.74,44.1,night,B1,4.0,2.2,45.8,0
P002557,M1,180.5,5.51,46.6,early,B2,2.2,2.55,59.9,0
P002558,M2,174.5,5.48,53.6,early,B3,2.3,3.1,44.9,0
P002559,M2,176.8,5.62,45.0,night,B5,4.0,3.08,54.5,0
P002560,M1,175.1,5.81,47.9,night,B2,1.9,2.75,53.7,0
P002561,M3,186.3,5.15,43.9,night,B4,9.1,2.05,37.1,0
P002562,M3,195.2,6.13,44.3,early,B1,2.7,1.87,49.5,0
P002563,M3,171.8,5.81,42.7,early,B2,8.3,2.83,41.9,0
P002564,M3,178.7,5.43,42.0,late,B4,1.7,1.91,38.3,0
P002565,M3,183.5,6.37,44.2,early,B3,3.4,3.14,38.4,0
P002566,M2,195.5,5.81,52.2,night,B3,3.0,2.41,54.6,0
P002567,M1,179.7,5.33,43.1,early,B4,1.2,2.13,69.1,0
P002568,M1,187.2,6.35,42.5,late,B1,3.2,2.21,41.6,0
P002569,M3,181.6,6.27,46.8,night,B4,4.6,1.61,49.7,1
P002570,M4,198.3,5.48,46.8,night,B5,0.5,1.81,50.5,0
P002571,M1,184.8,5.69,45.7,late,B4,5.5,2.71,43.8,0
P002572,M3,185.0,5.64,47.0,night,B2,4.8,1.53,59.3,0
P002573,M4,184.5,5.14,43.0,early,B2,3.8,3.63,65.6,0
P002574,M4,181.7,5.91,43.4,early,B5,6.3,2.46,43.2,0
P002575,M3,188.2,6.1,49.7,early,B4,6.6,1.84,61.9,0
P002576,M3,176.6,6.03,45.4,night,B5,12.0,2.49,43.6,1
P002577,M3,172.0,5.81,48.3,night,B5,1.1,1.19,40.2,0
P002578,M4,183.2,6.13,51.5,early,B3,10.0,2.35,46.9,0
P002579,M1,188.5,5.4,49.2,early,B1,7.4,2.21,55.0,0
P002580,M4,180.8,6.44,41.6,early,B2,4.8,1.93,47.2,0
P002581,M1,185.0,5.53,45.6,early,B2,1.7,2.02,53.9,0
P002582,M4,177.3,5.57,50.8,night,B5,2.8,3.19,49.8,0
P002583,M1,189.8,5.6,48.0,early,B2,2.5,2.38,58.8,0
P002584,M1,187.6,5.57,46.7,night,B2,3.5,2.48,52.2,0
P002585,M1,184.1,5.73,39.8,late,B5,6.1,1.95,60.2,1
P002586,M2,187.9,5.72,45.9,early,B1,8.8,2.15,41.1,0
P002587,M2,179.3,5.85,48.5,early,B4,11.9,2.64,46.4,0
P002588,M1,176.6,5.51,40.6,night,B3,2.8,1.19,48.0,0
P002589,M2,186.3,5.86,51.2,late,B5,4.3,2.26,41.2,0
P002590,M2,189.8,5.42,47.8,late,B3,2.0,2.19,39.9,0
P002591,M4,187.1,6.06,39.3,early,B3,7.6,1.58,51.1,0
P002592,M4,182.0,6.05,44.6,night,B5,5.1,2.79,53.3,0
P002593,M3,187.1,5.8,44.9,night,B5,3.3,2.24,48.9,0
P002594,M1,191.8,5.57,45.5,night,B4,1.0,2.02,56.5,0
P002595,M2,186.5,5.91,53.6,late,B4,4.4,3.05,39.2,0
P002596,M4,185.7,5.49,49.0,night,B5,4.7,1.76,44.9,0
P002597,M1,182.9,5.81,40.8,early,B5,0.8,1.7,38.6,0
P002598,M2,186.3,5.75,42.5,late,B4,1.3,3.25,49.1,0
P002599,M4,184.9,6.72,45.8,late,B2,4.3,3.53,51.9,0
P002600,M4,193.4,5.37,47.3,late,B4,11.2,2.81,58.7,0
P002601,M2,192.0,4.87,52.0,night,B2,8.1,2.96,38.6,0
P002602,M3,187.5,5.58,52.6,night,B3,3.3,2.04,51.0,0
P002603,M2,184.5,5.2,55.0,late,B3,3.0,2.5,59.5,0
P002604,M4,179.1,5.55,45.1,late,B5,2.2,2.6,40.0,0
P002605,M1,186.1,5.35,49.6,night,B3,2.0,2.92,38.1,0
P002606,M1,190.8,5.48,47.6,night,B5,3.1,2.49,36.2,0
P002607,M3,192.5,5.43,41.9,night,B5,12.0,2.73,53.0,0
P002608,M1,170.5,6.14,38.8,early,B5,3.0,1.89,42.2,0
P002609,M3,196.5,5.78,46.5,early,B1,3.8,2.58,51.8,0
P002610,M2,189.3,6.18,42.5,night,B4,1.4,2.45,46.3,0
P002611,M4,189.0,5.81,43.6,night,B2,5.7,2.56,62.4,0
P002612,M4,174.4,6.13,44.2,late,B3,3.8,2.78,54.3,0
P002613,M2,185.7,5.69,49.0,late,B3,2.8,2.51,41.6,0
P002614,M4,188.5,6.36,51.7,late,B2,1.7,2.04,45.6,0
P002615,M2,180.5,5.96,48.2,late,B5,2.1,2.91,54.3,0
P002616,M2,171.1,5.53,46.2,night,B5,2.7,2.69,39.5,0
P002617,M1,185.8,6.02,38.1,early,B3,2.8,2.36,57.5,0
P002618,M4,183.7,5.81,48.5,late,B1,1.7,2.8,46.0,0
P002619,M4,191.9,5.73,46.9,late,B1,3.5,3.09,54.5,0
P002620,M4,183.1,5.83,44.7,night,B2,4.4,2.8,46.4,0
P002621,M4,183.5,6.06,51.2,early,B5,6.3,2.74,43.8,0
P002622,M4,187.8,5.06,42.3,late,B3,10.8,2.27,42.5,0
P002623,M1,189.7,5.68,43.4,early,B1,0.7,2.14,61.9,0
P002624,M4,180.1,6.04,45.9,early,B3,4.9,2.7,45.6,0
P002625,M3,188.2,5.89,43.9,late,B5,3.1,2.14,72.6,0
P002626,M2,184.1,5.41,50.3,early,B3,0.5,2.95,49.2,0
P002627,M3,183.1,4.97,47.8,night,B3,2.4,1.93,41.2,0
P002628,M2,190.7,6.4,52.2,night,B1,5.9,3.62,35.3,0
P002629,M2,191.6,5.73,50.1,early,B5,5.4,2.84,57.9,0
P002630,M1,185.8,6.33,45.6,night,B1,4.2,2.36,46.5,0
P002631,M1,178.1,6.08,44.7,late,B5,2.2,2.08,54.6,0
P002632,M2,176.7,5.52,49.9,late,B2,9.0,3.61,66.6,0
P002633,M4,183.0,4.92,46.1,night,B1,1.6,1.94,53.4,0
P002634,M3,188.3,5.64,46.2,late,B2,2.9,1.98,50.7,1
P002635,M3,185.5,5.79,47.9,early,B1,3.3,2.68,57.8,0
P002636,M2,188.3,5.96,48.7,early,B1,3.6,2.86,54.4,0
P002637,M2,187.0,5.41,49.4,late,B1,12.0,2.49,37.9,0
P002638,M1,185.7,5.86,43.0,night,B4,10.2,2.05,58.7,0
P002639,M4,178.5,5.86,51.9,late,B5,5.3,2.37,47.6,0
P002640,M1,188.3,6.15,41.8,early,B2,3.8,2.35,60.3,0
P002641,M3,187.7,5.69,47.7,early,B4,3.8,3.0,52.1,0
P002642,M4,182.0,5.95,45.0,night,B2,6.2,2.77,57.5,0
P002643,M3,185.4,5.9,50.1,early,B3,7.9,2.76,46.2,0
P002644,M4,174.6,6.11,50.2,late,B2,1.5,2.3,35.9,0
P002645,M2,188.0,5.51,48.2,late,B5,10.9,2.98,52.5,0
P002646,M4,183.3,4.73,52.7,early,B3,5.1,1.8,55.8,0
P002647,M3,189.9,5.72,45.3,early,B3,2.5,2.38,43.5,0
P002648,M4,182.9,5.72,50.2,early,B5,3.5,2.55,46.4,0
P002649,M3,187.8,5.39,43.2,early,B4,5.3,3.12,30.3,0
P002650,M4,181.8,5.27,48.3,late,B1,5.5,3.2,46.8,1
P002651,M4,171.4,5.6,43.3,night,B1,1.8,2.38,38.0,0
P002652,M2,185.8,5.76,48.3,early,B2,3.7,2.38,52.1,1
P002653,M4,185.1,5.83,46.6,late,B1,4.4,2.14,50.7,0
P002654,M3,183.8,5.0,49.3,early,B4,8.0,2.17,48.1,0
P002655,M2,187.9,5.19,45.7,early,B3,8.6,3.34,58.6,0
P002656,M4,181.2,6.2,58.5,night,B1,1.4,2.69,49.9,0
P002657,M2,185.2,5.73,42.9,night,B3,4.0,2.98,49.5,1
P002658,M3,176.8,5.8,46.9,night,B5,2.4,2.67,50.6,0
P002659,M1,173.0,5.33,47.1,early,B5,5.2,1.85,43.3,0
P002660,M1,183.4,5.8,48.0,late,B5,12.0,1.98,55.9,0
P002661,M4,179.9,5.67,44.8,late,B5,7.4,2.73,40.7,1
P002662,M2,192.9,5.58,49.1,night,B4,5.5,2.4,51.4,1
P002663,M2,175.0,5.29,46.1,late,B5,6.6,2.06,57.7,0
P002664,M1,185.6,5.5,53.1,night,B5,9.8,1.81,39.8,0
P002665,M2,198.7,6.49,45.8,early,B4,7.0,3.22,37.3,0
P002666,M4,183.0,5.68,46.2,late,B3,1.6,2.33,39.6,0
P002667,M4,184.0,6.08,44.3,night,B5,11.4,2.6,62.5,0
P002668,M1,186.3,5.73,43.0,early,B3,4.2,1.84,43.1,0
P002669,M3,185.8,5.69,40.7,late,B1,5.1,2.47,38.4,0
P002670,M2,184.8,5.58,50.8,late,B1,8.6,2.63,50.9,0
P002671,M3,177.5,6.27,43.4,night,B3,12.0,2.5,26.2,0
P002672,M2,190.6,5.93,45.2,early,B1,2.9,2.53,40.4,0
P002673,M2,176.5,5.52,44.5,night,B1,8.3,2.98,59.3,0
P002674,M2,191.6,5.66,49.4,late,B2,2.7,2.51,40.4,0
P002675,M3,180.8,6.18,46.1,late,B3,4.8,2.26,45.9,0
P002676,M3,183.0,4.81,46.1,late,B3,1.2,2.18,50.4,0
P002677,M2,184.1,5.91,45.3,early,B3,2.7,2.76,50.4,0
P002678,M4,191.9,5.99,48.5,night,B3,4.6,2.63,43.7,0
P002679,M3,184.4,5.54,43.5,night,B5,5.7,2.08,52.4,0
P002680,M2,185.2,5.85,48.5,night,B2,5.5,2.7,59.6,0
P002681,M4,182.1,5.98,46.3,night,B3,7.6,2.58,39.5,0
P002682,M4,183.2,5.37,40.4,late,B4,3.0,2.73,44.1,0
P002683,M1,197.2,6.09,53.7,late,B2,3.7,2.27,47.2,0
P002684,M3,175.8,5.9,48.2,night,B1,3.8,1.9,53.6,0
P002685,M2,193.0,5.75,48.9,early,B1,3.2,2.79,48.3,0
P002686,M3,186.1,5.84,47.3,night,B2,2.0,2.6,47.0,0
P002687,M1,192.5,6.05,53.8,late,B2,4.3,1.7,35.6,0
P002688,M3,186.5,6.61,50.3,late,B1,6.8,1.71,38.9,0
P002689,M2,187.0,6.01,49.5,early,B2,5.0,2.45,49.5,0
P002690,M3,188.6,6.08,43.3,early,B4,2.9,2.21,43.9,0
P002691,M4,185.3,5.87,44.7,early,B5,4.3,1.51,45.3,0
P002692,M2,191.2,6.47,41.3,late,B3,2.8,3.01,47.5,1
P002693,M4,191.9,5.29,45.4,late,B1,5.8,2.42,66.7,0
P002694,M4,184.5,5.19,49.3,early,B4,6.9,1.44,44.0,0
P002695,M4,181.7,5.85,49.2,early,B1,7.1,2.0,59.1,0
P002696,M1,180.5,6.03,48.3,late,B1,3.4,2.16,58.5,0
P002697,M4,186.5,4.9,44.8,early,B3,2.8,1.7,54.4,0
P002698,M1,179.2,5.8,48.1,night,B3,7.6,2.74,41.2,0
P002699,M2,185.1,5.74,51.3,early,B2,3.3,2.83,49.1,0
P002700,M4,178.7,6.06,38.3,late,B5,4.3,2.81,44.9,0
P002701,M3,185.8,5.95,47.2,early,B1,5.0,1.84,64.1,0
P002702,M3,178.9,5.17,53.9,late,B1,4.0,2.49,51.3,0
P002703,M2,179.9,5.42,47.1,late,B3,6.4,2.45,46.3,0
P002704,M4,177.9,5.52,37.2,late,B3,1.3,2.41,62.3,0
P002705,M3,179.9,6.06,42.9,late,B5,5.5,2.46,45.2,0
P002706,M2,184.4,5.93,41.3,late,B1,2.2,2.72,52.4,0
P002707,M4,185.4,5.58,44.4,early,B3,3.0,2.86,53.6,1
P002708,M1,183.1,5.85,41.3,late,B1,4.6,2.36,50.8,0
P002709,M1,186.0,5.43,49.5,early,B1,1.0,2.09,47.1,0
P002710,M3,185.5,6.52,49.0,late,B3,3.6,2.68,54.7,0
P002711,M4,188.1,6.0,48.1,late,B4,3.2,2.97,43.0,0
P002712,M1,173.5,6.08,50.7,night,B1,3.7,2.34,56.9,0
P002713,M1,177.8,6.28,43.9,late,B5,3.0,2.9,45.7,0
P002714,M1,187.1,6.16,46.3,early,B3,4.3,2.19,58.7,0
P002715,M4,185.2,5.81,55.1,early,B3,2.7,2.44,56.4,0
P002716,M1,189.4,5.74,48.2,early,B5,3.9,2.3,52.4,1
P002717,M3,174.5,6.25,48.2,late,B2,4.5,2.24,47.3,0
P002718,M4,181.4,5.81,43.9,night,B2,7.8,2.36,56.8,0
P002719,M1,182.4,5.54,44.4,night,B4,8.9,1.98,52.6,0
P002720,M3,183.9,6.49,42.2,late,B1,1.4,1.85,25.0,0
P002721,M3,183.2,5.47,52.4,early,B5,8.1,2.35,41.5,1
P002722,M4,186.6,5.19,40.9,night,B5,2.0,3.04,49.3,0
P002723,M2,186.4,6.15,51.7,early,B5,3.9,3.12,50.2,0
P002724,M2,194.5,5.54,50.4,early,B3,1.1,2.92,53.7,0
P002725,M1,193.3,5.95,39.9,night,B4,0.6,2.86,60.4,0
P002726,M3,176.9,6.44,50.3,early,B5,12.0,2.31,52.7,0
P002727,M4,184.2,5.32,45.8,early,B1,4.0,2.06,31.3,0
P002728,M1,188.4,5.79,41.0,early,B2,3.4,2.14,49.6,0
P002729,M2,190.2,6.32,49.6,late,B3,4.9,2.72,57.7,0
P002730,M4,181.8,6.04,43.7,early,B4,3.5,2.27,48.9,0
P002731,M1,185.4,5.74,45.2,late,B4,6.9,2.57,49.6,0
P002732,M2,178.3,6.64,46.3,late,B5,4.7,3.17,44.0,0
P002733,M3,182.9,5.77,42.7,early,B3,6.2,1.52,55.6,0
P002734,M2,179.0,5.94,43.7,early,B1,2.3,2.68,45.2,0
P002735,M2,189.8,6.38,51.2,night,B1,1.2,1.44,52.7,0
P002736,M2,180.9,6.14,49.4,early,B5,7.4,2.71,51.4,0
P002737,M1,184.9,6.26,47.0,late,B3,5.1,2.25,48.4,0
P002738,M3,184.8,5.49,44.6,late,B4,1.6,3.1,51.9,0
P002739,M3,183.4,6.23,46.2,early,B3,1.6,2.96,49.6,0
P002740,M3,179.5,5.86,43.2,late,B5,4.4,2.72,58.2,0
P002741,M1,182.8,5.54,43.1,late,B2,5.9,1.87,53.4,1
P002742,M4,190.5,5.88,53.3,late,B1,2.0,2.04,56.3,0
P002743,M1,181.7,5.87,49.4,night,B4,10.1,1.81,41.9,0
P002744,M4,184.1,6.45,44.7,night,B3,6.4,3.19,41.4,0
P002745,M2,183.9,5.93,42.5,night,B5,7.7,2.34,48.5,0
P002746,M4,189.6,5.53,40.3,late,B1,4.3,2.33,54.0,0
P002747,M1,184.4,5.45,43.6,late,B2,4.0,1.9,52.3,0
P002748,M1,179.8,5.78,46.4,late,B5,1.5,1.73,42.0,0
P002749,M2,187.0,5.33,48.6,early,B5,2.3,2.9,54.2,0
P002750,M1,182.7,5.55,46.6,night,B1,3.7,2.37,43.0,0
P002751,M1,191.7,5.71,47.3,night,B5,5.1,1.3,53.4,0
P002752,M3,182.8,5.65,42.1,early,B1,4.5,1.71,50.3,0
P002753,M4,176.4,6.05,52.5,night,B1,0.8,2.61,46.2,1
P002754,M1,186.7,5.54,45.2,night,B5,1.9,2.27,43.7,0
P002755,M4,193.8,4.94,47.9,late,B1,4.7,2.32,49.1,0
P002756,M4,190.6,5.21,44.3,night,B2,5.2,2.77,48.7,0
P002757,M4,177.9,5.79,48.0,early,B1,3.0,1.85,39.6,0
P002758,M3,181.5,5.59,53.9,early,B3,6.0,2.03,52.8,0
P002759,M3,182.8,5.37,42.2,early,B1,6.0,2.53,57.3,0
P002760,M3,182.9,6.49,41.8,late,B2,12.0,2.01,54.9,0
P002761,M3,185.1,6.09,42.7,early,B2,4.1,2.44,50.5,0
P002762,M4,182.1,5.78,45.5,night,B4,2.9,1.98,44.4,0
P002763,M1,179.0,5.88,44.0,early,B3,2.0,1.93,49.0,0
P002764,M2,192.2,5.71,44.2,early,B1,1.3,1.95,46.9,0
P002765,M1,177.8,5.36,45.8,late,B3,5.8,1.37,49.0,0
P002766,M4,179.6,6.16,52.7,early,B3,5.4,2.29,55.5,0
P002767,M2,180.8,6.1,47.6,late,B2,1.5,2.95,47.1,0
P002768,M3,186.4,5.11,45.6,early,B3,5.8,2.25,33.3,0
P002769,M4,184.6,5.88,48.1,night,B2,4.4,3.02,54.4,0
P002770,M4,188.9,5.92,49.3,late,B2,3.2,2.32,51.2,0
P002771,M1,179.7,5.69,51.2,early,B4,0.7,1.35,49.2,0
P002772,M4,177.1,6.53,47.7,early,B2,5.4,2.65,38.6,0
P002773,M4,181.6,6.5,46.8,early,B2,11.0,2.01,41.3,0
P002774,M1,183.0,5.67,42.2,night,B1,2.2,2.36,42.3,0
P002775,M4,185.2,5.72,49.6,late,B4,4.4,1.47,43.3,0
P002776,M2,177.7,5.68,45.0,late,B4,5.6,2.63,44.1,0
P002777,M3,185.6,5.59,42.7,early,B4,0.4,2.62,38.5,0
P002778,M3,178.1,5.48,46.7,night,B1,1.9,2.56,65.2,0
P002779,M2,183.4,5.98,54.1,early,B3,1.1,2.64,60.0,0
P002780,M1,190.5,6.49,48.8,late,B2,10.9,2.28,50.2,0
P002781,M1,172.0,6.34,45.9,night,B4,0.4,2.08,47.7,0
P002782,M1,185.8,6.08,42.3,early,B2,3.2,2.17,62.6,0
P002783,M3,184.8,4.96,51.8,late,B3,4.8,2.58,61.0,0
P002784,M2,182.5,5.15,48.0,early,B3,2.2,2.41,42.1,0
P002785,M1,181.5,6.17,44.9,early,B4,0.5,2.01,50.0,0
P002786,M3,189.7,6.37,48.1,night,B4,3.3,1.59,46.5,0
P002787,M3,193.8,5.99,44.3,late,B5,2.2,2.59,45.8,0
P002788,M3,188.9,5.69,43.1,night,B3,5.1,2.16,46.7,0
P002789,M4,194.4,6.27,44.3,late,B5,6.4,1.93,47.3,0
P002790,M2,183.2,6.06,45.7,early,B5,1.5,3.12,49.7,0
P002791,M4,175.3,6.2,42.5,late,B3,2.3,2.45,49.7,0
P002792,M1,183.7,5.15,41.3,late,B4,2.4,1.94,59.5,0
P002793,M3,187.4,5.92,49.7,early,B5,6.4,2.68,41.5,0
P002794,M4,173.8,6.42,49.3,late,B5,4.1,2.32,55.7,0
P002795,M4,178.9,5.98,43.7,late,B2,1.5,1.77,39.4,0
P002796,M3,178.5,6.13,49.4,late,B4,7.7,2.71,49.9,0
P002797,M3,185.0,5.81,47.2,early,B3,2.2,1.9,56.3,0
P002798,M2,188.3,5.84,47.0,night,B1,2.7,4.08,52.6,0
P002799,M3,178.7,6.29,41.3,early,B2,1.8,2.07,45.5,0
P002800,M4,185.0,5.57,48.1,early,B5,4.3,1.57,50.3,0
P002801,M4,177.7,5.53,53.9,early,B5,3.0,3.26,61.2,0
P002802,M2,184.7,5.63,48.3,night,B4,9.2,2.7,43.3,0
P002803,M1,177.0,5.81,49.8,early,B5,4.1,2.39,52.5,0
P002804,M3,182.2,5.24,45.2,late,B3,1.9,2.45,55.7,0
P002805,M1,179.6,6.06,49.5,early,B4,3.8,1.66,44.9,0
P002806,M1,187.8,5.74,45.4,late,B1,10.0,1.3,61.9,1
P002807,M2,186.9,6.1,39.1,night,B2,1.4,3.6,64.6,0
P002808,M3,181.8,5.06,43.3,early,B1,5.3,1.57,56.8,0
P002809,M1,193.7,6.1,46.5,night,B5,0.7,3.01,56.8,1
P002810,M1,186.1,6.27,50.1,early,B4,8.8,2.51,34.2,0
P002811,M1,182.0,5.95,45.4,early,B5,2.7,2.35,37.4,0
P002812,M4,180.8,5.81,46.9,late,B3,1.9,2.26,47.3,0
P002813,M3,176.5,6.1,43.8,late,B3,9.7,3.31,42.7,0
P002814,M1,183.6,6.24,51.9,early,B4,3.7,1.96,53.0,0
P002815,M1,185.7,5.98,51.7,late,B3,3.8,1.98,25.2,1
P002816,M3,172.5,6.01,43.4,early,B2,2.7,2.58,53.0,0
P002817,M2,179.5,6.38,42.4,late,B2,2.8,2.42,46.6,0
P002818,M3,180.2,6.07,39.1,late,B3,0.6,1.82,43.7,0
P002819,M2,181.0,5.52,50.5,night,B1,5.3,2.7,63.3,0
P002820,M4,184.2,6.24,47.3,late,B1,1.1,2.79,45.5,0
P002821,M2,188.0,5.76,45.2,late,B1,7.0,3.57,35.1,1
P002822,M3,182.3,5.81,47.0,late,B1,1.6,3.21,51.7,1
P002823,M1,187.0,5.84,41.3,early,B1,4.0,1.47,51.1,0
P002824,M4,180.8,6.14,49.8,early,B1,2.4,2.95,46.6,0
P002825,M4,183.7,6.41,45.3,night,B1,2.7,2.03,66.8,0
P002826,M3,177.5,5.81,41.9,early,B5,3.2,1.86,49.7,0
P002827,M2,188.6,6.41,46.8,night,B1,4.7,2.48,56.1,0
P002828,M1,184.4,5.86,44.5,early,B3,9.5,2.0,50.6,0
P002829,M4,177.4,6.29,48.2,night,B1,2.7,2.0,58.2,0
P002830,M3,182.1,5.87,50.4,early,B5,0.5,1.23,45.4,0
P002831,M1,183.8,5.63,50.2,night,B2,8.2,2.93,39.5,0
P002832,M2,188.5,6.47,48.8,late,B4,5.8,3.13,54.1,0
P002833,M2,188.7,5.59,47.5,early,B4,1.6,2.72,50.4,0
P002834,M4,180.0,5.57,44.6,late,B4,1.3,2.04,54.4,0
P002835,M3,187.2,5.36,39.3,late,B4,4.9,2.83,43.1,0
P002836,M3,185.9,6.24,45.9,early,B3,4.3,2.25,51.8,0
P002837,M3,179.0,6.33,42.8,early,B4,11.0,2.02,35.2,0
P002838,M2,180.7,5.93,52.8,late,B5,5.3,1.99,44.2,0
P002839,M2,183.4,5.46,47.4,late,B2,2.3,2.97,42.4,0
P002840,M1,175.9,5.8,48.8,early,B5,1.9,2.13,52.0,0
P002841,M4,185.1,5.69,45.0,night,B5,3.9,2.59,44.1,0
P002842,M2,193.5,5.44,45.6,early,B4,0.7,2.8,37.0,0
P002843,M2,194.8,5.63,50.5,early,B5,1.0,3.01,43.5,1
P002844,M1,178.0,5.98,47.1,late,B1,1.4,2.37,52.8,0
P002845,M1,188.3,5.59,47.2,early,B3,2.2,2.14,49.0,0
P002846,M3,183.5,5.9,45.6,early,B4,3.6,2.53,42.0,0
P002847,M1,170.8,5.18,49.0,late,B5,5.6,2.71,54.7,0
P002848,M1,182.2,6.39,48.5,early,B1,8.5,2.97,60.5,0
P002849,M4,181.6,5.66,38.5,early,B5,7.5,1.97,55.3,0
P002850,M2,193.7,6.1,47.2,late,B1,6.7,3.23,29.5,0
P002851,M2,182.2,5.87,52.1,late,B2,2.7,2.01,49.9,0
P002852,M2,190.1,5.94,44.3,night,B4,1.9,3.18,46.9,1
P002853,M4,183.4,5.4,40.4,late,B2,4.8,2.21,31.7,0
P002854,M2,179.0,5.53,47.7,late,B5,5.0,3.11,37.7,0
P002855,M4,181.0,5.54,48.8,early,B5,1.5,3.15,54.4,0
P002856,M4,192.4,5.81,45.1,night,B1,3.1,2.58,49.5,0
P002857,M3,182.0,6.26,50.9,early,B2,1.8,2.28,48.6,0
P002858,M2,192.0,5.95,55.2,early,B1,0.9,2.71,42.8,0
P002859,M3,187.7,5.48,38.7,night,B4,4.6,2.09,56.7,0
P002860,M2,184.5,5.83,46.7,late,B5,6.6,3.26,38.2,0
P002861,M2,179.9,5.77,39.5,late,B4,10.4,2.7,40.9,0
P002862,M3,176.7,5.68,48.5,early,B1,3.3,1.32,45.5,0
P002863,M2,195.0,5.79,45.6,early,B1,0.8,3.15,35.8,0
P002864,M1,184.8,6.07,44.2,late,B1,11.5,2.67,40.9,0
P002865,M2,177.5,5.55,52.6,late,B3,12.0,2.77,56.5,0
P002866,M1,188.6,5.68,41.0,late,B4,12.0,1.95,41.2,1
P002867,M2,177.2,6.14,42.2,early,B1,12.0,2.23,54.2,0
P002868,M3,178.5,5.96,37.3,early,B5,4.4,1.95,53.1,0
P002869,M4,184.4,6.25,51.6,late,B2,3.7,2.59,46.7,0
P002870,M1,197.9,6.3,49.9,late,B3,6.2,1.47,36.6,0
P002871,M3,187.5,5.32,44.9,early,B4,1.1,2.49,48.5,0
P002872,M2,184.3,5.9,43.4,early,B3,2.1,2.78,31.1,0
P002873,M1,184.2,5.62,49.2,early,B3,3.4,2.88,43.8,0
P002874,M1,189.1,5.38,56.5,early,B2,7.7,2.62,49.9,0
P002875,M1,191.8,5.52,45.1,late,B3,7.9,1.97,55.0,0
P002876,M1,182.6,5.69,41.4,early,B2,3.5,1.54,46.8,0
P002877,M2,185.8,5.7,52.9,late,B2,1.2,2.38,43.1,0
P002878,M2,182.4,5.59,43.9,night,B4,6.6,3.37,42.5,0
P002879,M3,186.7,5.8,44.6,night,B5,1.1,2.43,44.3,0
P002880,M1,189.6,6.66,36.0,night,B5,2.5,2.57,53.0,0
P002881,M1,173.3,5.2,44.8,early,B2,4.4,2.02,50.8,0
P002882,M1,181.8,6.2,41.1,early,B2,1.0,2.52,47.8,0
P002883,M3,176.3,5.79,50.8,early,B1,2.0,1.62,53.0,0
P002884,M2,187.8,5.65,44.5,late,B2,7.2,3.17,48.0,0
P002885,M3,176.2,5.09,49.0,early,B3,6.2,1.78,37.3,0
P002886,M1,176.7,6.07,45.6,early,B2,1.3,1.41,39.1,0
P002887,M1,190.2,5.3,46.5,early,B4,4.7,3.32,52.8,0
P002888,M4,183.1,6.09,48.8,early,B1,0.7,2.56,37.0,0
P002889,M1,183.7,6.41,45.8,late,B3,5.8,2.35,45.0,0
P002890,M1,186.4,5.35,43.5,late,B2,2.2,1.46,47.1,0
P002891,M1,189.3,6.21,42.9,late,B3,3.2,2.58,39.7,0
P002892,M4,181.7,5.81,48.7,night,B1,4.0,2.9,34.7,0
P002893,M3,180.8,5.07,38.8,early,B3,1.4,2.21,38.6,0
P002894,M3,180.8,5.38,52.4,early,B4,2.1,2.7,33.5,0
P002895,M4,189.9,5.86,47.3,early,B5,10.6,3.03,52.9,0
P002896,M1,183.6,5.94,44.7,late,B2,3.0,2.54,51.2,0
P002897,M4,182.4,5.25,47.8,late,B3,4.2,1.53,41.9,0
P002898,M1,186.1,5.81,43.7,early,B4,4.2,1.78,37.1,0
P002899,M3,193.1,6.09,45.3,night,B3,8.7,3.06,57.3,0
P002900,M2,187.4,6.15,43.9,early,B3,6.5,2.79,51.5,0
P002901,M2,185.5,5.66,49.6,early,B2,1.5,2.79,43.0,1
P002902,M4,194.7,5.95,46.5,late,B5,9.4,2.13,57.5,0
P002903,M1,191.3,6.18,46.7,night,B4,11.7,2.01,49.1,0
P002904,M4,190.5,6.1,52.4,late,B5,1.5,3.04,50.5,0
P002905,M2,184.2,6.11,45.1,night,B4,2.9,3.42,39.7,0
P002906,M3,179.7,5.84,45.5,early,B2,3.4,2.66,35.9,0
P002907,M4,173.9,5.77,40.5,late,B2,3.0,2.75,35.4,0
P002908,M1,189.3,5.9,48.1,night,B1,5.8,2.58,64.7,0
P002909,M4,184.4,5.53,46.7,late,B4,3.2,2.47,41.4,0
P002910,M3,173.1,6.19,46.1,early,B4,2.5,1.76,48.5,0
P002911,M3,189.6,5.26,45.4,night,B2,6.0,1.66,51.7,0
P002912,M1,182.1,5.62,43.8,early,B1,0.5,2.89,47.8,0
P002913,M3,181.8,5.79,55.5,late,B5,4.4,2.29,46.8,0
P002914,M3,174.7,5.96,46.1,night,B2,5.3,2.51,46.6,0
P002915,M2,189.7,6.03,49.3,night,B3,9.0,2.84,51.8,0
P002916,M1,186.8,6.32,41.7,night,B1,3.9,2.42,39.7,0
P002917,M1,183.7,5.83,49.4,night,B1,0.8,2.46,44.5,0
P002918,M4,181.7,5.55,46.3,early,B5,4.1,2.81,29.6,0
P002919,M1,198.4,5.75,47.7,night,B4,0.7,1.95,33.1,0
P002920,M3,176.4,5.69,49.4,late,B1,4.9,2.83,37.6,0
P002921,M4,180.0,5.98,46.4,late,B1,8.0,2.17,54.8,0
P002922,M1,187.9,5.43,43.4,early,B3,3.6,2.41,45.8,0
P002923,M1,178.4,5.74,37.2,night,B4,3.2,1.77,53.6,1
P002924,M3,177.0,6.37,44.5,late,B3,6.4,2.23,51.1,0
P002925,M1,190.2,5.86,43.4,night,B5,4.8,2.0,50.1,0
P002926,M3,186.3,5.43,41.7,early,B4,6.0,2.31,40.4,0
P002927,M3,185.7,5.68,51.5,early,B4,12.0,2.63,48.6,0
P002928,M3,184.0,5.02,49.7,late,B2,2.6,2.33,50.0,0
P002929,M2,183.2,5.78,41.2,early,B4,5.2,3.63,65.6,0
P002930,M3,181.6,6.38,46.6,late,B5,9.5,2.66,45.2,0
P002931,M3,182.6,5.38,42.9,early,B1,9.6,2.2,53.9,1
P002932,M1,188.7,5.29,47.4,late,B4,5.5,2.26,47.0,0
P002933,M3,185.3,5.57,43.0,early,B5,3.1,2.47,42.4,0
P002934,M4,178.9,6.12,44.8,early,B3,6.0,2.82,55.0,0
P002935,M3,187.3,6.4,49.7,late,B4,6.1,1.74,63.1,0
P002936,M2,177.8,5.96,51.3,early,B2,6.8,3.04,50.1,1
P002937,M2,185.2,5.35,53.9,early,B1,1.6,2.21,42.5,1
P002938,M1,177.7,5.79,45.2,early,B5,11.5,2.54,51.7,0
P002939,M1,179.3,6.43,40.5,early,B2,9.5,2.8,50.2,0
P002940,M1,194.6,5.69,49.5,late,B4,3.7,2.43,65.7,1
P002941,M4,175.9,5.85,50.3,early,B2,8.9,1.45,53.9,0
P002942,M1,179.5,5.88,48.4,early,B2,3.5,1.5,40.5,1
P002943,M4,186.8,5.26,44.0,late,B4,10.3,2.75,58.2,0
P002944,M1,181.4,6.15,41.9,late,B2,4.1,1.2,54.2,0
P002945,M2,187.9,6.1,50.2,late,B5,1.9,3.02,55.5,0
P002946,M2,194.9,5.1,44.8,early,B1,12.0,3.19,51.6,0
P002947,M2,190.6,5.33,47.0,night,B1,6.6,3.26,56.1,1
P002948,M4,181.4,5.46,57.8,late,B1,3.3,2.39,51.5,0
P002949,M4,183.3,6.06,54.9,early,B2,10.9,2.7,46.0,0
P002950,M4,186.9,5.54,49.8,night,B1,6.0,2.59,49.1,0
P002951,M1,187.5,5.94,43.5,late,B2,3.0,1.64,47.1,0
P002952,M4,184.1,5.74,44.1,late,B1,10.9,2.84,50.7,0
P002953,M1,186.0,5.82,48.7,night,B4,6.7,2.93,48.6,0
P002954,M4,186.0,5.97,52.5,early,B1,4.9,2.81,45.5,0
P002955,M3,182.5,5.9,44.1,night,B5,3.9,2.07,46.5,0
P002956,M2,183.7,5.79,46.5,late,B5,1.8,3.08,48.0,0
P002957,M1,188.1,5.91,46.3,early,B4,0.3,2.88,33.8,0
P002958,M1,185.6,5.88,40.7,early,B4,6.3,2.82,56.2,0
P002959,M1,172.6,5.73,40.8,early,B4,1.5,2.76,50.8,0
P002960,M4,179.5,5.65,42.3,night,B5,1.8,1.78,43.1,0
P002961,M4,181.4,6.46,48.9,early,B3,3.4,2.68,52.7,0
P002962,M4,182.9,5.65,47.8,early,B4,3.5,2.79,43.9,0
P002963,M1,190.6,6.28,50.3,late,B3,2.0,2.77,43.9,0
P002964,M3,200.6,5.56,39.4,late,B4,6.3,2.53,51.0,0
P002965,M2,173.5,6.08,42.4,early,B2,0.9,3.45,59.4,0
P002966,M3,184.7,6.42,47.7,night,B1,6.2,1.48,50.2,0
P002967,M2,187.4,5.68,44.9,late,B5,3.1,3.0,41.8,0
P002968,M2,186.0,5.57,45.2,night,B4,1.9,2.97,45.2,0
P002969,M3,186.0,5.65,49.8,early,B4,0.9,2.71,54.8,0
P002970,M1,184.8,5.79,43.9,early,B2,4.4,2.99,51.2,0
P002971,M2,185.0,5.91,46.5,late,B4,1.4,2.35,55.7,0
P002972,M3,183.2,5.79,45.0,early,B3,1.2,2.98,51.1,0
P002973,M1,187.1,5.65,45.3,late,B1,9.4,2.67,54.2,0
P002974,M4,186.5,6.48,49.4,early,B5,1.1,2.42,64.1,0
P002975,M3,184.0,5.73,41.4,night,B5,0.8,1.89,37.2,0
P002976,M4,180.8,5.58,46.1,night,B5,5.9,2.59,67.3,0
P002977,M3,198.5,6.09,50.4,night,B3,4.7,2.43,55.5,0
P002978,M3,185.0,6.1,54.1,night,B2,2.5,2.45,69.0,0
P002979,M3,187.2,6.29,40.8,night,B1,1.7,2.02,40.1,0
P002980,M4,181.2,6.47,48.1,late,B4,2.1,2.77,51.1,0
P002981,M3,184.0,5.92,45.3,early,B5,2.5,2.12,49.3,0
P002982,M2,188.0,5.7,47.8,night,B1,5.4,3.3,55.1,0
P002983,M1,173.5,5.13,43.0,night,B4,4.5,3.07,51.8,0
P002984,M3,179.1,5.47,48.9,night,B1,2.9,1.93,50.9,0
P002985,M1,180.0,5.87,48.7,night,B4,2.9,2.33,54.2,0
P002986,M1,180.7,5.39,55.6,early,B1,6.1,2.74,47.1,0
P002987,M1,178.1,5.25,41.0,night,B5,1.9,2.42,43.9,0
P002988,M3,183.2,5.82,39.4,night,B1,0.9,1.69,51.6,1
P002989,M1,191.7,6.07,53.8,late,B3,8.8,2.69,43.9,0
P002990,M3,183.7,5.71,45.8,night,B4,2.9,2.03,47.0,1
P002991,M4,177.5,6.11,45.1,late,B5,12.0,2.59,36.5,0
P002992,M4,178.3,6.02,47.5,night,B2,2.6,2.05,48.4,0
P002993,M2,184.9,6.2,42.9,early,B5,3.8,3.11,40.6,0
P002994,M3,175.2,6.56,47.4,night,B1,1.8,2.11,47.7,0
P002995,M3,184.7,6.71,45.7,early,B3,4.5,2.71,39.3,1
P002996,M2,194.4,6.06,52.3,early,B5,2.9,2.65,47.8,0
P002997,M3,179.8,5.64,49.3,early,B2,3.2,2.08,55.2,0
P002998,M1,184.4,5.82,49.6,late,B3,4.1,2.49,43.2,0
P002999,M4,181.6,6.35,47.5,early,B3,2.6,2.02,40.5,0
P003000,M1,180.5,5.49,52.1,night,B2,4.4,3.11,54.3,0
P003001,M4,185.0,6.31,49.0,late,B4,2.2,2.58,55.3,0
P003002,M3,179.4,5.74,44.0,night,B3,4.3,2.05,51.4,0
P003003,M1,179.6,5.88,42.9,early,B4,0.7,2.12,44.3,0
P003004,M3,174.1,5.52,43.4,early,B3,1.1,2.31,43.0,0
P003005,M1,184.4,5.34,48.2,night,B5,1.8,2.75,45.3,0
P003006,M4,189.9,5.7,41.7,late,B3,1.3,2.1,47.5,0
P003007,M3,186.9,6.26,46.6,late,B4,1.4,2.13,34.2,0
P003008,M1,192.2,5.55,42.8,night,B4,5.2,2.28,40.1,0
P003009,M1,180.3,6.36,41.2,night,B5,3.0,2.99,58.0,0
P003010,M4,188.7,5.6,42.7,late,B5,2.6,2.95,49.7,0
P003011,M2,180.9,5.43,48.1,night,B2,4.5,3.47,57.8,0
P003012,M4,187.9,5.89,49.7,late,B2,4.7,2.51,56.1,0
P003013,M4,193.0,6.04,44.2,late,B2,2.4,3.14,45.5,0
P003014,M3,185.7,5.87,38.1,early,B3,7.3,2.87,45.6,0
P003015,M2,196.1,5.85,60.2,early,B3,3.1,3.06,55.7,1
P003016,M3,179.7,6.36,50.2,early,B1,5.5,2.65,54.1,0
P003017,M4,183.3,5.83,50.3,night,B5,2.2,2.23,55.9,0
P003018,M1,179.0,5.64,52.2,late,B5,4.3,3.12,47.9,0
P003019,M2,187.2,5.4,48.6,early,B4,5.9,2.64,49.1,0
P003020,M1,185.5,6.25,45.5,late,B2,5.4,2.55,46.0,0
P003021,M2,187.1,5.65,53.4,early,B5,5.1,3.05,47.6,0
P003022,M3,180.4,5.69,51.1,early,B2,2.1,1.68,42.5,0
P003023,M2,184.3,6.17,50.5,night,B2,1.3,2.73,47.4,1
P003024,M3,184.9,6.52,49.4,late,B5,1.1,2.39,46.7,0
P003025,M2,186.1,5.89,43.5,early,B5,2.5,2.7,44.3,0
P003026,M1,177.7,5.75,45.0,late,B3,2.4,2.28,54.3,0
P003027,M2,176.6,5.8,54.7,early,B1,4.7,3.42,36.7,0
P003028,M4,180.7,5.64,49.9,late,B1,3.7,2.13,50.7,0
P003029,M3,175.4,5.68,40.4,night,B5,1.2,1.73,40.6,0
P003030,M2,182.4,5.68,46.2,late,B2,6.6,2.49,41.2,0
P003031,M4,181.7,6.12,52.7,late,B4,4.2,2.83,41.9,0
P003032,M1,183.2,5.77,47.7,early,B2,2.0,2.68,51.8,0
P003033,M2,183.3,6.28,48.9,late,B3,2.2,3.02,29.9,1
P003034,M1,196.1,5.76,46.8,early,B5,8.7,2.71,49.3,0
P003035,M4,177.1,5.67,46.5,early,B3,1.3,2.62,48.4,0
P003036,M3,189.7,6.25,44.0,night,B3,9.0,2.07,40.2,0
P003037,M3,182.1,5.81,42.8,late,B3,2.9,1.87,49.5,0
P003038,M1,180.4,5.76,49.8,late,B2,3.1,1.73,38.3,0
P003039,M1,187.2,5.81,46.9,early,B3,4.5,2.2,47.6,0
P003040,M3,180.5,6.31,48.7,night,B3,0.9,2.65,38.0,0
P003041,M2,182.6,5.91,50.3,early,B1,4.1,2.86,64.4,0
P003042,M4,193.8,6.24,52.2,late,B3,5.8,2.51,54.9,0
P003043,M4,171.9,5.72,48.5,night,B4,2.5,2.03,50.0,0
P003044,M2,185.7,6.18,51.3,late,B1,3.4,3.91,40.4,0
P003045,M3,184.0,5.88,46.6,night,B5,12.0,1.93,45.8,0
P003046,M4,191.7,6.11,43.2,early,B5,6.3,2.55,46.1,0
P003047,M2,184.8,6.14,47.3,late,B4,1.7,3.2,49.9,0
P003048,M3,197.6,5.47,48.2,night,B1,2.3,2.32,51.2,0
P003049,M4,188.2,5.83,49.4,late,B3,2.8,2.14,49.8,0
P003050,M1,171.0,6.14,51.5,late,B5,6.5,2.66,50.7,0
P003051,M4,176.0,6.19,45.1,early,B1,1.7,1.9,46.6,0
P003052,M1,185.3,6.24,46.9,night,B4,5.5,3.08,50.7,0
P003053,M3,176.7,5.84,45.5,night,B5,5.5,2.43,42.9,0
P003054,M4,187.0,6.34,53.0,late,B1,3.6,2.39,39.5,0
P003055,M3,180.5,5.57,47.4,night,B2,6.7,1.66,62.8,0
P003056,M2,180.4,5.28,49.7,late,B4,1.8,2.23,51.3,0
P003057,M3,177.7,5.7,45.9,late,B5,7.6,2.28,62.4,0
P003058,M1,188.7,6.22,45.1,early,B4,0.7,3.15,45.8,0
P003059,M1,172.9,5.42,40.5,late,B3,1.6,2.4,67.3,0
P003060,M2,192.7,5.29,43.4,night,B4,0.7,2.91,48.6,0
P003061,M3,188.9,5.2,46.7,late,B3,1.9,2.47,57.2,0
P003062,M2,185.2,6.06,48.4,early,B3,5.5,3.81,48.3,0
P003063,M1,176.3,5.29,46.7,late,B4,4.6,2.1,49.3,0
P003064,M4,187.1,5.99,50.4,night,B1,4.1,3.2,47.1,0
P003065,M2,184.3,5.69,48.6,night,B2,1.9,2.57,44.1,1
P003066,M2,178.7,5.53,46.9,early,B1,3.4,2.43,55.8,0
P003067,M2,197.5,5.45,47.4,early,B4,7.6,2.71,47.9,0
P003068,M1,179.1,5.87,46.9,late,B4,1.9,2.26,54.6,0
P003069,M3,174.9,5.54,44.6,early,B1,2.0,2.55,55.2,0
P003070,M2,188.6,5.8,52.2,night,B1,2.1,1.7,59.3,0
P003071,M1,183.6,5.94,46.0,late,B2,4.0,2.37,51.4,0
P003072,M4,192.2,6.01,47.8,late,B2,5.2,2.23,35.9,0
P003073,M4,181.9,6.13,43.7,early,B3,6.0,2.17,45.4,0
P003074,M3,181.0,5.86,50.0,late,B3,2.8,1.72,47.8,1
P003075,M4,185.8,5.43,52.3,night,B2,2.6,2.34,48.1,0
P003076,M4,185.1,5.96,41.6,late,B1,2.3,2.27,58.5,0
P003077,M2,188.3,6.03,49.7,early,B4,5.0,2.56,57.1,0
P003078,M3,184.5,5.74,45.6,early,B4,0.9,1.56,46.8,0
P003079,M3,183.9,5.7,47.1,night,B4,3.1,2.34,67.4,0
P003080,M2,184.7,6.67,49.9,night,B5,3.1,2.39,45.2,0
P003081,M1,188.6,5.35,37.5,early,B5,5.5,1.56,45.9,0
P003082,M1,182.0,5.97,48.9,late,B5,1.2,2.05,39.3,0
P003083,M3,187.4,6.17,50.2,early,B4,5.8,1.95,35.5,0
P003084,M4,191.6,5.68,51.5,late,B1,4.8,2.52,38.6,0
P003085,M4,180.3,5.74,43.2,early,B2,10.7,2.25,56.1,0
P003086,M2,200.2,5.66,48.1,night,B3,9.4,2.1,53.9,0
P003087,M1,180.1,5.8,44.0,night,B4,7.3,1.9,40.9,0
P003088,M2,183.1,6.11,40.9,early,B5,0.5,1.97,48.8,0
P003089,M3,186.0,5.73,43.6,late,B4,1.3,2.81,54.5,0
P003090,M4,186.4,6.89,42.7,early,B2,6.7,3.08,31.7,0
P003091,M4,184.4,5.64,48.1,early,B4,3.1,3.14,62.2,0
P003092,M4,188.5,6.28,40.6,early,B4,9.4,2.23,56.4,0
P003093,M4,185.4,5.99,43.1,early,B4,3.7,3.08,54.5,0
P003094,M4,195.4,5.84,44.8,night,B3,5.4,2.68,57.6,0
P003095,M2,186.7,6.31,51.1,early,B4,5.1,2.38,31.7,0
P003096,M1,179.3,5.24,56.6,night,B2,3.6,2.02,46.3,1
P003097,M1,181.0,5.95,47.2,early,B2,6.8,2.22,58.1,0
P003098,M2,189.6,5.55,44.3,late,B2,5.7,2.8,47.9,0
P003099,M2,189.7,5.65,45.6,late,B2,1.4,2.91,53.9,0
P003100,M1,185.1,5.63,48.5,night,B4,12.0,2.3,59.6,0
P003101,M4,179.3,5.46,41.7,early,B2,1.3,2.34,53.6,0
P003102,M1,190.1,5.22,50.2,early,B1,2.0,2.91,45.9,0
P003103,M4,194.7,5.94,47.8,late,B1,5.3,2.45,52.6,0
P003104,M4,184.2,5.78,46.3,late,B5,4.7,2.42,34.6,0
P003105,M3,193.0,5.69,39.6,late,B3,6.0,2.2,51.9,0
P003106,M3,187.8,6.07,49.5,early,B3,3.0,2.25,54.0,0
P003107,M2,199.2,5.96,45.3,early,B5,4.9,2.14,49.2,0
P003108,M3,185.6,5.71,46.6,night,B1,2.1,1.85,57.3,0
P003109,M1,184.8,6.87,45.4,late,B5,3.7,3.4,50.2,0
P003110,M4,188.6,6.16,40.8,late,B4,8.7,1.76,49.2,0
P003111,M2,184.6,6.66,47.3,early,B4,1.3,2.87,62.7,0
P003112,M2,189.2,5.65,43.6,early,B3,7.0,2.9,40.3,0
P003113,M3,190.3,5.89,43.5,night,B4,3.2,2.76,59.1,0
P003114,M3,187.5,5.37,47.6,late,B2,1.8,2.47,58.5,0
P003115,M2,186.8,5.68,50.9,early,B2,1.9,3.6,54.8,1
P003116,M3,184.1,5.6,45.9,night,B5,3.1,2.41,44.8,0
P003117,M1,188.2,6.85,42.6,late,B2,7.3,2.91,50.7,0
P003118,M3,187.0,5.56,43.5,early,B4,4.9,2.77,41.6,0
P003119,M2,191.1,5.72,45.7,early,B5,1.2,3.44,43.5,0
P003120,M2,188.9,5.29,40.1,late,B3,6.8,2.76,49.1,0
P003121,M1,179.5,5.99,46.3,early,B2,6.1,2.48,40.9,0
P003122,M2,183.3,5.48,41.9,late,B5,0.7,2.58,46.1,0
P003123,M2,189.5,6.12,48.5,late,B5,1.7,2.82,39.2,0
P003124,M2,191.6,5.17,42.7,early,B3,7.8,2.85,53.2,1
P003125,M1,187.9,5.76,41.4,night,B1,3.6,1.37,61.1,0
P003126,M1,180.3,5.15,48.5,early,B3,6.8,2.24,65.6,0
P003127,M3,182.2,5.63,46.1,late,B3,0.4,2.7,39.7,0
P003128,M1,177.5,5.7,38.8,late,B1,0.2,1.69,41.1,0
P003129,M3,175.3,5.59,43.9,late,B3,5.6,1.86,47.6,0
P003130,M4,184.4,5.62,47.8,late,B1,2.3,3.02,54.6,0
P003131,M2,194.5,6.14,45.8,late,B4,5.8,3.35,47.3,0
P003132,M4,184.5,6.56,45.5,night,B3,6.8,2.22,56.6,0
P003133,M1,194.5,5.92,46.9,night,B4,2.3,2.38,53.2,0
P003134,M1,183.1,5.5,46.2,night,B3,3.4,2.26,34.8,0
P003135,M3,183.2,5.82,42.2,early,B4,2.8,2.83,49.4,0
P003136,M4,178.5,5.68,46.9,late,B4,2.3,2.26,39.0,0
P003137,M4,182.1,6.11,45.7,late,B1,4.2,2.33,44.4,1
P003138,M1,177.5,5.9,52.6,early,B3,6.4,2.9,45.6,0
P003139,M4,175.5,5.25,46.4,night,B4,2.0,2.05,54.8,0
P003140,M2,180.5,6.18,48.7,early,B3,2.0,2.53,48.7,0
P003141,M2,187.5,6.14,49.2,early,B2,2.3,2.81,45.2,1
P003142,M1,179.9,6.32,44.8,early,B5,5.3,2.99,65.7,0
P003143,M4,181.3,5.62,44.1,early,B1,6.8,1.96,41.8,0
P003144,M1,186.3,5.91,47.7,early,B5,2.8,1.98,51.2,0
P003145,M4,175.5,5.39,48.6,late,B4,0.6,2.77,54.2,0
P003146,M3,183.4,5.78,53.9,late,B2,1.5,2.64,50.2,0
P003147,M3,187.7,5.94,48.8,early,B1,2.7,2.4,41.7,0
P003148,M3,188.1,5.58,48.9,early,B5,1.8,2.25,41.3,0
P003149,M4,186.8,5.92,49.5,night,B3,1.2,2.56,53.9,0
P003150,M1,183.7,5.86,43.4,early,B5,3.7,1.62,57.3,0
P003151,M1,180.6,5.64,41.2,late,B5,12.0,2.35,48.5,0
P003152,M3,182.5,6.29,42.2,late,B1,1.6,2.97,38.3,0
P003153,M2,196.1,5.72,50.8,late,B4,4.3,2.16,49.0,0
P003154,M1,185.5,5.85,51.4,night,B2,5.2,1.95,61.0,0
P003155,M1,183.4,5.29,48.8,late,B5,5.5,2.12,40.8,0
P003156,M2,190.1,5.98,47.6,night,B2,3.4,2.6,46.3,0
P003157,M1,184.3,5.63,52.4,night,B1,1.2,3.13,49.4,0
P003158,M1,185.2,6.14,44.3,early,B4,6.4,1.88,57.6,0
P003159,M4,182.6,5.34,42.4,early,B3,0.8,1.99,44.6,0
P003160,M2,184.7,5.95,49.2,early,B3,3.2,3.1,52.8,0
P003161,M4,189.5,5.04,51.7,early,B2,2.9,2.21,60.0,0
P003162,M4,173.3,6.02,43.6,late,B3,1.3,2.85,37.0,0
P003163,M1,186.6,5.74,39.5,early,B5,2.3,2.21,38.4,0
P003164,M3,180.4,5.94,46.1,early,B4,5.3,2.51,48.1,0
P003165,M3,172.5,5.59,48.9,early,B5,3.2,1.59,56.7,0
P003166,M3,177.6,5.47,34.7,late,B2,1.0,2.51,51.5,0
P003167,M1,183.8,5.65,49.7,late,B5,5.9,2.4,57.4,0
P003168,M1,184.6,5.87,40.8,night,B2,10.5,2.19,35.3,0
P003169,M1,188.1,6.0,48.8,early,B5,1.1,1.75,51.7,0
P003170,M3,187.4,5.91,38.4,early,B5,3.4,2.4,26.1,0
P003171,M4,175.5,5.47,41.2,night,B1,3.5,2.83,59.5,0
P003172,M3,185.1,6.44,48.4,late,B5,1.1,2.06,58.4,0
P003173,M3,187.0,5.92,50.6,late,B4,7.9,2.07,46.3,0
P003174,M4,185.2,5.58,46.8,late,B4,3.5,2.86,30.4,0
P003175,M3,185.8,5.95,55.1,early,B3,6.5,3.07,47.2,0
P003176,M1,173.4,5.89,42.1,night,B2,4.4,2.72,57.8,0
P003177,M4,178.6,5.74,42.9,late,B5,7.7,2.6,52.2,0
P003178,M2,194.5,5.7,47.1,late,B1,4.4,2.64,63.7,0
P003179,M1,182.5,6.14,44.7,late,B5,2.5,2.29,46.5,0
P003180,M3,195.2,6.4,47.1,early,B2,5.1,1.7,65.1,0
P003181,M4,177.0,5.09,44.0,early,B4,1.8,2.43,32.7,0
P003182,M2,195.6,6.23,50.4,night,B3,5.4,3.25,42.8,0
P003183,M2,183.6,5.81,50.3,late,B2,1.6,2.77,38.5,0
P003184,M1,188.7,5.88,52.1,early,B2,3.3,2.02,54.8,0
P003185,M1,182.4,6.27,44.1,early,B2,2.8,1.98,39.2,0
P003186,M1,184.6,4.87,47.3,night,B5,4.2,2.29,56.9,0
P003187,M3,186.3,6.09,48.3,early,B4,8.6,1.74,54.4,0
P003188,M4,180.6,6.25,46.8,late,B4,2.3,2.09,50.3,0
P003189,M1,188.4,5.56,45.2,late,B4,6.2,2.99,48.0,0
P003190,M2,185.5,5.31,40.4,night,B3,7.9,2.28,40.4,0
P003191,M1,185.0,6.37,46.3,late,B5,6.1,1.94,53.7,0
P003192,M1,169.5,5.19,48.3,night,B2,4.2,2.43,44.8,0
P003193,M3,181.1,5.95,45.8,early,B5,4.0,2.1,55.0,0
P003194,M3,189.9,6.16,43.0,night,B2,2.2,2.34,60.8,0
P003195,M3,186.8,5.94,39.6,night,B2,0.8,2.69,46.3,0
P003196,M2,191.9,6.0,49.9,late,B3,3.6,2.05,59.4,1
P003197,M3,183.3,5.71,46.1,late,B4,8.3,2.64,50.3,0
P003198,M1,193.2,5.96,51.3,early,B4,9.1,2.04,53.6,0
P003199,M1,185.6,5.55,40.5,late,B4,1.0,2.17,38.2,0
P003200,M4,180.4,5.6,45.0,early,B1,8.9,3.36,43.3,0
P003201,M4,188.7,5.81,41.8,early,B1,5.2,1.87,43.2,0
P003202,M4,189.1,5.26,50.7,night,B5,4.8,2.77,59.6,0
P003203,M4,187.5,6.0,51.5,early,B5,8.3,3.01,46.0,1
P003204,M3,180.8,4.93,53.3,late,B1,6.8,1.99,53.8,0
P003205,M4,185.5,5.93,48.8,early,B5,1.6,2.2,48.2,0
P003206,M2,194.7,5.96,51.2,early,B2,2.0,2.58,46.0,0
P003207,M1,186.6,5.52,47.7,early,B5,0.7,1.99,37.0,0
P003208,M1,175.9,5.37,48.2,early,B5,4.7,2.33,33.5,0
P003209,M1,180.5,5.66,46.2,late,B4,1.7,2.7,46.1,0
P003210,M1,180.3,6.02,48.4,night,B1,2.5,2.14,46.6,0
P003211,M2,182.9,5.92,56.3,late,B4,7.7,3.17,41.8,0
P003212,M3,171.4,5.41,46.8,night,B1,5.1,2.93,50.0,0
P003213,M4,194.4,5.84,46.9,late,B2,5.2,2.69,64.5,0
P003214,M3,178.2,5.89,46.8,late,B4,12.0,2.54,60.8,0
P003215,M1,179.6,5.88,45.4,early,B1,0.2,2.03,48.7,0
P003216,M3,172.3,5.45,46.9,early,B2,1.8,1.12,49.0,0
P003217,M2,191.8,5.85,47.5,night,B4,2.8,3.01,53.6,1
P003218,M1,183.5,6.12,50.3,late,B1,1.9,2.66,50.5,0
P003219,M2,185.1,5.99,52.2,late,B2,6.5,2.86,53.6,0
P003220,M2,185.4,5.94,56.4,night,B1,3.1,3.16,50.7,0
P003221,M2,190.2,6.37,48.1,early,B4,1.4,2.5,49.2,1
P003222,M4,181.4,5.86,47.9,night,B1,4.4,2.73,43.3,0
P003223,M4,173.1,5.51,47.7,early,B2,4.9,3.16,51.3,1
P003224,M3,175.9,5.51,46.8,night,B3,1.5,2.6,30.3,0
P003225,M1,176.6,5.86,50.3,early,B2,3.2,2.9,50.5,0
P003226,M4,185.5,5.3,40.6,early,B2,5.0,3.11,31.8,0
P003227,M3,188.1,5.69,47.8,late,B5,8.0,1.75,50.5,0
P003228,M1,192.1,5.96,53.6,early,B4,2.1,2.62,40.5,0
P003229,M3,174.0,6.21,51.2,night,B1,5.4,2.02,58.6,0
P003230,M2,190.4,5.26,52.9,late,B5,2.3,2.25,49.1,0
P003231,M2,183.6,5.83,51.4,early,B3,3.8,2.62,48.4,0
P003232,M1,200.1,5.78,43.7,early,B1,1.7,3.09,51.6,0
P003233,M3,190.6,5.81,43.2,night,B5,5.3,2.06,41.5,0
P003234,M1,193.4,5.85,43.2,late,B2,7.1,1.51,57.4,0
P003235,M1,188.4,5.79,41.7,night,B2,3.3,1.65,53.9,0
P003236,M1,186.1,6.29,49.6,early,B1,3.0,2.52,44.0,0
P003237,M4,181.8,6.24,52.4,night,B5,2.8,2.16,39.9,0
P003238,M2,183.7,6.55,49.9,late,B2,1.3,1.83,45.0,0
P003239,M2,182.6,5.8,51.3,late,B3,6.0,2.12,47.1,0
P003240,M2,190.4,5.66,49.3,early,B2,7.8,2.83,39.3,0
P003241,M4,192.6,5.46,49.0,early,B5,2.0,2.85,44.3,0
P003242,M3,181.0,5.62,38.0,night,B4,4.2,2.1,43.3,0
P003243,M4,180.0,6.05,48.0,night,B3,5.2,2.79,46.4,0
P003244,M2,178.8,6.1,46.6,early,B2,2.3,3.16,46.4,0
P003245,M1,185.3,6.04,45.8,night,B4,9.1,1.95,51.9,0
P003246,M3,189.8,5.57,46.9,early,B3,4.3,2.25,48.2,0
P003247,M2,194.0,5.57,45.5,early,B5,1.0,2.48,51.2,0
P003248,M4,191.6,6.48,42.7,early,B4,7.3,2.74,50.0,0
P003249,M4,186.3,5.51,44.0,early,B1,3.4,2.22,46.4,0
P003250,M2,187.5,6.3,42.7,early,B5,2.6,2.2,53.5,0
P003251,M4,191.1,5.94,42.4,early,B1,5.7,2.52,26.0,0
P003252,M3,176.9,5.54,42.1,early,B2,2.4,2.8,45.1,0
P003253,M2,184.6,5.39,42.7,late,B3,8.7,2.98,43.4,0
P003254,M2,196.4,5.56,50.2,night,B2,7.5,3.2,49.0,0
P003255,M1,178.1,5.95,42.6,late,B5,9.5,2.71,42.9,0
P003256,M4,183.8,5.48,39.7,early,B5,12.0,2.52,52.4,0
P003257,M1,187.5,6.34,44.5,night,B1,5.1,2.03,53.8,0
P003258,M2,187.5,5.73,44.0,early,B2,3.6,2.36,36.9,0
P003259,M3,189.3,6.05,51.5,night,B2,2.3,1.59,49.8,0
P003260,M1,192.4,6.02,46.5,late,B4,5.5,2.84,37.8,0
P003261,M1,186.6,6.37,40.4,early,B3,12.0,2.15,51.8,0
P003262,M3,190.6,5.65,48.2,early,B4,1.3,1.53,44.3,0
P003263,M1,178.9,5.84,46.3,night,B1,4.5,2.86,41.6,0
P003264,M2,186.1,5.31,47.3,night,B3,1.0,2.79,34.3,0
P003265,M2,200.2,5.84,54.2,late,B2,1.0,3.19,47.3,1
P003266,M1,194.7,6.2,42.3,night,B2,8.0,2.18,38.7,0
P003267,M1,177.0,5.88,49.9,night,B4,7.2,1.94,36.1,0
P003268,M4,183.9,6.61,45.2,early,B1,2.2,2.7,49.5,0
P003269,M4,184.7,5.98,46.7,late,B1,1.5,2.74,55.8,0
P003270,M1,186.3,5.61,43.2,early,B3,9.7,2.17,51.2,0
P003271,M4,191.0,5.96,44.2,late,B4,1.6,3.09,36.6,0
P003272,M3,193.1,5.29,44.3,early,B3,1.2,2.73,46.9,0
P003273,M3,183.2,5.52,38.8,night,B1,1.6,2.55,53.4,0
P003274,M3,189.2,5.37,47.3,late,B4,4.9,1.8,46.9,0
P003275,M3,186.6,5.81,46.4,early,B2,12.0,1.74,50.6,0
P003276,M4,183.9,5.78,41.1,early,B4,2.3,3.04,44.5,0
P003277,M2,177.7,6.22,50.7,late,B2,7.9,1.77,44.9,0
P003278,M3,188.6,5.77,51.5,late,B5,4.0,2.26,42.7,0
P003279,M2,190.3,5.45,45.7,night,B2,0.6,2.82,52.9,1
P003280,M1,186.1,6.35,43.0,early,B5,2.4,2.08,53.4,0
P003281,M3,177.6,4.77,50.2,late,B2,7.2,2.28,43.6,0
P003282,M1,194.8,5.81,47.5,late,B4,7.0,2.49,54.0,0
P003283,M2,187.8,5.88,47.7,early,B3,2.1,2.49,36.6,0
P003284,M1,177.7,5.8,49.1,late,B1,6.0,2.7,46.6,0
P003285,M1,176.8,5.98,47.0,early,B1,3.3,2.56,37.2,0
P003286,M3,186.7,5.84,51.4,early,B3,4.7,2.22,38.9,0
P003287,M3,186.9,5.97,45.9,late,B1,8.2,1.93,37.1,0
P003288,M2,184.5,5.59,49.8,night,B4,2.2,2.71,42.8,0
P003289,M1,186.5,5.29,50.2,early,B1,2.7,3.25,53.0,1
P003290,M2,190.7,5.78,38.9,early,B3,8.3,2.41,47.4,0
P003291,M2,187.8,5.44,52.5,late,B2,12.0,3.44,43.3,0
P003292,M3,179.1,5.55,44.1,night,B1,6.6,1.51,46.6,0
P003293,M3,188.3,6.21,47.9,late,B2,4.5,1.91,31.5,0
P003294,M2,191.6,6.35,54.5,early,B3,6.6,2.51,52.6,0
P003295,M2,190.1,6.2,47.0,late,B2,2.4,3.18,30.0,0
P003296,M4,179.4,6.14,45.1,late,B2,3.8,2.52,42.3,0
P003297,M4,176.7,5.82,46.6,late,B2,1.0,3.09,47.4,0
P003298,M2,187.4,6.16,42.7,early,B2,2.4,2.6,51.6,0
P003299,M2,192.1,5.92,56.6,early,B3,4.9,2.73,49.9,0
P003300,M1,189.7,6.48,45.8,early,B5,4.2,2.15,47.6,0
P003301,M4,187.2,5.48,53.1,late,B3,0.4,3.41,59.7,0
P003302,M2,184.5,6.04,46.9,early,B3,3.1,2.25,64.1,0
P003303,M2,182.6,5.36,48.3,early,B4,4.2,2.52,48.1,0
P003304,M4,183.9,6.04,50.4,late,B3,4.3,2.06,47.2,0
P003305,M3,183.0,5.2,41.8,night,B5,1.2,2.56,46.7,0
P003306,M1,190.1,5.38,45.6,early,B3,6.1,1.79,43.1,0
P003307,M1,181.4,5.35,49.4,late,B2,11.5,3.12,51.0,0
P003308,M1,181.8,5.89,45.2,late,B3,6.5,2.34,58.2,0
P003309,M3,194.3,5.92,44.2,early,B4,3.8,2.49,28.1,0
P003310,M1,192.5,6.66,50.2,night,B2,9.9,2.51,46.6,0
P003311,M4,179.1,5.77,52.1,night,B2,2.4,2.49,59.9,0
P003312,M4,192.1,6.07,52.7,early,B3,5.5,2.55,51.1,0
P003313,M3,176.8,5.86,43.4,early,B5,3.5,2.34,51.3,0
P003314,M3,180.6,6.04,43.8,early,B2,10.0,2.53,35.2,0
P003315,M2,185.2,5.85,46.4,early,B3,1.7,2.38,53.6,0
P003316,M1,183.6,6.18,48.7,late,B4,1.7,1.85,56.1,0
P003317,M3,186.4,5.43,41.5,night,B4,8.4,2.67,49.6,0
P003318,M1,184.6,4.94,41.7,night,B1,5.3,2.3,42.8,0
P003319,M1,187.4,5.95,43.3,early,B2,8.9,1.4,51.5,0
P003320,M2,184.8,5.17,44.6,late,B5,1.8,2.54,39.7,1
P003321,M1,186.1,6.26,49.4,early,B5,2.1,2.99,38.6,1
P003322,M2,187.4,5.61,51.3,late,B4,4.6,2.68,54.4,0
P003323,M3,175.4,5.44,44.2,early,B1,1.0,2.06,56.8,0
P003324,M4,186.7,6.75,46.1,night,B3,4.4,1.83,42.1,0
P003325,M3,183.5,5.79,36.3,night,B1,2.7,2.04,38.7,0
P003326,M4,180.1,5.73,45.1,early,B2,3.5,1.98,41.0,0
P003327,M2,184.7,6.06,52.9,late,B5,6.0,2.94,49.6,0
P003328,M4,181.8,6.09,44.9,late,B2,6.2,2.52,38.7,0
P003329,M3,181.7,6.2,41.8,night,B1,11.1,2.14,58.3,0
P003330,M1,193.7,5.33,51.2,late,B4,7.6,1.96,44.3,1
P003331,M4,195.5,5.99,42.6,early,B4,0.6,3.19,50.9,0
P003332,M2,172.0,5.7,54.1,late,B4,1.8,2.43,42.1,0
P003333,M1,186.7,5.48,57.0,early,B5,2.0,1.98,52.7,1
P003334,M1,189.3,5.82,45.6,late,B4,7.1,2.19,53.3,0
P003335,M2,185.8,5.17,52.9,early,B4,10.1,2.7,34.6,0
P003336,M2,192.1,6.12,41.9,late,B5,1.3,2.97,42.6,1
P003337,M3,192.1,5.7,39.5,night,B2,7.2,2.72,46.7,0
P003338,M4,176.5,5.63,43.8,early,B3,3.8,2.89,43.8,0
P003339,M2,187.7,5.75,51.3,late,B3,3.4,3.84,55.0,0
P003340,M3,193.8,5.74,46.0,late,B4,2.4,1.54,43.2,0
P003341,M2,180.2,6.2,47.5,early,B3,3.1,2.85,53.7,0
P003342,M4,183.4,5.42,41.9,late,B3,4.4,2.27,51.9,0
P003343,M1,181.5,5.67,45.5,late,B1,2.6,3.2,47.1,0
P003344,M1,189.8,5.72,43.6,early,B4,5.1,2.38,54.1,0
P003345,M3,189.6,5.43,42.5,night,B1,3.4,1.39,35.7,0
P003346,M3,183.9,5.86,42.2,late,B3,3.2,2.5,47.5,0
P003347,M4,184.2,5.55,47.5,late,B3,5.8,2.62,41.8,0
P003348,M3,173.5,5.31,43.3,early,B4,4.7,2.64,47.1,0
P003349,M4,191.8,5.98,46.8,early,B3,0.4,2.17,44.2,1
P003350,M2,185.1,6.34,41.5,early,B1,5.2,2.9,48.5,0
P003351,M1,183.2,5.82,47.9,night,B3,4.6,2.18,48.1,0
P003352,M1,189.3,5.76,46.9,night,B2,7.9,2.0,49.1,0
P003353,M1,185.1,5.76,45.1,night,B2,4.7,2.45,49.4,1
P003354,M2,192.5,5.62,48.8,early,B2,3.0,2.82,52.6,1
P003355,M2,190.3,6.21,51.7,late,B1,2.3,3.22,37.9,0
P003356,M2,188.1,5.83,42.7,night,B5,0.8,2.76,52.1,0
P003357,M3,184.7,5.04,46.3,late,B2,3.8,2.57,35.9,0
P003358,M2,180.8,6.22,43.2,early,B3,2.0,2.21,25.6,0
P003359,M3,182.2,6.13,46.3,night,B5,8.7,2.93,63.8,0
P003360,M3,189.0,6.01,45.0,early,B2,3.9,1.95,40.5,0
P003361,M2,182.1,4.84,48.1,early,B5,1.5,3.16,44.4,1
P003362,M2,183.1,5.8,51.4,night,B3,0.6,2.87,33.1,0
P003363,M3,178.2,6.11,49.1,late,B5,0.9,2.36,44.4,0
P003364,M3,183.8,5.93,50.1,early,B3,4.9,2.64,49.7,0
P003365,M2,194.7,5.87,46.7,late,B1,9.4,1.79,49.9,0
P003366,M2,190.0,6.11,50.9,night,B5,5.7,2.49,38.3,0
P003367,M3,171.0,5.85,47.9,early,B5,3.5,2.64,44.5,0
P003368,M3,186.6,6.22,44.6,night,B5,12.0,3.16,51.0,0
P003369,M1,181.6,5.86,46.4,early,B1,6.5,2.29,49.9,0
P003370,M2,189.8,5.83,47.7,early,B5,4.7,1.65,49.0,0
P003371,M4,183.2,6.11,52.1,late,B2,2.9,2.36,54.1,0
P003372,M1,179.3,5.66,49.1,late,B5,9.7,2.27,47.1,0
P003373,M4,183.6,5.42,45.5,early,B5,3.1,3.0,59.1,0
P003374,M1,181.6,5.8,44.5,late,B1,2.0,2.32,45.7,0
P003375,M3,184.7,6.01,49.6,late,B2,3.6,1.73,53.6,0
P003376,M2,182.1,6.12,53.3,late,B2,4.2,3.18,53.8,0
P003377,M1,177.8,6.13,47.2,late,B2,6.9,2.56,34.9,0
P003378,M4,188.0,5.78,49.3,night,B3,1.9,2.19,51.5,0
P003379,M2,193.1,5.74,53.2,late,B3,2.2,3.07,42.9,0
P003380,M4,187.2,5.59,46.1,late,B4,2.3,2.25,39.9,0
P003381,M2,183.4,5.89,48.5,late,B4,3.5,2.62,44.6,1
P003382,M4,179.9,5.23,48.6,late,B2,1.6,2.26,49.3,0
P003383,M4,180.2,5.81,45.2,early,B1,8.7,2.36,35.5,0
P003384,M3,187.9,6.8,52.5,early,B4,0.9,2.71,48.2,0
P003385,M1,179.5,5.27,44.3,early,B1,9.9,1.5,46.3,1
P003386,M3,187.9,5.85,46.2,early,B1,6.4,2.8,56.3,0
P003387,M3,186.5,5.93,53.3,night,B4,1.8,2.38,42.9,0
P003388,M4,190.8,5.98,39.7,late,B2,3.3,2.32,57.5,0
P003389,M2,192.8,5.46,49.0,late,B1,2.1,2.76,51.1,0
P003390,M2,190.0,5.98,45.7,late,B2,6.5,2.34,47.7,0
P003391,M1,175.9,5.61,46.0,late,B3,9.2,1.57,58.2,0
P003392,M3,186.4,5.3,41.4,late,B5,12.0,1.9,63.4,0
P003393,M4,184.6,6.13,45.4,late,B5,5.4,1.65,46.3,0
P003394,M1,181.9,6.03,46.1,late,B4,0.9,1.69,42.1,0
P003395,M3,190.5,5.46,46.9,early,B5,1.7,1.57,51.4,0
P003396,M4,183.2,5.61,50.2,late,B3,5.2,3.05,36.6,0
P003397,M1,181.1,5.6,37.2,late,B3,3.4,1.72,37.6,0
P003398,M1,190.2,5.22,45.5,night,B5,6.4,2.28,58.5,1
P003399,M3,180.8,6.07,45.3,night,B2,4.8,2.8,52.6,0
P003400,M3,179.8,6.08,45.8,night,B5,1.9,2.68,41.1,0
P003401,M1,177.8,5.68,46.1,late,B5,3.0,2.17,73.1,0
P003402,M4,179.5,5.79,43.6,early,B2,6.6,2.37,36.9,0
P003403,M3,179.0,5.84,40.1,late,B4,5.0,2.38,53.0,0
P003404,M4,187.4,5.89,47.6,night,B4,6.4,3.45,41.6,0
P003405,M4,178.4,5.33,43.0,night,B4,1.2,2.69,62.2,0
P003406,M4,173.8,5.97,48.3,night,B2,2.0,2.8,43.8,0
P003407,M3,184.7,5.39,42.4,early,B5,8.2,3.32,45.7,0
P003408,M2,183.5,6.04,50.8,late,B3,1.3,2.88,33.5,1
P003409,M3,182.9,5.43,45.8,night,B1,6.2,2.82,64.7,0
P003410,M1,191.1,5.34,46.1,late,B1,1.1,2.51,43.1,0
P003411,M3,183.4,5.79,45.1,late,B4,4.1,2.51,51.8,0
P003412,M1,192.3,5.78,44.5,late,B3,2.7,1.87,48.0,0
P003413,M3,182.6,5.84,45.1,late,B1,1.8,1.79,43.6,0
P003414,M1,189.5,5.49,50.5,early,B3,4.3,2.07,30.2,0
P003415,M2,184.0,5.87,42.4,early,B3,8.0,3.15,46.2,0
P003416,M1,184.6,5.9,43.5,night,B1,2.2,2.68,45.8,0
P003417,M3,177.9,6.21,50.0,night,B2,0.5,2.9,50.6,0
P003418,M4,179.5,5.86,49.9,night,B3,3.4,2.5,65.2,0
P003419,M1,182.8,5.59,51.1,early,B4,1.8,2.54,53.2,0
P003420,M4,176.7,5.33,46.6,early,B4,6.7,2.74,54.9,0
P003421,M4,184.9,5.26,41.8,early,B1,2.7,2.45,45.6,0
P003422,M2,185.3,5.91,44.0,night,B4,2.3,2.61,37.5,0
P003423,M3,184.3,6.08,44.9,late,B5,2.9,1.63,45.8,0
P003424,M2,179.8,5.49,51.1,night,B1,8.0,2.68,42.1,0
P003425,M1,187.9,5.89,45.0,early,B5,5.1,2.25,47.6,0
P003426,M3,192.3,5.74,44.7,late,B1,1.6,2.81,44.0,0
P003427,M1,192.2,6.05,47.5,night,B4,1.2,2.85,34.6,0
P003428,M4,194.5,6.1,46.9,early,B2,9.8,2.57,58.1,0
P003429,M4,184.2,5.01,45.1,night,B4,2.2,3.43,46.9,0
P003430,M4,182.1,6.16,43.0,late,B5,8.1,2.59,45.4,0
P003431,M3,185.7,5.89,49.6,early,B5,3.3,2.76,39.2,0
P003432,M3,181.7,5.61,50.0,early,B5,2.0,2.25,44.2,0
P003433,M4,174.4,5.62,42.8,night,B5,2.1,1.99,41.1,0
P003434,M1,188.5,5.81,44.5,late,B2,3.5,2.11,38.4,0
P003435,M1,182.7,5.62,48.5,night,B3,0.5,2.96,49.3,0
P003436,M3,174.9,5.47,41.7,night,B4,2.1,2.18,44.2,0
P003437,M2,184.2,5.55,49.6,late,B1,12.0,2.54,54.0,0
P003438,M2,185.8,5.44,47.0,night,B3,12.0,2.75,45.1,1
P003439,M1,184.1,6.27,41.4,night,B3,2.2,2.12,48.9,0
P003440,M3,183.1,5.82,52.8,early,B5,5.9,2.84,48.7,0
P003441,M2,194.5,6.59,46.9,night,B1,5.0,3.6,51.1,1
P003442,M1,176.9,5.93,48.0,early,B1,1.4,2.3,41.3,0
P003443,M1,183.2,6.01,41.7,early,B1,6.0,2.54,55.2,0
P003444,M2,182.2,5.43,54.1,late,B3,2.8,3.19,38.6,1
P003445,M4,190.9,5.72,54.2,night,B3,4.0,2.55,48.3,0
P003446,M2,183.9,5.83,42.5,early,B3,6.8,2.35,38.4,0
P003447,M3,181.1,5.58,45.4,late,B2,3.0,2.12,47.0,0
P003448,M4,189.8,5.64,51.8,late,B2,3.0,2.69,55.1,0
P003449,M2,194.3,5.95,46.4,early,B3,5.6,2.93,52.4,0
P003450,M4,192.1,5.95,48.4,night,B1,8.3,1.69,56.5,0
P003451,M3,174.0,5.33,39.6,night,B4,5.4,2.1,45.6,0
P003452,M3,185.7,5.9,43.0,early,B1,3.1,1.97,55.3,0
P003453,M1,185.5,5.99,47.2,early,B4,7.7,2.7,42.5,0
P003454,M1,183.7,5.59,43.8,night,B3,4.9,1.99,44.3,0
P003455,M4,184.4,5.56,45.4,early,B5,9.5,2.29,49.0,0
P003456,M4,191.1,5.95,41.0,early,B4,11.2,2.28,54.8,0
P003457,M4,189.7,4.9,49.3,night,B3,5.3,2.86,43.6,0
P003458,M4,188.9,5.8,41.7,night,B4,9.0,2.94,53.6,0
P003459,M1,185.1,6.37,51.9,late,B1,9.2,2.52,49.8,0
P003460,M4,196.5,4.89,44.2,late,B1,3.6,3.0,50.7,1
P003461,M2,184.8,6.09,51.2,night,B3,9.2,3.31,41.2,0
P003462,M4,175.1,5.99,49.5,late,B5,4.1,1.69,44.9,0
P003463,M1,182.5,5.3,42.3,late,B5,6.4,2.57,47.3,0
P003464,M2,187.3,5.98,46.0,night,B2,3.8,2.58,50.7,0
P003465,M4,191.2,6.15,45.1,late,B2,1.0,1.93,41.5,0
P003466,M4,181.2,5.39,45.3,late,B5,12.0,2.36,37.7,0
P003467,M3,185.7,5.55,41.1,early,B3,6.2,2.63,30.9,0
P003468,M2,178.9,5.81,50.2,late,B1,6.6,3.4,54.0,0
P003469,M2,192.9,6.14,45.6,late,B2,4.4,2.14,55.6,0
P003470,M4,184.4,5.61,46.4,early,B5,9.2,2.78,31.9,0
P003471,M2,185.5,5.79,52.0,late,B5,3.5,3.63,48.6,1
P003472,M2,198.7,5.57,50.4,night,B5,3.7,3.57,45.0,1
P003473,M3,188.9,5.81,43.6,late,B1,1.6,0.8,57.7,0
P003474,M2,181.3,6.17,52.2,early,B5,4.8,3.73,46.3,0
P003475,M3,182.4,5.84,48.5,early,B1,8.9,2.73,52.4,0
P003476,M2,202.0,5.67,45.5,early,B5,3.6,1.71,44.6,0
P003477,M4,194.9,5.79,44.8,night,B5,1.4,2.16,42.5,0
P003478,M4,189.1,5.52,50.6,late,B2,7.7,3.07,54.1,0
P003479,M4,173.8,5.45,49.8,early,B1,5.6,2.66,56.6,1
P003480,M3,190.3,6.22,40.3,night,B4,12.0,2.04,37.8,0
P003481,M2,183.5,6.37,44.4,early,B1,2.1,2.78,57.1,0
P003482,M3,190.3,5.17,48.6,early,B3,6.3,2.55,40.2,0
P003483,M4,180.0,6.0,42.3,night,B2,1.4,2.24,29.3,0
P003484,M3,185.7,6.1,49.1,late,B3,3.9,2.24,48.1,0
P003485,M3,179.5,5.38,53.4,night,B5,4.5,2.7,52.1,0
P003486,M3,181.0,5.63,47.4,night,B5,0.9,1.98,35.9,0
P003487,M3,186.4,5.6,42.5,night,B3,8.5,1.69,32.1,0
P003488,M3,175.7,6.47,46.7,early,B2,7.0,2.01,44.0,0
P003489,M1,197.0,6.38,49.9,night,B5,5.6,1.9,43.0,0
P003490,M2,181.4,5.48,48.6,late,B3,1.5,2.48,59.0,0
P003491,M3,177.0,5.29,47.8,early,B1,2.3,1.52,48.1,0
P003492,M1,187.4,6.07,43.0,night,B5,7.5,2.41,53.9,0
P003493,M4,191.1,5.99,44.1,late,B5,3.9,2.89,49.7,0
P003494,M3,181.2,6.24,49.4,night,B2,3.3,1.93,60.5,0
P003495,M1,178.1,5.43,43.3,late,B1,9.0,2.01,40.9,0
P003496,M4,178.9,6.05,37.0,late,B1,4.4,2.42,47.3,0
P003497,M3,177.3,5.54,44.8,early,B3,1.6,1.89,35.4,0
P003498,M4,185.7,6.02,48.0,night,B2,7.5,2.94,54.5,0
P003499,M2,186.6,5.79,52.2,late,B4,1.4,2.35,56.9,0
P003500,M4,186.3,6.47,53.1,early,B4,3.9,2.26,55.0,0
P003501,M2,189.0,5.96,48.5,early,B1,4.8,2.41,47.0,0
P003502,M3,187.5,5.69,48.5,night,B5,6.4,2.75,36.1,0
P003503,M1,181.7,5.85,46.5,early,B1,1.1,2.2,47.3,0
P003504,M3,178.9,5.76,47.3,late,B1,0.4,3.2,42.6,0
P003505,M3,183.9,5.4,45.3,late,B4,0.4,2.46,55.4,1
P003506,M3,182.7,6.47,47.5,early,B4,9.8,2.82,44.6,0
P003507,M2,188.4,6.36,45.4,late,B5,0.9,2.6,44.4,0
P003508,M4,180.1,5.74,54.3,early,B3,11.5,2.08,65.4,0
P003509,M3,186.5,6.04,36.9,night,B3,8.0,2.29,54.4,0
P003510,M2,180.5,6.52,50.4,night,B4,1.8,2.44,56.6,0
P003511,M4,181.6,6.23,48.0,early,B4,0.6,1.6,43.9,0
P003512,M3,189.2,5.69,47.4,late,B4,4.1,2.76,39.2,0
P003513,M4,177.8,5.77,42.3,late,B2,2.6,2.51,56.5,0
P003514,M4,189.8,5.2,40.4,night,B5,9.1,2.18,59.9,0
P003515,M4,176.2,6.07,49.1,early,B2,4.8,2.67,37.7,0
P003516,M4,175.3,6.23,51.9,late,B2,3.9,2.52,43.9,0
P003517,M3,174.8,6.24,46.8,night,B2,3.3,2.93,40.7,0
P003518,M1,184.6,6.05,49.1,early,B2,6.4,2.49,51.9,0
P003519,M3,187.0,5.92,44.3,late,B2,3.7,2.23,56.7,0
P003520,M4,191.1,5.45,48.1,early,B3,12.0,2.81,45.1,0
P003521,M3,189.7,5.91,50.7,late,B4,0.9,2.28,45.0,0
P003522,M4,188.7,5.58,45.6,early,B3,3.1,2.58,32.3,0
P003523,M1,179.4,5.98,50.5,night,B5,5.8,2.85,40.4,0
P003524,M2,182.4,5.53,42.0,late,B3,5.3,2.22,60.1,0
P003525,M3,187.3,5.98,43.7,early,B3,12.0,1.91,51.9,0
P003526,M2,194.8,6.26,50.3,night,B1,2.2,2.56,55.4,0
P003527,M1,178.3,5.93,53.2,night,B5,0.2,2.18,45.1,0
P003528,M1,191.1,5.91,46.1,late,B1,7.6,2.82,45.8,0
P003529,M4,173.4,6.12,42.9,late,B1,4.6,1.86,48.1,0
P003530,M2,189.1,6.42,55.3,early,B5,7.6,2.74,50.6,0
P003531,M1,183.4,5.76,45.5,late,B3,5.1,2.05,59.0,0
P003532,M1,182.9,5.98,48.5,early,B1,0.3,3.07,42.6,0
P003533,M2,187.2,6.33,46.9,early,B3,5.3,3.15,46.9,0
P003534,M1,179.3,6.03,46.5,night,B3,2.2,2.41,41.7,0
P003535,M3,185.5,5.1,43.9,late,B1,3.1,2.74,32.3,0
P003536,M4,184.3,5.55,55.4,early,B4,3.6,1.91,55.4,0
P003537,M1,189.1,6.06,50.5,early,B4,1.4,3.21,62.0,0
P003538,M3,191.7,5.66,52.7,night,B1,2.1,1.92,54.1,0
P003539,M1,184.7,6.3,43.0,early,B4,6.7,2.87,49.8,0
P003540,M2,182.5,6.45,41.3,early,B2,6.7,3.0,62.8,0
P003541,M4,177.7,5.59,45.7,early,B4,0.8,2.62,51.7,0
P003542,M3,192.3,5.44,55.6,early,B2,4.6,2.85,54.4,0
P003543,M4,192.6,5.67,45.6,early,B2,7.2,2.95,49.1,0
P003544,M1,188.9,5.65,50.0,night,B3,4.3,2.35,50.3,0
P003545,M2,187.3,6.34,44.3,early,B3,4.8,2.56,46.9,0
P003546,M2,191.5,5.44,45.0,late,B2,0.9,2.81,54.7,0
P003547,M2,194.2,6.06,47.9,late,B5,8.9,2.7,39.3,1
P003548,M4,180.6,6.29,54.8,late,B4,1.5,2.66,51.4,0
P003549,M1,184.2,6.09,50.2,late,B3,2.9,2.76,41.2,0
P003550,M4,177.9,5.95,39.0,late,B2,7.3,2.71,52.1,0
P003551,M4,183.3,5.74,49.3,late,B3,11.0,2.58,67.2,0
P003552,M3,191.5,6.45,41.6,late,B1,3.1,2.01,53.6,0
P003553,M2,192.9,5.71,45.6,night,B5,12.0,2.9,57.4,0
P003554,M3,183.7,6.13,47.9,late,B1,4.4,1.54,55.2,0
P003555,M2,172.2,5.74,53.5,night,B4,4.1,2.39,29.4,0
P003556,M4,180.4,5.16,51.9,early,B2,1.7,2.77,46.9,0
P003557,M2,187.6,5.71,49.5,late,B4,3.0,3.15,51.6,0
P003558,M4,182.8,5.75,48.1,late,B2,4.7,2.49,31.3,0
P003559,M3,183.2,5.75,51.1,early,B1,5.8,2.39,45.7,0
P003560,M3,184.3,5.57,40.0,night,B5,5.7,2.47,47.4,0
P003561,M3,180.1,6.02,52.9,early,B4,2.8,2.61,38.1,0
P003562,M3,183.0,6.06,43.2,early,B1,9.7,2.21,40.2,0
P003563,M4,183.2,5.69,47.8,night,B1,4.2,2.06,58.7,1
P003564,M1,180.1,5.69,44.1,early,B3,4.0,2.47,25.0,0
P003565,M4,194.2,5.43,42.4,late,B5,1.6,3.38,50.2,1
P003566,M4,181.4,5.89,48.6,early,B3,6.3,2.08,57.3,0
P003567,M4,171.6,6.28,47.7,night,B1,3.8,2.44,47.8,0
P003568,M2,196.8,6.28,47.8,late,B4,3.2,2.58,59.3,1
P003569,M4,179.3,5.59,46.2,late,B3,1.2,3.59,44.6,0
P003570,M2,191.9,6.5,54.0,night,B4,1.2,2.32,40.8,0
P003571,M4,180.3,5.67,55.1,late,B2,5.1,2.43,47.9,0
P003572,M1,187.1,5.44,50.8,night,B1,10.7,2.14,44.9,0
P003573,M2,186.7,5.32,49.3,night,B1,3.4,2.19,43.4,0
P003574,M2,192.5,5.42,42.0,late,B4,3.4,2.16,46.6,1
P003575,M2,185.8,5.92,50.6,night,B4,6.3,3.01,41.7,0
P003576,M2,183.4,5.71,50.8,late,B2,8.7,3.07,41.3,0
P003577,M4,185.4,5.58,49.7,early,B1,2.6,2.25,39.0,0
P003578,M2,184.9,5.5,43.9,early,B4,1.6,3.38,51.3,0
P003579,M3,172.4,5.42,49.2,late,B1,3.7,1.29,40.0,0
P003580,M1,180.7,5.49,51.9,early,B1,5.6,1.73,38.1,0
P003581,M4,199.8,6.16,43.1,late,B3,0.4,2.13,39.4,0
P003582,M4,174.0,6.43,49.4,early,B4,2.8,2.5,49.6,0
P003583,M2,188.3,6.45,45.1,late,B5,3.4,2.55,53.4,0
P003584,M3,181.7,6.04,45.6,early,B4,3.1,2.21,54.0,1
P003585,M4,194.1,5.63,43.2,night,B5,1.1,2.72,49.7,0
P003586,M4,177.9,5.57,45.5,early,B4,2.9,3.16,52.3,1
P003587,M2,187.6,6.06,46.9,early,B5,3.5,3.11,47.6,0
P003588,M2,190.8,5.71,49.8,late,B1,1.9,2.78,51.6,0
P003589,M4,183.0,5.94,50.2,late,B1,4.7,2.46,51.5,0
P003590,M2,182.8,6.48,52.8,late,B4,7.0,3.25,42.2,0
P003591,M4,183.9,5.88,44.3,late,B5,7.1,3.35,39.4,0
P003592,M2,185.3,6.6,49.6,early,B4,2.3,3.04,58.8,0
P003593,M4,182.3,5.41,42.6,night,B2,5.5,2.28,49.0,0
P003594,M1,189.1,5.96,45.6,late,B3,5.2,2.42,56.4,0
P003595,M1,186.2,5.91,46.2,early,B1,12.0,2.56,39.2,0
P003596,M4,187.0,5.46,43.3,night,B2,5.5,2.25,44.8,1
P003597,M4,185.8,6.08,48.9,late,B4,5.8,2.89,37.0,1
P003598,M4,189.3,6.34,46.2,late,B1,7.9,2.62,53.2,0
P003599,M4,191.2,6.57,47.4,late,B3,1.3,3.02,43.1,0
P003600,M2,185.4,5.94,52.9,late,B2,4.1,2.31,43.6,0
P003601,M2,191.5,5.13,46.6,late,B3,11.1,1.97,63.6,0
P003602,M1,176.9,5.97,49.2,early,B4,11.3,2.12,53.3,0
P003603,M3,170.6,6.06,51.5,early,B5,2.9,2.31,53.2,0
P003604,M1,194.0,5.72,51.3,night,B3,10.9,1.49,38.4,0
P003605,M4,182.2,5.88,46.1,late,B5,3.2,2.23,33.1,0
P003606,M1,185.4,5.63,42.3,late,B4,4.9,2.88,55.8,0
P003607,M1,177.3,5.75,43.3,early,B5,0.9,2.54,30.1,0
P003608,M1,177.0,6.16,40.0,late,B4,9.4,2.36,44.0,0
P003609,M1,180.1,6.29,48.6,early,B3,3.1,1.82,41.5,0
P003610,M1,187.5,5.36,48.8,early,B4,1.1,2.86,40.6,0
P003611,M3,180.2,5.62,46.4,early,B2,3.5,2.11,44.5,0
P003612,M2,185.2,5.24,43.0,late,B4,0.3,2.79,39.6,0
P003613,M3,178.9,6.44,44.6,late,B4,6.1,2.48,38.3,0
P003614,M4,190.4,6.1,52.0,early,B4,8.3,2.58,50.0,0
P003615,M3,187.8,5.1,48.3,early,B1,1.7,2.97,56.5,0
P003616,M3,180.3,5.78,49.0,late,B3,1.6,2.56,34.1,0
P003617,M2,190.8,5.7,60.8,late,B4,5.8,2.9,49.6,0
P003618,M1,182.7,5.54,47.2,late,B1,6.3,2.26,52.3,0
P003619,M2,185.1,6.16,40.0,early,B4,2.4,2.94,51.6,0
P003620,M4,183.7,6.15,42.6,late,B5,1.9,2.41,46.2,0
P003621,M3,186.5,5.89,47.2,night,B3,7.4,2.39,43.2,0
P003622,M2,182.1,5.58,48.3,late,B5,1.0,2.6,54.1,0
P003623,M2,189.8,5.58,47.5,early,B5,2.7,2.53,50.7,0
P003624,M4,197.7,5.82,46.2,late,B3,1.8,2.09,32.8,0
P003625,M3,184.0,5.64,43.0,early,B5,5.8,2.18,46.2,0
P003626,M3,183.2,5.8,47.4,early,B5,2.0,2.15,48.4,0
P003627,M4,183.5,6.0,52.1,early,B1,8.0,3.32,39.3,0
P003628,M3,185.6,5.26,52.6,night,B5,2.6,2.75,46.1,0
P003629,M3,174.1,5.53,52.5,late,B1,5.1,2.24,51.9,0
P003630,M1,193.4,5.79,42.4,night,B3,2.0,2.11,41.4,0
P003631,M1,189.4,6.35,45.9,late,B5,4.4,2.58,49.9,0
P003632,M4,180.5,6.1,45.6,late,B4,2.2,3.37,40.1,0
P003633,M3,183.2,5.8,48.2,early,B2,1.5,2.66,38.1,0
P003634,M2,183.9,5.94,47.9,late,B4,6.3,1.98,52.9,0
P003635,M3,184.6,5.76,45.1,early,B2,2.0,2.69,57.4,0
P003636,M1,184.3,6.18,51.5,late,B2,2.0,2.77,38.5,0
P003637,M4,185.3,5.95,47.2,early,B5,4.1,3.49,55.6,0
P003638,M1,178.3,6.25,46.5,early,B1,4.7,2.19,47.9,0
P003639,M4,181.4,5.33,48.4,late,B5,1.5,2.56,30.3,0
P003640,M3,189.3,5.52,48.6,early,B3,5.5,2.5,36.5,0
P003641,M2,184.1,5.9,50.8,early,B1,2.1,2.41,52.9,0
P003642,M1,169.5,5.97,51.9,night,B4,1.2,1.92,35.0,0
P003643,M4,183.2,6.64,41.9,early,B1,3.0,2.68,43.1,0
P003644,M1,197.3,5.17,47.2,early,B2,3.0,1.61,47.3,0
P003645,M1,188.7,5.79,45.6,early,B2,5.1,1.71,51.6,0
P003646,M4,180.8,5.77,45.7,early,B4,12.0,2.87,49.5,0
P003647,M2,186.7,5.88,51.1,late,B2,4.1,2.97,60.5,0
P003648,M2,190.7,6.41,53.1,early,B4,5.6,3.31,41.5,1
P003649,M1,174.3,6.11,43.8,late,B1,0.9,2.51,48.8,0
P003650,M4,179.3,5.24,53.2,late,B4,8.3,2.5,51.6,1
P003651,M2,189.2,6.34,42.8,early,B4,3.4,3.33,53.7,1
P003652,M1,192.8,6.33,48.2,night,B2,1.3,2.11,56.4,0
P003653,M2,184.6,5.89,44.8,night,B5,8.1,2.6,44.5,0
P003654,M1,192.6,5.23,43.6,early,B3,3.5,2.27,53.2,0
P003655,M2,182.9,5.75,48.4,early,B4,7.2,2.95,40.6,1
P003656,M1,165.4,5.96,44.5,early,B1,12.0,2.27,47.4,0
P003657,M1,188.1,6.15,35.1,early,B5,1.0,1.63,52.0,0
P003658,M2,190.0,5.18,50.5,late,B2,2.0,2.63,55.8,0
P003659,M4,188.0,5.53,49.8,late,B4,6.4,2.49,52.6,0
P003660,M1,187.8,6.18,45.4,late,B1,3.7,2.35,48.7,0
P003661,M1,185.1,6.33,45.1,early,B1,0.3,2.1,47.4,0
P003662,M4,182.6,5.95,45.4,early,B1,2.8,2.73,52.4,0
P003663,M4,182.8,6.2,40.3,night,B5,3.1,1.78,65.5,0
P003664,M3,180.5,5.96,39.1,night,B2,3.5,2.49,54.8,0
P003665,M1,181.8,6.14,49.1,early,B5,2.0,3.11,51.1,0
P003666,M2,177.0,5.85,52.2,late,B3,9.7,2.48,37.0,0
P003667,M1,177.3,5.97,48.3,late,B1,0.9,2.33,41.2,0
P003668,M1,183.1,5.37,47.4,late,B3,4.9,2.19,45.4,0
P003669,M2,174.7,6.05,51.2,late,B3,2.4,2.65,55.3,0
P003670,M3,172.0,5.36,48.7,night,B2,2.2,1.84,40.5,0
P003671,M2,185.2,6.05,45.2,early,B4,8.8,3.65,53.1,0
P003672,M3,182.3,5.65,46.8,early,B5,3.0,2.47,49.0,0
P003673,M2,185.3,5.93,47.1,night,B5,4.9,2.45,50.8,0
P003674,M2,173.9,5.47,47.1,early,B3,6.7,2.4,46.3,0
P003675,M4,192.5,5.62,51.1,early,B5,3.8,2.53,43.2,0
P003676,M4,176.1,5.93,52.8,late,B5,8.9,1.52,40.2,0
P003677,M2,182.5,6.06,39.3,night,B1,1.1,3.22,52.9,0
P003678,M3,176.1,6.18,45.0,late,B4,5.1,2.07,47.4,0
P003679,M2,194.1,5.4,47.0,night,B4,12.0,2.92,39.4,0
P003680,M1,186.3,5.27,50.4,late,B1,4.8,2.5,49.8,0
P003681,M3,180.4,5.46,40.5,early,B4,0.7,2.73,75.0,0
P003682,M1,181.0,5.43,34.6,late,B5,5.2,2.52,46.4,0
P003683,M2,188.0,6.35,51.3,night,B2,9.9,3.08,61.2,0
P003684,M2,180.1,6.27,51.9,night,B5,2.8,3.21,27.3,1
P003685,M1,186.1,5.45,39.2,early,B5,2.8,2.15,45.8,0
P003686,M1,181.0,6.4,45.5,early,B4,6.2,3.27,55.6,0
P003687,M2,189.9,6.25,54.0,night,B4,5.4,2.91,48.1,1
P003688,M4,186.7,5.23,42.7,early,B3,3.9,2.49,42.9,0
P003689,M3,179.7,5.44,46.4,early,B3,2.1,1.92,47.8,0
P003690,M2,175.7,5.22,50.1,night,B3,2.6,2.66,55.9,0
P003691,M1,182.6,5.77,40.6,late,B3,1.6,2.48,65.1,0
P003692,M3,175.0,5.81,43.9,early,B3,0.6,2.34,56.5,0
P003693,M1,184.4,5.81,39.6,early,B5,8.3,3.12,44.0,0
P003694,M3,181.6,5.09,45.4,early,B4,6.4,2.12,46.1,0
P003695,M4,180.8,5.3,43.8,night,B2,6.0,2.81,46.2,0
P003696,M2,179.9,5.89,49.0,late,B3,5.9,2.24,41.1,0
P003697,M2,193.5,6.02,50.6,early,B2,3.2,3.73,46.8,0
P003698,M1,181.5,5.09,51.3,early,B1,2.9,1.76,45.8,0
P003699,M1,196.9,5.35,54.9,early,B2,1.3,3.23,38.4,0
P003700,M2,187.2,6.16,49.0,early,B1,6.8,2.69,54.7,1
P003701,M4,185.9,5.37,45.6,early,B5,12.0,1.49,51.4,0
P003702,M1,184.2,5.79,44.6,late,B1,5.1,2.91,42.9,0
P003703,M3,184.9,5.34,42.3,early,B2,7.5,2.34,49.2,0
P003704,M3,189.0,6.09,47.7,early,B2,7.5,2.1,40.3,1
P003705,M1,190.1,5.09,44.1,late,B2,10.4,2.59,43.6,0
P003706,M1,174.3,5.69,48.0,late,B2,1.9,2.6,53.5,0
P003707,M2,191.7,6.13,44.7,early,B4,0.9,2.94,51.8,0
P003708,M3,185.7,6.01,44.2,early,B5,4.4,2.81,43.9,0
P003709,M2,187.2,5.64,49.8,early,B1,3.4,2.86,50.5,0
P003710,M3,192.4,5.56,45.5,early,B2,12.0,2.59,47.4,0
P003711,M4,193.6,5.72,39.5,late,B3,1.6,2.27,40.0,0
P003712,M4,189.0,5.35,46.7,early,B2,12.0,2.84,46.7,0
P003713,M4,181.0,5.76,43.8,night,B4,3.5,2.27,51.5,0
P003714,M4,177.4,5.77,51.3,late,B2,1.4,1.99,50.4,0
P003715,M4,188.1,5.65,50.5,early,B3,11.0,2.41,34.5,0
P003716,M4,191.5,6.15,38.1,early,B3,1.9,2.38,49.3,0
P003717,M3,171.8,5.43,49.0,early,B2,7.5,2.72,48.2,0
P003718,M4,190.0,5.2,48.3,early,B4,4.5,1.85,32.8,0
P003719,M4,182.6,5.62,41.2,late,B4,12.0,2.99,41.5,0
P003720,M2,177.1,5.84,51.5,early,B3,8.6,2.47,51.9,0
P003721,M3,185.6,5.76,41.1,night,B3,3.4,1.19,59.1,0
P003722,M3,188.0,5.75,50.4,late,B5,11.1,1.76,34.9,0
P003723,M4,182.1,5.41,44.3,late,B5,5.5,2.36,55.8,0
P003724,M2,181.2,5.46,42.4,night,B5,4.0,2.95,33.0,0
P003725,M4,193.4,5.63,54.9,late,B1,4.4,2.44,59.2,0
P003726,M4,180.3,5.6,40.9,night,B5,7.7,1.96,46.1,0
P003727,M4,190.4,6.18,43.7,night,B5,3.3,2.15,42.3,0
P003728,M1,175.7,5.89,43.7,early,B5,2.6,1.76,50.8,0
P003729,M3,185.3,5.61,44.3,early,B4,2.1,2.42,40.3,0
P003730,M4,186.1,6.18,49.5,early,B2,5.0,2.46,52.1,0
P003731,M4,188.8,5.96,47.0,early,B4,2.2,2.78,47.0,0
P003732,M4,192.2,5.32,50.6,late,B3,7.8,1.7,25.0,0
P003733,M3,178.5,4.67,47.4,early,B5,3.2,2.06,41.5,0
P003734,M3,185.9,5.34,39.6,late,B2,5.8,3.21,49.5,0
P003735,M1,176.5,6.01,48.1,night,B4,8.9,2.59,56.5,0
P003736,M4,176.4,6.11,47.7,early,B4,10.6,2.37,50.7,0
P003737,M2,183.8,5.22,45.8,late,B5,4.7,2.31,56.4,0
P003738,M3,185.3,6.03,53.9,early,B1,0.5,2.8,40.8,1
P003739,M4,193.2,6.02,49.1,night,B5,0.6,3.19,53.8,0
P003740,M2,197.2,6.29,51.8,late,B2,7.6,2.23,54.0,0
P003741,M1,182.0,6.13,49.7,early,B5,1.8,1.83,35.0,0
P003742,M1,185.7,6.27,44.4,late,B1,3.1,2.43,56.8,0
P003743,M4,189.2,5.97,49.2,early,B2,8.4,2.67,50.6,0
P003744,M3,187.2,5.96,47.2,late,B4,2.6,2.52,45.7,0
P003745,M1,183.1,5.68,43.9,late,B3,1.3,3.13,45.6,0
P003746,M3,183.4,6.09,41.4,late,B4,3.2,1.86,39.7,0
P003747,M2,186.4,5.33,48.3,late,B3,6.7,2.77,53.0,0
P003748,M4,182.9,5.75,49.0,night,B1,2.6,2.82,50.4,0
P003749,M2,185.1,5.99,48.3,night,B4,6.0,3.07,52.7,0
P003750,M1,183.3,6.29,45.3,late,B3,1.3,2.01,48.6,0
P003751,M1,181.8,5.63,46.1,late,B3,2.1,2.03,49.6,0
P003752,M3,176.8,6.14,44.9,late,B2,3.2,2.09,45.6,0
P003753,M2,191.7,5.73,54.1,night,B5,9.2,3.52,56.6,0
P003754,M4,186.8,6.15,47.8,night,B4,2.8,2.06,52.9,0
P003755,M2,197.3,5.52,46.4,early,B1,2.5,2.6,49.4,0
P003756,M2,189.0,6.05,41.3,early,B1,2.5,3.1,46.9,0
P003757,M2,184.7,5.77,47.5,early,B1,6.0,2.26,33.9,0
P003758,M2,183.6,5.39,46.0,early,B1,7.1,2.87,32.1,0
P003759,M4,184.3,5.75,44.5,early,B4,8.9,1.65,45.1,0
P003760,M1,187.0,6.26,49.6,early,B4,12.0,2.39,58.1,0
P003761,M4,182.7,5.44,47.1,late,B3,5.1,2.52,42.4,0
P003762,M2,178.9,5.28,41.8,early,B3,2.3,2.82,42.7,0
P003763,M1,179.9,5.94,48.4,early,B5,3.6,1.91,40.2,0
P003764,M1,184.1,5.21,40.0,late,B5,1.8,2.4,37.7,0
P003765,M1,188.1,6.35,48.6,early,B3,4.4,2.28,40.7,0
P003766,M4,175.8,6.34,45.0,late,B3,2.1,3.08,50.2,0
P003767,M3,184.5,6.16,46.3,night,B3,8.9,2.59,44.1,0
P003768,M2,188.2,5.8,48.1,night,B5,4.8,2.1,43.7,0
P003769,M3,180.5,6.38,45.4,late,B4,10.8,1.93,43.0,0
P003770,M3,179.8,6.27,46.8,early,B2,6.9,2.02,49.9,0
P003771,M4,180.0,5.61,47.1,early,B5,6.5,2.58,51.1,0
P003772,M4,184.8,6.3,53.9,night,B2,1.3,2.42,33.0,0
P003773,M3,189.2,5.48,46.9,late,B4,6.0,2.22,41.9,0
P003774,M4,190.6,5.73,47.7,night,B5,12.0,3.77,47.3,0
P003775,M4,177.8,5.17,44.1,late,B5,2.9,2.27,51.5,0
P003776,M2,186.0,5.85,49.6,early,B1,8.0,3.38,49.0,0
P003777,M3,170.9,5.7,42.1,late,B2,0.9,2.23,54.6,0
P003778,M1,184.6,5.64,50.4,night,B4,1.6,1.32,36.7,0
P003779,M4,187.3,5.74,41.2,night,B1,3.8,2.59,51.3,0
P003780,M4,192.6,5.6,43.6,early,B1,2.6,3.0,64.4,0
P003781,M1,174.2,5.81,39.8,late,B2,2.1,2.59,48.4,0
P003782,M4,178.0,6.25,48.4,early,B3,2.6,2.62,48.7,0
P003783,M4,184.8,5.43,45.2,night,B1,5.6,2.51,52.2,0
P003784,M1,175.1,6.1,48.6,early,B1,8.0,2.08,43.6,0
P003785,M3,183.9,5.88,42.3,late,B2,5.9,2.7,40.4,0
P003786,M4,187.4,5.93,48.8,early,B3,6.1,2.3,48.5,0
P003787,M4,177.0,5.79,49.0,late,B3,3.9,2.21,34.8,0
P003788,M1,184.7,5.55,46.8,late,B4,1.6,2.48,51.2,0
P003789,M2,180.3,5.96,48.3,early,B5,3.6,2.61,52.5,0
P003790,M3,190.6,5.98,46.5,night,B1,4.5,2.88,35.2,0
P003791,M1,185.1,5.52,42.5,night,B4,8.3,2.51,49.3,0
P003792,M2,183.5,5.33,44.1,night,B1,11.9,2.4,46.3,0
P003793,M1,177.2,5.83,48.1,early,B2,5.3,1.78,59.8,0
P003794,M1,186.1,6.06,44.6,late,B2,7.7,2.04,58.5,0
P003795,M3,190.5,6.15,47.7,late,B4,0.4,3.35,54.7,0
P003796,M3,178.8,6.22,51.9,late,B2,3.2,2.19,57.7,0
P003797,M3,180.6,5.93,44.3,late,B5,3.9,2.64,45.1,0
P003798,M4,179.9,5.71,44.5,late,B2,5.8,1.91,50.1,0
P003799,M2,195.6,5.8,47.0,early,B5,12.0,2.26,46.0,0
P003800,M2,176.5,5.36,48.3,late,B5,5.0,2.67,40.0,0
P003801,M1,191.1,5.56,48.3,early,B3,0.8,3.07,48.7,0
P003802,M1,181.9,5.78,45.9,early,B1,6.2,1.72,47.3,0
P003803,M2,186.6,5.71,56.1,early,B4,3.0,2.47,46.4,0
P003804,M1,182.1,5.83,47.6,early,B3,5.8,2.71,47.5,0
P003805,M1,185.3,5.32,49.0,night,B2,6.5,3.02,48.5,0
P003806,M1,180.0,5.4,45.9,late,B3,0.8,2.5,55.1,0
P003807,M3,188.8,6.07,49.8,early,B2,3.7,2.6,43.3,0
P003808,M3,189.0,5.51,45.2,night,B2,3.8,1.9,37.8,0
P003809,M4,178.6,5.56,44.4,night,B5,5.0,1.9,53.4,0
P003810,M4,187.7,5.83,50.2,night,B2,2.2,1.98,54.9,0
P003811,M3,181.0,5.47,45.8,night,B3,1.7,1.91,50.9,0
P003812,M1,184.3,6.19,46.9,night,B4,11.9,2.4,38.9,0
P003813,M3,191.4,5.36,49.7,late,B2,4.6,1.75,46.9,0
P003814,M1,180.3,5.8,46.5,night,B4,1.9,2.41,50.3,0
P003815,M2,192.1,5.54,47.6,night,B5,2.6,2.61,39.5,0
P003816,M2,189.5,5.85,46.2,early,B5,12.0,2.5,41.9,0
P003817,M2,185.9,5.63,52.2,night,B1,9.3,3.15,46.8,0
P003818,M2,189.0,5.79,46.9,night,B3,2.4,2.32,57.5,0
P003819,M3,184.4,6.23,45.8,night,B1,1.6,2.95,49.8,0
P003820,M4,177.6,5.56,47.9,night,B4,1.7,2.87,43.4,0
P003821,M4,180.7,5.56,47.9,early,B2,8.7,2.05,46.4,0
P003822,M3,177.3,5.69,49.9,late,B5,2.8,2.84,42.7,0
P003823,M3,181.5,6.32,45.7,late,B1,1.1,1.8,44.7,0
P003824,M1,191.4,5.77,51.2,late,B5,2.7,2.88,53.8,0
P003825,M3,186.2,6.23,45.1,night,B2,5.0,2.45,32.6,0
P003826,M3,175.1,5.74,47.4,night,B5,3.7,1.59,58.5,0
P003827,M2,185.5,6.22,47.5,late,B1,9.5,2.17,65.5,0
P003828,M2,188.3,5.94,56.2,night,B2,5.0,2.57,49.3,1
P003829,M4,188.1,5.99,45.5,early,B2,5.5,2.89,41.4,0
P003830,M3,179.4,5.3,45.0,night,B5,7.4,2.22,57.3,0
P003831,M2,180.2,5.25,48.6,early,B4,7.2,2.66,50.2,0
P003832,M3,182.7,6.17,45.0,late,B5,2.7,2.32,43.8,0
P003833,M2,190.1,6.17,49.4,early,B3,1.6,1.85,40.2,0
P003834,M2,188.3,6.65,52.9,late,B4,4.7,3.12,44.8,0
P003835,M2,182.1,5.28,48.8,early,B4,4.3,3.35,49.5,1
P003836,M2,196.7,5.97,48.9,early,B4,5.0,3.11,55.2,1
P003837,M3,182.5,5.44,45.1,late,B5,5.3,2.11,50.3,0
P003838,M1,185.1,5.54,44.1,late,B5,11.4,1.9,51.6,0
P003839,M4,180.4,5.62,47.2,early,B3,3.3,2.01,45.3,0
P003840,M2,193.1,5.93,48.2,late,B3,5.5,2.24,54.8,0
P003841,M3,186.1,5.57,50.5,early,B4,1.6,3.32,46.3,0
P003842,M3,184.7,5.81,42.4,early,B4,2.1,2.26,62.7,0
P003843,M3,176.7,6.09,51.5,early,B5,4.1,2.71,42.8,0
P003844,M3,189.0,6.19,45.4,late,B4,1.8,2.68,51.2,0
P003845,M4,188.2,6.04,47.4,night,B5,6.3,2.56,65.5,0
P003846,M3,188.6,5.96,42.0,late,B4,5.6,1.88,56.3,0
P003847,M3,183.2,5.75,48.1,night,B5,2.4,2.53,54.0,0
P003848,M3,182.6,5.6,42.4,late,B4,3.4,1.81,50.4,0
P003849,M1,183.0,5.99,47.4,night,B5,8.8,2.57,48.4,0
P003850,M2,199.5,5.43,49.2,night,B1,4.7,2.28,46.6,0
P003851,M2,184.0,5.84,47.0,early,B5,12.0,2.55,43.5,0
P003852,M2,180.5,5.42,40.4,early,B2,3.4,2.55,35.7,0
P003853,M2,184.9,5.79,56.4,early,B4,3.7,3.38,53.1,0
P003854,M2,184.1,5.43,44.2,late,B2,4.1,1.65,35.7,0
P003855,M3,189.9,5.66,47.0,late,B3,0.9,3.35,53.2,0
P003856,M1,176.5,5.56,43.2,early,B4,3.6,1.94,45.5,0
P003857,M4,180.9,5.52,50.8,night,B3,3.5,2.44,40.4,0
P003858,M2,188.0,5.77,46.8,night,B4,6.7,2.94,59.2,0
P003859,M3,190.0,4.95,43.1,early,B1,9.0,2.45,36.4,0
P003860,M1,187.9,5.17,48.3,early,B5,3.2,2.68,42.7,0
P003861,M2,195.9,6.08,43.4,early,B3,0.5,3.02,43.4,0
P003862,M1,185.9,5.85,44.4,early,B4,4.5,3.22,49.2,0
P003863,M3,181.9,5.55,48.6,night,B2,1.8,2.63,43.1,0
P003864,M2,191.7,6.14,53.9,late,B3,4.8,2.7,59.7,0
P003865,M4,176.5,5.58,43.1,early,B3,4.7,2.25,37.0,0
P003866,M2,177.6,5.6,45.9,late,B1,2.3,2.49,75.0,0
P003867,M3,188.4,5.53,47.3,early,B3,4.6,2.88,39.5,0
P003868,M2,188.2,6.47,40.6,late,B4,1.1,3.54,71.6,0
P003869,M3,188.3,5.88,51.2,late,B5,5.0,2.75,56.7,0
P003870,M2,182.3,5.87,44.4,late,B5,7.1,1.33,47.1,1
P003871,M2,194.1,5.96,46.5,late,B2,5.8,1.74,49.8,0
P003872,M1,187.7,5.15,47.0,night,B4,2.7,2.3,45.0,0
P003873,M1,183.8,5.59,46.2,early,B1,6.7,2.22,50.8,0
P003874,M1,185.1,5.96,42.3,night,B5,6.2,2.31,42.1,0
P003875,M4,185.9,5.8,53.3,early,B5,6.4,3.06,53.7,0
P003876,M2,182.3,6.57,38.4,early,B5,9.7,3.29,49.5,1
P003877,M1,181.9,5.61,41.7,night,B3,5.4,2.38,40.1,0
P003878,M4,185.8,6.13,44.4,late,B2,1.7,1.81,51.4,0
P003879,M1,181.7,6.08,42.4,early,B4,1.9,1.75,50.9,1
P003880,M2,178.9,5.85,52.8,late,B4,5.4,2.78,42.3,0
P003881,M3,184.6,5.91,39.7,late,B2,0.8,2.49,44.6,0
P003882,M4,188.6,5.7,52.7,night,B3,3.6,1.95,52.1,0
P003883,M3,188.9,5.11,44.9,late,B4,3.1,2.6,56.7,0
P003884,M2,189.9,5.92,43.0,early,B3,6.1,1.96,46.9,0
P003885,M4,188.5,5.95,38.8,late,B2,1.4,1.3,55.4,0
P003886,M1,189.4,6.0,45.2,early,B2,6.2,1.91,57.3,0
P003887,M4,184.4,5.82,44.1,early,B3,3.4,3.12,58.4,0
P003888,M4,172.3,6.14,47.7,late,B2,5.1,3.19,51.3,0
P003889,M4,190.4,5.5,45.1,night,B2,1.5,1.78,40.8,0
P003890,M2,182.1,6.31,51.8,early,B1,6.4,2.07,55.1,0
P003891,M1,177.8,5.45,45.5,night,B2,7.9,2.64,46.5,0
P003892,M3,176.9,5.76,44.4,late,B4,12.0,2.1,52.1,0
P003893,M3,196.7,6.04,49.7,night,B2,4.9,2.91,43.0,0
P003894,M3,185.4,5.62,46.9,early,B1,7.8,2.64,43.2,0
P003895,M4,178.3,6.06,49.7,early,B5,1.8,2.91,42.4,0
P003896,M3,179.2,5.68,50.4,early,B3,9.4,1.93,37.4,0
P003897,M2,187.0,5.84,47.1,early,B3,1.2,2.95,43.3,0
P003898,M2,190.0,5.74,48.3,early,B3,11.8,3.66,39.7,0
P003899,M1,185.5,5.6,49.2,early,B3,4.6,2.36,52.5,0
P003900,M1,178.9,6.59,36.7,early,B3,1.3,2.28,39.5,0
P003901,M1,185.7,5.51,45.6,early,B4,3.2,2.1,42.6,0
P003902,M4,180.6,5.0,45.9,night,B5,7.7,1.78,48.0,0
P003903,M3,188.8,5.52,47.4,night,B5,3.6,1.81,62.5,0
P003904,M3,183.3,5.85,43.0,early,B3,3.6,1.9,42.5,0
P003905,M2,182.8,5.67,52.4,night,B2,7.2,2.01,36.9,1
P003906,M3,186.8,6.16,43.2,early,B1,3.9,1.61,37.5,0
P003907,M4,186.1,6.14,45.1,late,B3,9.0,1.4,41.1,0
P003908,M4,181.4,5.69,44.3,night,B5,2.6,2.15,42.7,0
P003909,M3,187.0,5.21,50.7,late,B2,0.9,2.6,66.4,0
P003910,M4,187.5,5.35,38.9,early,B5,4.0,2.36,55.7,0
P003911,M3,189.6,5.79,52.8,early,B4,4.4,2.16,45.5,0
P003912,M2,190.9,5.25,53.8,late,B4,2.6,3.1,62.8,1
P003913,M4,182.8,5.67,44.7,late,B3,5.0,3.26,43.1,1
P003914,M2,177.7,6.3,52.1,late,B4,1.0,3.77,44.7,0
P003915,M2,188.0,5.92,48.7,late,B1,5.1,2.82,44.2,0
P003916,M2,188.9,5.82,54.5,early,B1,1.6,2.62,56.2,0
P003917,M3,183.3,5.44,49.6,late,B1,1.3,2.11,47.4,0
P003918,M3,166.4,5.86,54.3,early,B4,4.3,2.57,60.1,0
P003919,M3,186.7,5.71,40.1,night,B3,1.2,2.23,51.5,0
P003920,M2,182.0,5.88,48.9,late,B2,0.6,2.68,55.3,0
P003921,M1,187.8,6.05,39.4,late,B1,5.6,2.26,33.5,0
P003922,M4,193.4,6.11,44.8,late,B3,1.8,2.08,34.4,0
P003923,M2,185.6,5.85,56.7,early,B2,6.0,1.7,34.7,1
P003924,M4,186.4,5.98,48.6,early,B1,3.3,2.2,44.6,0
P003925,M1,184.2,5.62,49.7,late,B1,4.3,2.96,35.7,0
P003926,M3,185.9,6.2,48.0,late,B4,7.8,2.93,57.9,0
P003927,M3,183.6,5.49,47.7,late,B4,5.4,2.72,46.4,0
P003928,M4,181.2,5.73,44.8,night,B2,6.1,2.28,52.9,0
P003929,M1,179.0,6.23,43.3,early,B3,6.0,1.94,44.1,0
P003930,M4,192.7,5.63,44.7,early,B2,2.4,3.23,54.6,0
P003931,M3,185.4,5.33,35.6,late,B3,5.2,1.81,32.3,0
P003932,M3,187.6,5.66,45.7,early,B1,2.0,2.32,47.6,0
P003933,M3,185.2,6.29,46.9,early,B5,5.2,3.06,52.0,0
P003934,M1,189.4,5.01,43.6,night,B4,3.2,2.36,52.7,0
P003935,M2,182.1,5.84,47.7,night,B5,3.7,2.62,45.5,0
P003936,M2,187.5,5.58,50.2,night,B2,11.0,3.27,34.3,0
P003937,M2,189.8,5.74,51.6,early,B5,5.8,2.78,56.1,0
P003938,M3,190.1,5.68,41.4,early,B3,2.5,2.39,44.9,0
P003939,M2,201.7,6.14,45.2,late,B1,1.0,3.43,45.6,0
P003940,M1,186.2,5.82,48.9,night,B2,4.4,1.15,65.8,0
P003941,M1,180.4,6.15,48.2,early,B5,1.1,2.46,48.8,0
P003942,M1,177.4,6.25,51.1,early,B4,11.9,1.96,43.8,0
P003943,M1,179.0,5.81,51.0,early,B4,3.8,2.21,43.4,0
P003944,M3,178.7,5.67,55.2,night,B2,7.3,2.35,53.2,0
P003945,M1,168.0,5.93,44.9,night,B4,1.3,2.0,41.4,0
P003946,M4,180.3,6.0,52.8,late,B5,5.7,2.6,52.1,0
P003947,M1,187.9,5.4,42.5,early,B1,8.3,2.47,56.8,0
P003948,M1,184.4,5.88,55.1,late,B2,6.0,2.39,47.3,0
P003949,M4,182.6,5.71,48.5,late,B1,6.9,2.55,55.9,0
P003950,M2,178.1,5.65,50.3,early,B1,5.3,2.7,47.4,0
P003951,M2,192.8,5.56,52.0,early,B5,3.0,2.71,42.5,0
P003952,M4,186.8,5.58,41.6,late,B2,2.0,2.54,34.7,0
P003953,M4,183.9,6.24,42.7,early,B1,2.3,2.08,50.2,0
P003954,M3,170.9,5.67,46.4,night,B1,12.0,2.87,50.4,0
P003955,M1,181.3,6.2,47.3,late,B5,4.7,2.26,55.9,0
P003956,M3,185.4,5.85,53.9,early,B3,8.8,2.12,55.1,0
P003957,M4,183.8,5.4,43.2,late,B4,2.6,2.68,64.5,0
P003958,M4,185.1,5.87,52.7,late,B2,6.6,2.45,43.4,0
P003959,M1,187.8,5.38,45.0,early,B4,1.9,2.86,50.8,0
P003960,M2,187.9,6.01,47.1,late,B5,3.4,3.15,42.5,0
P003961,M2,190.6,5.73,47.6,early,B4,2.9,2.79,55.4,0
P003962,M1,179.4,6.1,44.8,early,B3,11.2,2.72,40.6,0
P003963,M3,176.3,6.3,47.8,late,B2,2.2,2.41,55.3,0
P003964,M2,189.6,5.19,46.7,late,B2,6.2,2.23,42.1,0
P003965,M2,190.8,5.64,42.8,early,B3,5.4,3.15,54.1,0
P003966,M1,186.9,5.38,45.0,early,B3,1.5,1.44,57.7,0
P003967,M2,187.7,6.56,49.9,late,B1,8.9,1.17,35.6,0
P003968,M1,182.2,5.65,40.7,early,B1,9.5,2.61,37.2,0
P003969,M2,188.2,5.34,50.4,night,B3,4.7,2.95,49.9,1
P003970,M1,186.1,6.58,50.5,late,B1,4.2,2.47,49.0,0
P003971,M4,186.4,5.55,52.4,night,B3,0.8,3.13,45.7,0
P003972,M1,198.3,5.23,47.3,early,B2,1.3,2.29,44.2,0
P003973,M3,177.9,5.39,39.1,night,B2,3.3,2.13,41.2,0
P003974,M1,201.7,5.85,48.5,early,B1,2.0,2.66,50.6,0
P003975,M1,177.1,5.82,49.7,early,B3,7.3,1.98,40.3,0
P003976,M1,186.1,5.51,43.4,early,B1,1.2,2.19,50.9,0
P003977,M1,177.4,5.63,45.7,early,B4,1.1,2.41,43.4,0
P003978,M1,185.7,5.82,47.8,night,B5,5.8,2.45,44.6,0
P003979,M2,192.4,6.26,55.0,late,B5,5.2,2.6,57.7,0
P003980,M3,183.2,5.92,45.0,late,B4,4.5,2.08,55.6,0
P003981,M1,189.4,5.6,49.4,late,B5,6.7,1.8,40.0,0
P003982,M2,184.7,5.72,49.4,late,B5,2.5,2.4,41.0,0
P003983,M3,171.7,6.07,46.8,late,B4,3.0,3.12,54.2,0
P003984,M1,187.4,6.39,51.1,night,B2,5.1,2.18,36.5,0
P003985,M2,187.2,5.41,45.0,late,B3,4.7,2.84,59.6,0
P003986,M1,181.4,6.19,46.9,late,B5,2.1,1.63,49.1,0
P003987,M1,181.7,5.69,46.1,early,B4,8.1,3.45,43.4,0
P003988,M2,189.2,5.23,42.5,night,B2,1.5,2.36,48.1,0
P003989,M4,179.5,5.16,51.5,early,B1,3.2,1.97,58.9,0
P003990,M4,186.1,6.27,50.0,early,B1,1.6,2.47,31.0,0
P003991,M4,190.5,6.31,46.9,night,B2,12.0,2.1,56.2,0
P003992,M2,198.3,5.6,47.2,early,B5,4.3,2.91,57.6,0
P003993,M1,191.7,5.73,46.0,early,B3,1.9,1.62,45.4,0
P003994,M2,187.9,5.18,50.9,early,B1,2.9,3.26,47.4,0
P003995,M1,185.4,6.07,46.2,late,B5,5.0,2.72,49.1,0
P003996,M1,181.8,5.79,43.5,night,B3,7.3,2.25,53.9,0
P003997,M1,181.4,5.26,44.0,night,B2,2.0,1.56,42.2,0
P003998,M2,191.8,5.87,48.2,late,B5,9.9,2.38,47.9,0
P003999,M2,185.3,5.31,44.7,night,B2,4.2,2.78,47.2,0
P004000,M1,186.0,6.0,47.3,late,B4,5.8,1.76,53.4,0
P004001,M3,177.7,5.42,43.0,night,B5,2.7,1.83,69.4,0
P004002,M2,194.5,5.92,44.6,early,B3,5.3,3.22,42.1,0
P004003,M4,182.2,5.57,58.9,late,B4,2.6,2.57,48.6,0
P004004,M1,190.0,4.97,53.4,early,B2,3.0,2.36,41.9,0
P004005,M3,179.1,6.15,46.5,early,B5,7.4,2.54,44.1,0
P004006,M1,179.8,6.17,49.2,late,B1,5.6,2.23,39.4,0
P004007,M2,194.3,5.62,52.1,early,B2,3.3,2.72,35.8,0
P004008,M1,180.6,5.9,45.7,late,B5,7.2,2.51,57.5,0
P004009,M1,175.4,5.95,47.1,late,B3,4.9,2.66,50.8,0
P004010,M3,177.3,5.96,45.0,early,B1,0.7,2.52,48.7,0
P004011,M2,191.7,6.4,53.0,late,B3,3.7,3.41,41.0,0
P004012,M1,188.2,5.95,50.8,late,B2,7.3,2.31,47.4,0
P004013,M4,179.8,5.67,52.7,night,B3,11.8,1.89,38.7,0
P004014,M1,180.5,5.95,47.0,early,B2,1.7,2.79,47.8,0
P004015,M3,186.7,5.65,54.2,night,B2,7.0,2.19,50.7,0
P004016,M3,190.2,5.43,45.7,night,B5,4.1,1.95,43.7,0
P004017,M2,186.6,6.23,56.0,late,B1,1.5,3.07,41.9,0
P004018,M2,190.0,5.99,46.4,early,B4,1.6,2.92,44.1,0
P004019,M1,188.8,5.15,41.1,late,B1,1.8,1.72,54.5,0
P004020,M3,194.8,5.56,53.7,night,B3,1.1,2.6,49.6,1
P004021,M1,177.6,6.07,48.5,early,B4,1.3,3.14,35.1,0
P004022,M1,180.3,5.25,48.0,night,B5,4.2,2.45,53.8,0
P004023,M2,184.2,5.54,46.8,night,B2,0.7,2.63,52.3,1
P004024,M4,188.6,6.73,43.6,late,B1,2.0,1.75,49.5,0
P004025,M4,182.6,5.68,43.9,late,B4,3.0,3.42,61.2,0
P004026,M4,185.7,6.18,47.3,late,B5,2.0,2.27,48.2,0
P004027,M3,183.7,6.33,45.4,night,B3,1.2,1.67,51.4,1
P004028,M3,183.0,5.48,38.6,night,B1,4.0,2.35,51.8,0
P004029,M2,187.6,5.89,54.6,early,B3,2.0,3.2,55.0,0
P004030,M4,189.7,6.52,45.2,early,B2,2.1,3.06,46.2,0
P004031,M3,177.7,5.96,50.7,early,B3,3.6,2.0,42.8,0
P004032,M2,186.2,6.63,45.5,night,B1,6.1,2.71,55.8,1
P004033,M3,176.3,5.58,46.6,early,B2,2.4,2.3,55.4,0
P004034,M3,184.2,6.43,49.7,night,B5,2.5,2.74,58.2,0
P004035,M1,182.9,5.81,49.2,late,B1,1.4,2.57,51.3,0
P004036,M2,192.9,5.69,47.2,early,B5,7.3,2.87,34.8,0
P004037,M2,187.0,6.02,50.1,night,B3,4.1,3.16,49.3,0
P004038,M4,181.6,5.76,49.4,late,B3,7.0,1.89,48.3,0
P004039,M2,185.6,5.77,47.6,early,B5,7.7,2.94,57.8,0
P004040,M4,193.5,5.97,42.6,early,B2,2.4,2.6,56.5,0
P004041,M2,178.4,5.17,45.8,early,B5,6.6,2.73,52.9,0
P004042,M4,180.5,5.52,45.4,early,B2,4.4,2.39,31.4,0
P004043,M1,184.2,6.05,46.1,early,B2,2.6,2.36,41.4,0
P004044,M4,180.5,6.15,52.9,late,B3,2.3,2.24,45.1,0
P004045,M2,189.7,5.93,51.6,early,B4,4.0,3.98,45.3,0
P004046,M2,186.7,5.9,45.1,early,B2,4.7,3.36,49.3,0
P004047,M1,185.4,5.94,53.0,early,B4,0.5,2.79,59.8,0
P004048,M2,187.6,6.14,47.9,late,B1,2.9,2.51,54.2,0
P004049,M2,186.4,5.3,50.8,night,B4,4.6,2.32,40.6,0
P004050,M3,175.9,5.62,42.4,early,B4,5.3,2.2,41.4,0
P004051,M4,185.0,5.77,45.1,early,B3,3.6,2.55,40.6,0
P004052,M3,173.3,5.87,49.9,late,B4,5.2,1.65,47.1,0
P004053,M3,179.3,5.06,42.7,night,B4,2.3,2.52,54.4,0
P004054,M2,189.7,5.36,48.4,night,B5,5.1,3.24,55.7,0
P004055,M4,190.5,5.79,48.6,night,B2,4.7,1.49,45.0,0
P004056,M4,196.9,6.15,42.9,night,B3,7.6,2.09,47.8,0
P004057,M2,184.6,5.65,41.4,late,B3,10.2,3.3,61.4,1
P004058,M4,179.2,5.57,50.2,night,B2,7.8,2.67,36.1,0
P004059,M2,189.9,5.99,59.1,early,B5,3.3,2.36,53.1,0
P004060,M4,194.3,5.69,48.5,night,B3,1.5,2.83,52.2,0
P004061,M4,192.4,6.11,49.3,night,B3,2.0,2.23,45.6,0
P004062,M3,177.3,5.72,42.6,night,B1,10.0,2.19,47.9,0
P004063,M1,183.2,5.41,51.6,late,B3,4.2,1.79,51.4,0
P004064,M3,187.7,6.3,44.6,night,B4,4.8,2.31,45.6,0
P004065,M1,189.1,6.23,50.4,early,B3,7.0,2.76,42.9,0
P004066,M4,187.3,5.47,49.1,late,B4,4.0,2.29,42.3,0
P004067,M2,184.5,5.94,50.6,early,B1,8.5,3.04,62.9,0
P004068,M3,186.2,5.69,48.3,late,B1,1.3,2.28,44.5,0
P004069,M4,189.1,6.02,48.9,late,B2,5.5,2.99,49.6,0
P004070,M1,178.9,5.49,47.1,early,B2,12.0,2.09,54.3,0
P004071,M2,194.3,6.11,51.9,early,B5,9.0,3.45,46.3,1
P004072,M3,188.5,6.22,43.2,early,B5,9.3,2.61,48.3,0
P004073,M2,182.9,5.47,47.3,late,B3,1.2,2.86,52.0,0
P004074,M1,189.1,5.82,51.6,late,B3,4.6,2.43,41.2,0
P004075,M1,188.5,6.23,46.7,late,B2,3.6,2.09,35.7,0
P004076,M2,191.7,5.45,47.0,early,B3,2.0,2.51,42.2,0
P004077,M3,191.7,5.57,49.9,night,B4,4.7,2.42,61.8,0
P004078,M3,182.9,6.03,49.2,late,B4,1.5,1.76,43.4,0
P004079,M1,185.8,5.74,41.1,early,B5,5.2,2.03,49.0,0
P004080,M2,172.5,5.25,51.0,early,B3,1.9,2.33,37.4,0
P004081,M2,193.1,5.69,48.7,late,B2,5.0,3.01,58.7,1
P004082,M2,192.6,6.41,50.9,early,B1,2.1,3.01,45.6,1
P004083,M3,190.5,6.52,46.0,early,B4,3.1,2.87,44.4,0
P004084,M2,181.8,5.58,50.0,early,B5,2.9,2.6,46.9,0
P004085,M3,188.3,5.48,39.0,early,B3,3.6,1.94,68.1,0
P004086,M4,189.6,5.64,43.4,early,B5,3.8,1.84,51.5,0
P004087,M3,179.4,6.43,48.8,early,B2,2.9,2.42,46.7,0
P004088,M3,188.8,6.09,56.0,night,B1,1.7,2.93,25.0,0
P004089,M1,186.5,6.31,47.4,late,B4,8.0,2.27,58.8,0
P004090,M1,174.7,6.15,43.4,late,B1,4.0,2.31,42.4,0
P004091,M1,187.2,5.34,46.5,late,B1,4.7,2.3,41.2,0
P004092,M4,179.8,5.47,43.4,late,B4,2.9,2.61,41.9,0
P004093,M4,174.8,5.56,51.5,early,B3,12.0,2.95,59.7,0
P004094,M1,186.0,5.62,46.2,early,B4,4.2,3.16,47.7,0
P004095,M1,183.6,5.56,50.0,early,B4,8.2,2.52,35.8,0
P004096,M2,194.7,5.6,47.6,late,B2,3.2,3.0,46.4,0
P004097,M3,184.0,6.02,50.3,late,B4,5.7,2.19,41.3,0
P004098,M3,187.3,5.85,39.8,early,B3,3.5,2.25,50.9,0
P004099,M3,185.8,6.23,46.1,late,B3,7.4,2.25,44.9,0
P004100,M4,189.6,5.89,48.9,night,B4,2.7,2.34,35.4,1
P004101,M2,182.1,5.56,47.2,early,B2,1.6,2.81,47.3,0
P004102,M3,184.1,5.87,47.4,late,B3,4.7,2.58,47.5,0
P004103,M3,182.2,5.27,47.3,late,B3,7.7,2.33,38.0,0
P004104,M2,190.6,4.99,52.2,late,B1,3.5,2.62,32.3,0
P004105,M4,185.4,6.03,49.2,late,B2,2.6,2.56,50.3,0
P004106,M1,180.6,6.16,47.5,late,B1,1.3,1.87,45.8,0
P004107,M3,181.1,5.83,49.3,early,B1,7.8,2.66,46.3,0
P004108,M3,192.1,5.66,40.9,late,B3,2.0,2.11,54.0,0
P004109,M4,174.7,5.33,43.9,night,B5,2.9,1.98,32.5,0
P004110,M3,186.9,6.21,40.7,early,B5,2.8,2.51,48.5,1
P004111,M2,193.8,5.97,50.3,night,B4,3.8,2.98,53.3,0
P004112,M4,187.2,5.9,48.4,early,B3,5.6,2.11,46.5,0
P004113,M4,194.8,5.8,52.1,late,B2,12.0,2.78,36.7,0
P004114,M3,188.2,5.64,47.3,late,B2,4.9,2.59,42.7,0
P004115,M4,186.1,5.41,44.4,late,B4,1.3,3.39,44.4,0
P004116,M2,184.4,5.89,48.7,night,B5,3.6,2.64,35.4,0
P004117,M3,185.2,5.61,38.9,early,B5,4.9,2.28,51.0,0
P004118,M4,187.7,5.65,45.2,late,B2,8.6,2.23,48.0,0
P004119,M2,187.0,6.4,39.3,late,B3,8.0,2.97,42.9,0
P004120,M2,182.9,5.78,49.4,night,B3,3.5,2.75,55.9,0
P004121,M4,177.4,4.94,45.7,late,B1,4.1,2.94,43.8,0
P004122,M4,185.0,5.61,46.3,night,B1,4.6,2.3,59.8,0
P004123,M4,175.9,5.45,43.3,night,B1,4.1,2.71,45.8,1
P004124,M2,184.4,5.75,45.7,early,B4,3.6,2.64,40.4,0
P004125,M4,170.6,5.3,49.4,night,B2,10.4,1.67,40.6,0
P004126,M1,188.6,5.95,40.5,night,B4,2.3,2.58,48.7,0
P004127,M3,189.3,5.7,47.9,early,B2,7.1,1.51,39.4,0
P004128,M2,187.4,5.63,45.1,late,B4,6.3,2.68,49.2,0
P004129,M4,194.1,5.85,40.4,early,B1,3.5,2.44,44.8,0
P004130,M4,191.4,5.77,51.5,late,B2,2.2,2.5,44.6,0
P004131,M3,185.6,5.75,51.1,early,B2,4.0,2.32,47.7,0
P004132,M3,182.4,5.72,44.0,late,B3,5.8,2.32,56.0,0
P004133,M2,185.1,5.79,46.1,late,B3,0.2,2.91,43.7,0
P004134,M3,186.1,5.92,45.0,late,B1,1.5,2.25,49.5,0
P004135,M3,182.2,5.88,42.9,early,B4,0.4,3.48,51.6,0
P004136,M1,187.0,6.19,43.6,late,B5,4.8,2.15,38.3,0
P004137,M3,186.4,5.61,47.7,late,B1,4.6,1.75,52.2,0
P004138,M4,182.7,5.88,54.7,late,B1,1.6,1.87,54.5,1
P004139,M3,189.0,6.66,44.7,early,B5,2.0,2.6,55.7,0
P004140,M4,182.7,5.79,50.7,early,B4,4.4,1.78,39.1,1
P004141,M2,187.1,5.8,49.5,late,B5,1.0,2.21,39.7,0
P004142,M3,177.6,5.36,39.6,night,B4,6.0,1.69,47.6,0
P004143,M1,182.5,5.55,45.9,early,B4,3.2,2.51,47.1,0
P004144,M2,198.9,5.76,47.6,late,B1,3.8,3.35,48.2,0
P004145,M2,182.0,5.99,53.8,early,B3,4.0,2.33,45.1,0
P004146,M2,189.4,6.03,53.9,late,B2,1.4,2.94,49.5,0
P004147,M1,181.5,5.91,47.4,early,B5,4.0,1.11,27.6,0
P004148,M3,170.8,6.08,50.6,late,B1,5.6,1.96,53.3,0
P004149,M2,190.1,5.45,47.6,early,B1,2.2,3.02,59.8,0
P004150,M2,183.9,5.97,52.5,early,B3,2.0,2.61,43.6,0
P004151,M1,185.8,5.8,46.4,early,B5,12.0,2.75,49.6,0
P004152,M3,188.4,5.84,50.2,early,B5,1.8,1.3,61.4,0
P004153,M2,188.3,5.67,52.8,late,B3,2.8,2.42,48.3,0
P004154,M2,188.8,5.47,50.9,night,B3,9.2,2.95,50.4,0
P004155,M3,178.2,5.37,43.2,late,B2,0.9,2.5,62.7,0
P004156,M1,187.9,5.91,44.4,night,B5,3.4,2.53,64.3,0
P004157,M4,183.0,5.97,49.7,late,B1,5.5,2.59,39.5,0
P004158,M1,173.0,5.75,49.4,early,B1,3.6,1.79,44.7,0
P004159,M2,191.5,5.79,48.8,early,B3,0.8,2.4,55.1,0
P004160,M1,190.2,5.55,44.8,late,B2,1.5,3.34,52.0,0
P004161,M3,191.1,5.98,46.7,early,B3,0.7,1.73,53.6,0
P004162,M2,198.9,5.82,47.1,night,B5,3.3,2.11,27.0,0
P004163,M4,188.3,5.67,45.8,late,B2,4.9,2.81,32.4,0
P004164,M2,189.8,6.1,55.6,late,B5,2.2,2.27,62.3,0
P004165,M3,189.0,6.03,44.2,late,B2,2.9,3.11,54.2,0
P004166,M1,179.1,5.26,47.9,early,B2,2.9,3.53,50.8,0
P004167,M1,174.8,5.82,46.6,late,B1,8.2,2.19,38.1,0
P004168,M2,184.4,5.46,43.5,early,B4,4.4,2.89,44.7,0
P004169,M3,190.0,5.85,41.2,early,B5,4.0,1.48,52.6,0
P004170,M2,183.4,4.7,47.9,early,B5,7.4,3.21,36.9,0
P004171,M4,186.6,5.87,39.4,early,B1,1.1,1.49,42.4,0
P004172,M3,186.2,6.05,53.0,late,B4,4.4,1.7,51.0,0
P004173,M4,185.3,5.76,45.4,early,B1,2.5,2.55,52.7,0
P004174,M2,180.0,5.39,46.5,early,B4,9.0,3.0,43.8,0
P004175,M4,185.9,6.48,51.4,night,B4,7.4,1.83,55.9,0
P004176,M3,180.7,6.2,45.5,night,B1,2.5,2.06,55.6,0
P004177,M3,192.4,5.61,48.5,late,B1,3.1,1.55,33.7,0
P004178,M4,190.3,5.71,44.6,late,B1,1.8,2.36,61.1,1
P004179,M3,180.9,5.11,46.2,night,B4,6.7,1.94,57.3,0
P004180,M4,193.7,5.97,50.5,early,B4,5.7,2.21,49.7,0
P004181,M3,184.9,5.32,42.7,late,B1,3.2,2.59,46.9,0
P004182,M1,174.8,6.03,48.0,early,B3,3.2,2.43,54.3,0
P004183,M3,182.6,6.16,36.8,late,B4,2.6,2.55,52.3,0
P004184,M2,196.0,5.78,53.0,night,B2,8.6,2.69,45.8,0
P004185,M4,179.5,5.43,44.7,night,B4,3.4,2.82,60.9,0
P004186,M4,183.6,6.24,46.5,night,B2,2.7,2.48,31.2,0
P004187,M1,176.5,5.8,45.6,late,B2,6.2,2.08,42.7,0
P004188,M1,177.4,5.83,42.3,late,B2,0.3,2.56,51.6,0
P004189,M1,179.4,5.47,42.0,night,B2,3.0,2.11,47.6,1
P004190,M2,180.2,5.87,50.2,late,B3,6.8,2.6,53.6,0
P004191,M1,180.6,5.73,48.2,late,B2,9.9,2.78,36.8,0
P004192,M3,192.6,5.34,42.6,early,B2,2.3,2.74,46.0,0
P004193,M3,182.8,6.27,48.1,late,B4,5.3,2.17,57.2,0
P004194,M4,188.3,6.42,48.9,early,B2,2.3,2.89,36.1,0
P004195,M2,193.0,6.16,46.8,late,B4,12.0,2.17,46.1,0
P004196,M3,176.9,6.1,41.1,early,B1,4.2,2.17,43.8,0
P004197,M1,179.4,6.42,45.9,late,B1,5.7,1.96,50.9,0
P004198,M4,188.2,5.43,48.2,early,B5,0.4,2.5,51.1,0
P004199,M1,180.5,5.43,45.8,early,B3,2.6,2.63,48.8,0
P004200,M1,187.8,5.65,43.7,late,B4,6.3,2.55,45.7,0
P004201,M1,193.2,5.9,47.8,early,B4,1.1,2.49,48.5,0
P004202,M4,176.0,5.7,51.6,night,B1,4.2,2.56,46.7,0
P004203,M1,182.0,5.44,43.1,late,B5,10.2,2.23,47.7,0
P004204,M3,181.9,5.8,44.9,early,B3,6.5,2.84,59.7,0
P004205,M3,180.1,5.77,56.4,early,B5,5.4,1.6,38.4,0
P004206,M4,180.7,6.09,47.9,night,B3,2.7,2.2,50.7,0
P004207,M1,181.3,5.82,41.2,late,B3,1.4,2.49,40.5,0
P004208,M1,183.9,5.13,44.2,late,B4,3.6,2.99,63.6,0
P004209,M2,187.9,5.93,45.3,early,B1,5.9,2.59,48.7,0
P004210,M1,189.2,6.35,47.4,late,B4,1.8,2.18,37.9,1
P004211,M3,182.9,5.81,47.2,night,B5,6.5,1.72,46.1,0
P004212,M2,193.1,6.15,45.8,early,B4,4.3,2.51,36.3,0
P004213,M2,183.7,5.62,55.3,early,B1,2.0,3.07,42.9,0
P004214,M1,177.4,6.0,46.3,early,B4,0.9,3.01,52.9,0
P004215,M3,181.3,5.54,44.3,early,B1,1.1,2.17,58.9,0
P004216,M1,186.5,5.71,41.4,late,B1,3.5,1.94,56.6,0
P004217,M3,187.7,5.72,42.6,night,B2,7.9,2.33,47.2,0
P004218,M1,192.0,5.97,41.3,night,B2,2.0,1.57,52.6,0
P004219,M4,185.6,5.51,46.1,night,B1,8.6,3.06,54.5,0
P004220,M3,187.1,5.29,42.6,early,B1,0.8,1.75,66.0,0
P004221,M1,191.5,5.96,49.0,night,B4,3.9,2.44,43.2,0
P004222,M1,179.7,5.95,43.8,early,B3,3.6,2.43,60.1,0
P004223,M2,185.8,5.84,51.4,early,B1,5.0,3.03,39.3,0
P004224,M1,199.2,6.13,47.9,late,B3,4.3,2.42,57.4,0
P004225,M1,188.7,5.73,48.5,early,B4,2.7,2.3,43.0,1
P004226,M4,186.8,5.9,50.2,night,B4,2.7,2.69,42.5,0
P004227,M3,187.9,5.68,53.6,night,B2,7.0,2.68,45.7,0
P004228,M1,176.7,5.71,42.8,night,B1,4.1,3.11,41.8,0
P004229,M3,179.4,5.92,49.2,night,B5,0.4,1.8,51.4,0
P004230,M2,181.4,6.59,49.7,early,B4,2.9,1.92,57.8,0
P004231,M4,186.3,6.06,50.8,early,B5,3.1,1.8,31.1,0
P004232,M1,182.0,5.99,46.4,night,B2,3.1,1.48,46.6,0
P004233,M3,183.5,6.07,50.5,late,B1,6.3,1.76,39.3,0
P004234,M4,182.3,4.98,41.9,night,B2,2.4,1.9,55.2,0
P004235,M1,175.1,5.91,42.2,early,B2,4.5,2.11,59.4,0
P004236,M1,188.9,6.12,43.8,early,B4,10.3,2.68,46.6,0
P004237,M2,177.3,5.83,47.9,early,B4,7.9,3.03,42.4,0
P004238,M4,180.0,5.78,47.0,late,B1,2.2,2.22,35.1,0
P004239,M3,175.8,5.47,43.2,night,B3,4.2,2.06,63.6,0
P004240,M3,178.2,5.65,42.2,night,B2,0.2,3.2,58.6,1
P004241,M4,185.1,5.51,44.3,early,B4,5.6,2.77,32.2,0
P004242,M4,190.8,6.15,40.3,late,B2,1.3,2.58,53.2,0
P004243,M2,178.4,6.33,47.1,early,B3,3.8,2.8,39.1,1
P004244,M3,179.9,6.48,45.8,early,B4,3.4,2.17,43.9,0
P004245,M3,173.4,5.5,47.7,early,B2,7.7,3.2,38.0,0
P004246,M2,183.7,5.57,48.8,late,B1,4.6,2.66,32.0,0
P004247,M4,184.4,5.54,53.6,late,B4,3.4,2.57,47.6,0
P004248,M1,188.2,5.44,49.1,early,B5,5.9,1.56,63.2,0
P004249,M1,172.3,5.45,48.8,late,B3,8.5,2.01,40.6,0
P004250,M4,187.0,5.62,48.2,night,B5,0.3,2.25,55.1,0
P004251,M2,181.7,6.11,50.2,early,B1,2.4,2.97,56.4,0
P004252,M1,177.3,5.55,45.2,early,B5,10.5,1.95,53.8,0
P004253,M1,184.4,6.17,46.4,late,B5,12.0,2.32,64.0,0
P004254,M3,186.4,6.28,53.3,night,B2,2.0,2.03,55.6,0
P004255,M4,183.4,5.9,46.5,night,B1,6.9,2.0,62.4,0
P004256,M1,178.0,6.23,40.9,early,B4,2.0,1.79,38.8,0
P004257,M1,183.4,5.32,48.6,late,B5,1.6,2.22,54.0,0
P004258,M2,183.0,5.6,51.5,night,B1,3.5,2.8,60.1,0
P004259,M4,187.3,5.87,47.4,early,B4,7.4,2.41,41.8,0
P004260,M2,192.9,5.88,41.1,late,B5,3.2,2.38,25.0,0
P004261,M4,189.6,6.3,51.7,night,B1,7.3,2.44,37.9,0
P004262,M4,183.9,5.45,47.7,early,B3,7.8,2.35,42.2,0
P004263,M2,193.2,5.61,47.0,late,B1,2.6,2.28,52.5,0
P004264,M4,178.4,5.77,51.3,night,B1,2.6,2.54,43.5,0
P004265,M3,192.8,5.62,38.3,early,B3,3.2,3.11,48.0,0
P004266,M3,177.4,5.44,46.4,late,B2,3.9,2.23,43.2,0
P004267,M2,175.8,5.63,46.1,late,B1,3.5,2.09,47.0,0
P004268,M4,191.5,5.71,52.5,night,B5,4.1,3.16,47.5,0
P004269,M4,180.1,6.31,47.7,night,B2,2.8,3.07,42.9,0
P004270,M4,184.6,5.44,43.5,night,B5,1.4,3.14,54.6,0
P004271,M4,178.3,6.09,51.1,early,B1,12.0,2.48,59.0,0
P004272,M2,200.0,6.25,38.9,night,B3,2.4,2.4,38.8,1
P004273,M4,194.0,5.62,48.7,night,B4,0.8,2.1,49.7,0
P004274,M4,192.5,5.89,42.0,late,B3,6.2,3.01,36.6,0
P004275,M1,184.5,6.0,44.2,late,B3,1.7,3.02,34.0,0
P004276,M1,189.4,5.94,45.1,early,B4,5.8,1.89,56.3,0
P004277,M2,186.7,5.83,51.7,night,B1,2.3,1.62,64.1,0
P004278,M4,190.2,5.56,55.2,early,B5,12.0,2.49,45.4,0
P004279,M2,184.7,6.03,41.4,early,B4,9.4,2.34,62.7,0
P004280,M3,191.7,5.67,47.7,night,B4,3.3,1.98,42.8,0
P004281,M1,181.5,5.81,54.4,night,B3,5.4,2.19,46.1,0
P004282,M2,185.1,5.86,46.0,night,B2,4.7,2.93,61.3,0
P004283,M3,180.4,6.1,43.6,late,B3,2.2,1.95,40.7,0
P004284,M1,185.1,6.47,46.9,early,B4,6.1,2.36,55.3,0
P004285,M4,181.9,5.54,49.9,late,B5,4.1,2.44,45.2,0
P004286,M1,186.7,5.82,48.5,early,B5,4.5,1.26,42.2,0
P004287,M4,181.4,5.28,45.4,night,B1,5.7,2.75,43.9,0
P004288,M1,188.3,6.32,43.0,late,B1,3.6,2.1,30.7,0
P004289,M4,192.4,5.82,51.8,late,B5,2.0,1.93,58.1,0
P004290,M3,183.4,5.7,43.1,early,B2,5.4,1.97,49.8,0
P004291,M1,196.2,5.82,38.7,late,B3,6.4,2.39,46.8,0
P004292,M1,190.2,5.84,40.5,night,B1,6.5,2.32,42.5,0
P004293,M1,195.8,5.54,43.8,late,B1,6.5,2.59,50.5,0
P004294,M3,182.7,6.22,51.7,early,B3,5.0,2.5,55.1,0
P004295,M4,174.9,6.03,42.3,early,B4,0.9,1.97,45.8,0
P004296,M2,183.1,6.07,54.0,early,B4,12.0,1.42,55.7,0
P004297,M2,183.7,5.56,53.2,early,B5,6.4,2.8,50.2,0
P004298,M3,177.8,5.54,46.9,night,B1,2.9,2.58,47.3,0
P004299,M3,170.9,5.76,36.3,late,B2,7.0,2.21,55.3,0
P004300,M3,188.6,6.08,41.5,early,B3,1.5,2.6,43.9,0
P004301,M2,176.8,5.98,45.8,night,B3,5.8,2.3,38.0,0
P004302,M3,188.1,5.53,52.6,early,B1,3.2,2.14,47.6,0
P004303,M4,196.0,6.03,44.6,early,B3,1.6,2.09,48.3,0
P004304,M2,182.7,5.46,45.3,late,B5,1.6,3.06,46.2,0
P004305,M1,186.1,5.57,46.7,early,B1,5.2,1.89,57.5,0
P004306,M1,181.8,5.86,40.6,late,B5,5.7,3.23,52.0,0
P004307,M3,187.5,5.39,45.9,night,B3,1.9,2.07,47.1,0
P004308,M2,180.4,5.46,45.2,night,B3,3.2,3.11,48.0,0
P004309,M4,183.3,6.34,57.0,early,B4,4.9,2.28,48.6,0
P004310,M3,189.2,6.28,42.5,late,B4,2.6,2.9,52.2,0
P004311,M3,182.7,6.6,53.3,early,B4,12.0,2.88,48.4,0
P004312,M4,175.0,5.96,42.5,late,B1,5.3,2.35,46.8,0
P004313,M2,193.8,6.03,49.2,early,B2,3.6,2.87,37.3,1
P004314,M4,176.9,5.75,48.7,late,B5,7.7,3.07,42.3,0
P004315,M1,184.4,5.68,46.5,early,B1,5.6,2.44,50.2,0
P004316,M3,186.2,6.11,46.3,night,B4,4.9,1.89,49.5,0
P004317,M4,184.7,6.28,50.1,night,B3,5.3,2.53,36.1,0
P004318,M4,198.0,6.08,48.4,early,B1,6.5,2.16,43.5,0
P004319,M4,188.0,5.51,46.1,night,B1,2.4,2.57,40.6,0
P004320,M2,185.9,5.94,45.6,early,B5,0.7,2.4,58.9,0
P004321,M4,187.3,5.53,46.2,late,B1,8.2,2.67,50.0,0
P004322,M3,184.2,5.69,45.3,early,B1,4.1,1.5,51.4,0
P004323,M3,183.2,6.37,45.2,early,B1,2.8,1.8,47.5,0
P004324,M1,185.3,5.38,46.3,late,B4,2.0,1.94,43.0,0
P004325,M1,181.6,6.56,40.6,late,B5,1.8,2.23,44.4,0
P004326,M3,184.2,5.99,42.1,late,B1,4.4,1.62,51.9,0
P004327,M1,181.2,5.64,49.2,late,B4,3.8,1.9,45.9,0
P004328,M3,172.6,5.82,37.4,early,B4,7.8,2.65,52.0,0
P004329,M4,190.3,5.56,51.3,early,B2,5.8,2.9,49.1,0
P004330,M4,180.9,5.61,44.7,late,B1,6.4,1.36,50.4,0
P004331,M1,184.8,5.83,52.3,late,B3,7.6,2.04,50.8,0
P004332,M4,179.8,5.68,51.5,early,B1,4.6,3.07,43.8,0
P004333,M1,180.0,5.47,44.8,early,B1,10.2,2.47,45.5,0
P004334,M2,181.3,5.72,47.3,late,B3,2.3,2.93,55.3,0
P004335,M4,189.2,5.34,52.9,late,B5,7.4,2.75,62.6,0
P004336,M1,190.5,5.35,50.8,night,B5,0.7,1.87,55.3,0
P004337,M1,184.1,5.35,49.7,late,B4,0.7,2.4,25.7,0
P004338,M1,181.0,6.38,50.3,late,B2,1.5,2.51,41.9,0
P004339,M3,173.7,5.94,41.9,late,B2,3.6,2.35,48.9,0
P004340,M4,188.4,6.01,47.6,early,B4,0.6,2.32,39.2,0
P004341,M1,180.3,5.8,43.1,early,B1,3.5,2.28,38.8,0
P004342,M1,177.9,5.98,41.8,early,B3,2.9,1.79,44.7,0
P004343,M3,183.2,6.21,46.6,night,B4,12.0,2.58,50.8,0
P004344,M1,182.2,5.94,44.4,early,B5,1.2,1.65,52.9,0
P004345,M3,174.7,6.37,45.4,late,B1,4.3,1.93,45.1,0
P004346,M4,176.4,5.79,44.9,late,B2,5.7,2.81,44.4,0
P004347,M4,185.9,6.01,42.0,early,B2,0.7,2.63,41.3,0
P004348,M4,180.4,6.05,53.2,night,B3,9.7,2.28,52.1,0
P004349,M3,185.8,5.47,46.6,late,B1,6.3,1.53,51.5,0
P004350,M4,184.8,5.81,41.3,early,B5,8.2,2.48,55.3,0
P004351,M1,189.8,5.16,46.7,night,B5,4.7,2.02,49.0,0
P004352,M1,179.4,5.75,51.8,late,B2,2.1,2.52,37.5,0
P004353,M3,184.3,5.7,49.6,early,B3,1.0,2.07,45.2,0
P004354,M1,187.5,5.68,44.0,late,B3,6.7,1.51,54.9,0
P004355,M4,180.6,5.66,44.9,late,B1,2.8,1.88,34.1,0
P004356,M3,189.2,5.98,42.4,early,B5,0.5,2.11,47.3,0
P004357,M4,174.8,5.49,44.0,night,B4,3.0,2.55,50.3,0
P004358,M2,182.4,6.45,45.7,late,B2,3.8,2.23,64.0,0
P004359,M2,177.6,6.0,42.6,late,B3,9.0,2.41,43.2,0
P004360,M3,179.0,5.52,44.3,early,B2,3.2,2.66,47.0,0
P004361,M1,183.1,6.03,47.3,early,B2,3.8,2.8,61.5,0
P004362,M3,187.6,6.15,44.4,late,B2,3.9,2.42,43.3,0
P004363,M3,182.1,5.93,46.8,late,B1,7.3,2.17,56.6,0
P004364,M4,180.7,5.45,53.0,late,B5,2.2,2.22,51.1,0
P004365,M3,174.5,6.58,53.0,night,B4,5.2,2.54,46.2,1
P004366,M1,177.3,6.02,45.7,early,B5,2.6,2.16,51.6,0
P004367,M2,188.7,5.36,51.5,late,B1,8.9,3.16,46.8,0
P004368,M3,187.8,5.87,45.4,night,B4,10.2,2.74,66.1,0
P004369,M1,181.7,5.72,44.1,night,B3,4.3,2.48,31.5,0
P004370,M2,193.7,5.8,44.0,night,B4,4.9,2.53,45.7,0
P004371,M2,181.8,5.38,48.5,night,B5,3.3,2.56,46.0,0
P004372,M1,181.9,5.82,50.1,early,B2,0.7,1.56,46.9,0
P004373,M3,181.3,5.51,41.2,late,B1,3.9,2.28,56.6,0
P004374,M1,192.4,5.68,44.9,night,B1,3.6,2.26,44.4,0
P004375,M3,183.7,5.94,44.7,late,B3,3.0,1.68,51.9,0
P004376,M1,174.1,5.63,46.9,early,B1,3.2,3.36,49.9,0
P004377,M3,188.2,5.7,47.0,night,B1,5.2,2.55,54.7,0
P004378,M1,194.2,6.09,48.0,early,B1,4.9,1.92,46.9,0
P004379,M4,182.6,5.49,54.0,early,B2,3.3,3.42,50.6,0
P004380,M1,179.1,5.57,42.7,early,B1,9.4,2.08,47.0,0
P004381,M3,187.8,5.36,42.5,late,B3,0.6,2.67,40.1,0
P004382,M2,197.8,5.51,49.1,late,B4,2.3,2.79,60.8,0
P004383,M1,188.7,5.85,51.5,late,B2,6.7,2.09,41.9,0
P004384,M2,178.1,6.02,42.6,night,B1,0.8,2.6,44.2,0
P004385,M4,188.2,5.52,48.1,late,B3,0.6,3.15,41.1,0
P004386,M4,186.2,6.01,46.0,late,B1,2.2,2.89,51.2,0
P004387,M2,181.7,5.84,51.4,night,B4,3.7,2.69,44.2,1
P004388,M1,191.1,5.32,48.4,night,B2,2.7,1.38,60.1,0
P004389,M3,185.4,5.86,46.2,early,B3,4.4,2.44,52.3,0
P004390,M3,190.2,6.22,47.9,early,B2,0.6,1.74,45.8,0
P004391,M1,178.2,5.14,43.5,late,B2,2.1,2.54,40.7,0
P004392,M4,186.2,6.5,49.8,night,B1,6.0,2.18,47.1,0
P004393,M3,178.1,5.59,51.3,late,B3,5.2,2.03,52.2,0
P004394,M3,184.4,5.22,46.4,early,B1,2.4,2.01,47.6,0
P004395,M2,195.1,5.85,46.6,late,B4,4.2,3.21,46.9,0
P004396,M2,179.2,6.09,47.6,late,B2,3.6,1.96,39.8,0
P004397,M1,176.5,5.7,49.0,late,B3,3.7,2.63,65.9,0
P004398,M4,189.3,5.91,46.6,night,B3,4.7,2.65,46.4,0
P004399,M1,183.9,6.54,41.4,night,B4,10.6,2.27,37.0,0
P004400,M4,190.4,5.87,50.4,late,B4,10.8,2.3,39.4,0
P004401,M4,179.6,6.84,43.1,late,B3,0.9,2.72,45.2,0
P004402,M3,183.3,6.24,47.6,late,B5,3.2,2.1,63.6,0
P004403,M1,187.8,5.82,38.9,late,B2,1.4,2.1,46.6,0
P004404,M2,188.2,5.9,48.6,late,B4,5.0,2.78,45.0,0
P004405,M2,177.2,5.69,47.9,late,B2,3.3,3.52,54.8,0
P004406,M3,198.5,5.89,38.5,late,B4,7.5,1.62,55.3,0
P004407,M4,185.2,6.0,48.1,late,B3,3.8,2.73,53.3,0
P004408,M2,179.6,5.66,44.0,early,B5,9.7,2.69,49.6,0
P004409,M4,185.7,5.32,47.1,late,B2,11.1,2.4,39.2,0
P004410,M1,186.4,6.26,44.4,late,B3,9.5,1.61,42.0,0
P004411,M2,192.5,6.14,42.6,early,B1,0.4,1.96,35.3,0
P004412,M1,189.1,5.3,42.0,early,B4,4.6,2.45,46.2,0
P004413,M3,181.8,5.86,42.3,early,B1,2.9,1.73,44.6,0
P004414,M1,174.5,6.16,49.7,night,B3,3.3,2.76,43.8,0
P004415,M2,189.5,6.12,51.4,night,B1,6.7,2.29,50.2,1
P004416,M4,175.0,5.56,55.1,late,B2,3.1,2.75,42.7,0
P004417,M3,189.7,6.14,44.1,late,B3,4.0,2.04,45.3,0
P004418,M1,180.0,5.81,43.9,late,B2,4.2,2.02,44.1,0
P004419,M1,187.5,5.94,46.5,late,B2,0.6,1.89,47.7,0
P004420,M3,179.4,5.48,44.6,night,B1,2.7,2.5,50.9,0
P004421,M2,184.3,4.31,46.0,early,B4,7.9,3.07,37.2,1
P004422,M1,179.6,5.53,46.2,early,B4,0.5,2.16,51.6,0
P004423,M3,186.9,5.99,48.7,late,B3,5.6,2.57,50.1,0
P004424,M1,180.6,5.73,38.0,early,B1,1.9,2.31,51.3,0
P004425,M3,187.2,6.03,43.8,late,B1,2.9,1.7,49.1,0
P004426,M2,183.7,6.19,42.9,night,B4,6.4,2.92,50.9,0
P004427,M1,182.7,5.68,45.4,early,B5,1.5,2.16,44.7,0
P004428,M1,184.2,5.65,47.6,late,B5,3.1,1.12,51.5,0
P004429,M1,184.8,5.03,50.2,late,B3,0.9,2.12,57.2,1
P004430,M1,178.9,5.26,44.4,night,B3,5.1,1.54,44.0,0
P004431,M2,190.9,5.33,48.6,late,B1,2.1,2.2,44.3,0
P004432,M4,182.5,5.99,40.4,early,B1,1.1,2.39,53.0,0
P004433,M4,187.0,5.69,43.5,late,B4,3.8,2.47,43.6,0
P004434,M2,186.9,5.61,49.0,late,B3,0.8,2.37,42.2,1
P004435,M3,186.2,5.57,40.8,night,B3,2.8,2.54,51.4,0
P004436,M3,180.7,5.53,50.7,late,B2,1.9,2.25,44.6,0
P004437,M4,179.7,6.12,48.8,early,B2,4.4,2.31,57.8,0
P004438,M1,186.3,5.83,42.6,night,B5,4.5,2.32,44.3,0
P004439,M2,184.3,6.15,42.6,late,B5,2.2,3.29,41.4,0
P004440,M2,195.0,5.03,45.5,early,B4,9.5,1.78,48.0,0
P004441,M1,184.4,5.99,42.6,late,B2,7.6,2.88,51.5,0
P004442,M2,179.4,5.63,43.6,night,B4,1.7,2.47,50.6,0
P004443,M4,180.8,5.7,41.5,late,B2,12.0,2.15,52.3,1
P004444,M4,178.5,6.27,45.9,early,B3,6.2,2.32,43.6,0
P004445,M1,189.9,5.66,48.8,late,B1,4.8,1.9,57.1,0
P004446,M2,191.3,5.97,45.5,early,B4,5.0,2.28,34.8,0
P004447,M2,186.7,5.44,49.9,late,B1,1.3,3.13,41.8,0
P004448,M2,188.6,5.81,47.0,late,B4,8.4,2.82,48.3,0
P004449,M3,182.5,5.24,48.3,early,B4,0.6,1.44,42.4,0
P004450,M1,188.7,5.78,43.0,early,B1,5.0,2.6,45.5,0
P004451,M4,186.9,5.93,47.9,night,B3,7.7,2.74,40.1,0
P004452,M4,187.8,6.19,47.3,early,B2,1.8,1.83,46.3,0
P004453,M3,181.9,5.51,51.2,night,B3,6.5,2.38,51.7,0
P004454,M3,179.5,5.61,48.1,late,B1,4.1,2.58,43.7,1
P004455,M3,186.7,5.57,47.0,late,B4,6.7,1.58,41.0,0
P004456,M2,195.5,5.71,42.6,early,B3,7.5,2.88,44.3,0
P004457,M1,190.1,5.46,44.0,early,B2,10.1,2.0,56.8,0
P004458,M3,191.7,5.04,43.0,early,B5,8.7,2.54,56.8,0
P004459,M1,184.9,5.44,42.9,late,B4,0.7,1.88,44.2,0
P004460,M4,178.7,5.78,46.9,night,B4,1.7,2.97,52.1,0
P004461,M2,182.2,5.75,49.1,night,B1,5.4,2.64,47.9,0
P004462,M2,194.6,5.99,49.3,early,B3,7.5,2.47,58.3,0
P004463,M2,176.8,6.09,53.0,early,B4,1.5,2.42,49.5,0
P004464,M4,192.3,5.64,48.6,early,B5,6.1,2.89,46.4,0
P004465,M1,179.7,5.24,41.3,night,B4,9.1,1.97,60.8,0
P004466,M1,194.6,5.94,46.8,early,B1,7.3,2.78,40.6,0
P004467,M1,183.6,5.8,48.2,early,B4,6.0,2.4,50.6,0
P004468,M3,187.0,5.71,50.8,late,B1,3.6,1.68,58.9,0
P004469,M4,197.1,6.23,46.2,late,B2,3.5,2.51,53.3,0
P004470,M1,182.2,5.96,45.5,early,B5,12.0,2.32,41.9,0
P004471,M4,182.1,5.84,50.9,late,B5,0.2,1.86,41.5,0
P004472,M2,183.2,5.86,48.9,early,B5,2.6,2.75,36.7,0
P004473,M3,177.5,6.1,39.9,early,B2,1.7,2.54,59.9,1
P004474,M1,182.2,5.56,39.1,early,B4,1.1,2.81,38.9,0
P004475,M2,183.9,5.49,55.2,early,B4,5.8,3.24,53.7,0
P004476,M3,176.1,5.72,39.5,night,B2,5.2,3.38,36.6,0
P004477,M3,181.8,5.39,45.4,late,B5,3.9,2.3,68.5,1
P004478,M1,186.5,5.78,49.4,night,B5,5.2,2.55,37.2,0
P004479,M4,179.1,5.83,40.1,early,B1,6.7,2.23,48.3,0
P004480,M4,183.1,5.78,42.7,late,B4,3.3,3.35,57.7,0
P004481,M2,194.7,5.67,43.5,night,B3,5.5,2.35,42.4,0
P004482,M3,175.2,6.38,52.8,early,B4,3.0,3.13,52.5,0
P004483,M4,194.6,6.13,54.5,night,B3,5.6,3.27,45.7,0
P004484,M1,180.3,5.77,43.2,late,B2,9.1,1.95,51.1,0
P004485,M4,185.1,5.83,49.0,late,B1,7.2,2.97,56.6,0
P004486,M2,194.0,6.28,49.4,early,B3,11.3,2.96,44.6,0
P004487,M4,192.7,5.6,45.7,late,B5,2.6,2.31,60.0,1
P004488,M1,186.6,5.46,39.8,late,B5,2.1,2.24,50.8,0
P004489,M2,183.2,5.88,57.0,night,B2,5.1,2.87,63.6,0
P004490,M3,178.7,5.94,39.1,night,B5,2.6,2.46,41.3,0
P004491,M3,179.8,5.97,46.8,early,B2,5.8,2.97,42.9,0
P004492,M4,194.4,6.09,44.3,night,B3,4.4,2.76,46.1,0
P004493,M4,181.9,5.54,50.6,night,B2,1.8,2.15,38.3,0
P004494,M1,185.8,5.31,49.2,late,B3,5.3,2.63,55.4,0
P004495,M2,181.3,5.6,44.5,early,B3,1.9,1.96,47.4,0
P004496,M2,180.6,6.0,45.2,early,B4,9.6,2.58,38.8,0
P004497,M2,187.1,5.48,42.3,early,B3,3.3,2.62,41.4,0
P004498,M2,185.2,5.12,48.9,early,B3,2.1,3.05,41.0,0
P004499,M4,182.6,5.85,49.5,night,B4,4.5,3.3,55.4,0
P004500,M4,175.9,5.6,45.1,early,B3,4.9,2.6,51.7,0
P004501,M1,183.6,5.2,45.1,late,B3,2.5,2.14,46.9,0
P004502,M2,195.5,5.83,55.4,late,B1,2.4,2.44,45.1,0
P004503,M3,178.3,5.66,49.6,late,B5,0.8,2.68,46.1,0
P004504,M2,191.9,6.39,53.3,early,B1,6.9,2.66,62.2,0
P004505,M1,164.9,5.83,37.5,late,B5,9.4,2.07,46.1,0
P004506,M2,182.6,6.01,50.3,late,B4,7.7,3.18,54.9,1
P004507,M2,176.5,5.79,49.2,late,B5,2.1,3.28,45.4,0
P004508,M1,190.8,5.59,41.2,early,B1,5.2,1.87,61.5,0
P004509,M4,188.8,5.63,42.8,late,B2,4.6,1.83,38.2,0
P004510,M2,181.3,6.18,47.4,early,B1,1.0,2.71,54.5,0
P004511,M3,184.6,6.06,40.9,late,B3,2.5,1.79,41.9,0
P004512,M3,189.6,5.28,43.0,late,B5,5.0,1.73,65.7,0
P004513,M4,191.5,5.36,45.0,early,B4,0.5,2.03,53.6,0
P004514,M1,181.8,5.38,48.2,night,B4,1.5,2.77,34.4,0
P004515,M1,171.9,6.17,43.3,early,B5,6.4,2.59,40.5,0
P004516,M2,182.1,5.19,46.5,night,B1,2.0,3.86,53.5,0
P004517,M2,191.2,6.08,52.1,night,B4,1.1,2.46,53.3,0
P004518,M2,198.5,5.94,41.5,early,B2,7.4,3.35,52.7,0
P004519,M4,183.7,5.85,47.7,early,B4,2.0,2.72,49.3,0
P004520,M1,180.7,5.63,47.5,early,B4,6.4,2.05,45.4,0
P004521,M1,197.2,6.22,47.6,night,B4,11.1,2.23,56.7,0
P004522,M2,189.2,5.84,46.3,late,B3,1.5,2.5,41.1,0
P004523,M4,177.2,5.29,42.8,early,B4,3.4,2.62,48.4,0
P004524,M4,183.3,5.38,52.6,late,B3,4.6,2.94,43.0,0
P004525,M3,188.5,5.22,42.7,early,B4,7.3,2.13,42.4,0
P004526,M3,182.6,6.22,41.8,late,B3,2.5,2.68,44.3,0
P004527,M3,187.4,6.3,46.1,late,B2,0.2,2.87,42.1,0
P004528,M3,174.2,6.18,43.2,early,B2,1.5,2.97,52.4,0
P004529,M1,176.1,5.75,50.0,night,B2,2.9,1.77,36.2,0
P004530,M3,179.0,5.3,45.0,early,B4,6.4,2.28,51.4,0
P004531,M4,182.4,5.43,51.3,late,B5,3.4,2.82,42.9,0
P004532,M2,188.8,5.45,49.9,late,B1,6.1,2.26,48.2,0
P004533,M3,186.5,5.78,44.5,night,B1,2.8,1.71,46.7,0
P004534,M2,200.6,6.29,52.4,late,B3,4.3,2.74,44.0,1
P004535,M3,178.9,6.28,43.5,night,B4,6.8,2.11,57.7,0
P004536,M1,182.3,5.63,44.8,early,B1,8.0,2.22,45.0,0
P004537,M3,179.1,5.02,48.0,night,B2,12.0,2.09,53.6,0
P004538,M4,189.9,5.39,47.7,early,B1,4.7,3.47,53.7,0
P004539,M1,190.2,6.22,43.4,late,B1,0.6,2.09,45.8,0
P004540,M2,184.5,5.88,42.4,early,B1,5.3,3.01,37.9,0
P004541,M1,195.4,5.68,45.9,night,B4,0.6,2.53,40.9,0
P004542,M1,180.1,5.65,43.2,night,B5,5.8,1.54,58.2,0
P004543,M4,189.7,5.54,46.9,late,B3,4.2,3.16,51.9,0
P004544,M2,195.0,5.38,46.6,late,B1,7.7,3.03,49.1,1
P004545,M2,179.5,6.53,45.5,late,B5,2.8,2.82,43.5,0
P004546,M2,190.2,6.4,47.2,early,B2,4.4,3.23,61.9,0
P004547,M4,169.0,5.51,46.5,late,B1,5.4,2.48,41.1,0
P004548,M2,191.5,5.19,50.8,late,B1,0.3,3.15,49.1,0
P004549,M3,176.9,5.86,47.6,late,B2,5.2,1.46,52.0,0
P004550,M2,190.1,5.75,56.2,early,B4,0.3,3.12,37.6,0
P004551,M1,188.2,6.02,46.5,night,B2,2.1,2.38,41.9,0
P004552,M3,189.2,6.1,43.4,early,B3,4.9,2.39,44.3,0
P004553,M1,188.9,5.39,45.4,late,B2,0.5,1.92,54.9,0
P004554,M3,183.3,6.25,48.2,early,B5,6.0,2.2,44.5,0
P004555,M2,184.9,5.68,52.0,early,B4,5.6,2.64,36.5,0
P004556,M3,182.6,6.01,51.1,early,B4,7.5,1.79,35.7,0
P004557,M4,177.9,5.71,42.9,early,B3,0.8,2.66,41.9,0
P004558,M3,181.8,6.12,50.9,late,B3,12.0,3.01,36.1,0
P004559,M1,182.4,4.97,45.8,late,B5,1.2,1.66,54.1,0
P004560,M3,178.7,6.06,42.5,late,B4,4.3,2.52,54.5,0
P004561,M4,174.4,5.51,46.0,late,B5,2.9,2.31,48.1,0
P004562,M1,177.0,5.83,50.6,early,B1,3.5,2.06,45.9,0
P004563,M2,169.7,6.24,49.9,early,B5,11.3,2.78,53.9,0
P004564,M4,182.3,5.52,42.2,late,B5,1.4,2.54,53.6,0
P004565,M1,186.0,5.46,41.4,late,B4,10.2,2.38,40.1,0
P004566,M3,168.2,5.67,41.3,late,B5,6.6,1.79,41.2,0
P004567,M4,185.3,5.65,44.0,early,B3,3.8,2.99,53.7,0
P004568,M1,183.3,5.43,46.3,night,B2,3.8,2.34,50.2,0
P004569,M3,176.5,5.84,41.7,early,B4,5.7,2.57,52.9,0
P004570,M3,180.6,5.86,44.4,late,B4,2.8,2.85,40.8,0
P004571,M2,192.8,5.96,53.5,early,B1,3.2,1.89,42.0,0
P004572,M4,178.6,5.51,52.9,late,B2,4.3,2.78,51.7,0
P004573,M1,184.4,5.47,51.9,late,B2,9.5,2.23,42.5,0
P004574,M2,188.9,5.76,41.4,late,B3,3.5,3.21,35.8,0
P004575,M4,179.5,5.71,53.2,early,B1,0.7,2.14,42.7,0
P004576,M1,189.5,5.72,46.3,late,B4,4.4,2.72,46.4,0
P004577,M4,186.2,5.55,47.1,early,B1,3.6,2.03,61.6,0
P004578,M1,182.6,5.92,49.9,late,B5,2.3,2.48,41.3,0
P004579,M2,200.0,5.47,50.9,early,B4,5.0,2.88,47.5,0
P004580,M1,189.6,5.76,38.9,early,B2,2.3,2.23,64.3,0
P004581,M3,173.7,5.69,43.7,late,B2,3.4,1.84,39.3,0
P004582,M4,181.9,5.79,45.4,early,B4,4.3,2.33,53.3,0
P004583,M4,197.6,6.21,41.7,early,B1,4.6,2.92,42.3,1
P004584,M4,178.6,5.34,50.6,night,B4,5.2,3.17,51.2,1
P004585,M3,183.4,4.96,51.5,night,B3,5.8,3.18,66.7,0
P004586,M4,190.8,5.59,46.8,night,B2,4.3,2.74,54.3,0
P004587,M3,186.6,5.4,47.1,early,B5,0.9,2.41,49.2,0
P004588,M4,188.4,4.75,46.8,late,B4,4.8,2.7,40.4,0
P004589,M3,187.1,6.41,46.4,night,B1,7.3,3.17,46.6,0
P004590,M4,184.1,6.0,51.0,early,B4,0.7,2.73,43.5,0
P004591,M1,179.6,6.03,39.3,late,B3,0.9,2.34,36.4,0
P004592,M2,189.4,5.7,50.0,early,B4,2.0,2.63,31.0,0
P004593,M3,180.8,5.95,46.0,night,B3,7.0,2.23,41.4,0
P004594,M1,181.4,5.65,43.3,late,B5,1.9,2.47,47.7,0
P004595,M1,192.2,6.09,44.1,late,B5,7.1,1.96,57.0,0
P004596,M4,181.9,5.87,53.8,late,B1,4.6,2.22,42.1,0
P004597,M2,196.4,5.79,43.2,early,B3,2.4,2.72,49.5,1
P004598,M1,185.4,5.81,45.4,early,B2,12.0,2.1,34.4,0
P004599,M2,186.1,6.31,54.4,late,B3,1.3,3.02,41.6,1
P004600,M2,177.0,5.86,43.4,late,B1,3.9,3.05,28.4,0
P004601,M3,194.7,5.44,44.3,late,B3,1.7,2.42,65.9,0
P004602,M4,184.0,5.92,47.0,early,B1,4.9,2.72,49.6,0
P004603,M4,171.5,5.97,48.4,late,B4,1.8,2.55,49.3,0
P004604,M3,188.4,5.75,45.7,early,B3,2.7,0.8,52.3,0
P004605,M3,182.7,5.78,42.6,early,B5,2.1,1.91,68.3,0
P004606,M2,181.9,5.43,49.9,night,B5,3.1,3.07,44.5,0
P004607,M4,189.1,5.83,46.4,late,B4,7.3,2.12,40.2,0
P004608,M1,170.0,5.37,48.4,late,B3,1.1,2.68,64.0,0
P004609,M1,180.1,5.71,49.5,night,B4,2.0,2.71,38.2,0
P004610,M4,182.4,5.57,41.2,early,B4,2.8,2.38,58.4,0
P004611,M4,188.7,6.14,50.7,night,B1,3.2,2.23,47.4,0
P004612,M2,199.3,6.34,47.2,late,B2,9.0,2.75,51.5,0
P004613,M3,181.7,5.4,49.1,late,B5,2.0,2.28,36.5,0
P004614,M2,189.5,5.8,50.1,early,B2,7.1,3.03,68.7,0
P004615,M2,202.1,5.69,55.2,early,B1,9.8,1.7,44.9,0
P004616,M2,187.0,5.96,48.2,late,B5,3.4,2.42,42.4,0
P004617,M1,186.6,5.83,44.5,early,B5,1.6,1.84,52.4,0
P004618,M3,176.2,5.66,44.1,early,B4,8.3,1.17,42.8,0
P004619,M2,197.8,5.83,44.3,late,B4,6.7,2.53,51.4,0
P004620,M3,179.1,5.72,49.1,late,B2,1.5,1.63,37.9,0
P004621,M1,185.5,6.36,41.8,early,B2,10.8,2.13,49.2,1
P004622,M4,185.3,5.52,49.8,late,B5,2.2,2.28,43.2,0
P004623,M3,183.5,5.89,45.2,night,B5,3.4,2.5,41.7,0
P004624,M4,181.6,5.98,40.1,late,B3,5.9,2.39,40.5,0
P004625,M1,185.3,5.95,51.7,night,B2,10.0,1.54,55.1,0
P004626,M3,192.7,5.7,33.2,late,B1,4.7,2.46,45.2,0
P004627,M4,196.5,6.28,46.5,early,B1,3.1,3.59,46.5,0
P004628,M2,186.0,5.07,49.1,early,B3,2.8,3.23,51.4,0
P004629,M1,181.5,5.42,37.2,night,B3,3.1,2.61,57.1,0
P004630,M2,182.6,6.03,49.9,late,B4,12.0,2.66,40.6,0
P004631,M2,201.8,5.49,45.7,night,B5,5.2,2.53,49.8,1
P004632,M2,187.7,5.47,47.3,night,B2,4.3,2.5,40.7,0
P004633,M2,193.1,5.64,53.3,early,B1,6.7,2.86,46.3,0
P004634,M2,190.8,5.53,48.7,early,B5,3.3,2.24,56.5,0
P004635,M3,195.1,6.02,44.7,late,B4,9.6,2.4,29.2,0
P004636,M1,182.6,6.12,45.4,early,B3,5.5,2.0,40.6,0
P004637,M2,180.9,5.83,54.9,late,B1,3.0,1.98,46.1,0
P004638,M3,193.2,6.17,47.5,night,B3,2.6,2.0,51.0,0
P004639,M1,189.0,5.31,42.6,late,B4,0.8,2.86,57.8,0
P004640,M1,186.5,5.83,44.1,early,B5,7.3,2.36,34.4,0
P004641,M1,192.4,6.27,41.5,late,B3,1.1,0.8,59.3,0
P004642,M1,186.8,6.14,44.3,early,B3,9.3,2.0,52.2,0
P004643,M2,195.6,6.3,54.3,night,B2,1.9,3.16,46.1,0
P004644,M1,185.4,5.59,45.4,early,B3,2.1,2.17,36.2,0
P004645,M2,192.0,6.12,43.1,night,B1,12.0,2.99,43.4,0
P004646,M4,186.9,5.65,48.4,late,B1,6.9,2.32,56.2,0
P004647,M4,182.2,6.01,45.3,late,B4,4.2,2.58,48.2,0
P004648,M1,182.9,6.26,48.1,late,B2,11.7,2.32,46.6,0
P004649,M2,184.8,5.52,47.3,early,B5,3.6,2.46,40.2,0
P004650,M2,188.5,5.15,53.7,late,B2,2.7,3.01,53.9,0
P004651,M4,181.5,6.45,43.3,night,B5,4.5,3.19,46.8,0
P004652,M4,186.4,5.97,42.4,night,B1,7.6,2.67,46.1,0
P004653,M1,186.2,5.76,49.6,early,B1,1.3,2.35,47.2,0
P004654,M1,185.1,5.74,38.4,late,B3,2.1,1.92,42.8,0
P004655,M2,188.2,5.07,47.5,night,B5,1.7,3.17,41.5,0
P004656,M4,180.9,5.87,49.8,night,B1,1.4,2.27,35.8,0
P004657,M4,182.4,5.61,38.5,late,B3,3.4,2.75,43.0,0
P004658,M1,174.8,5.82,46.2,early,B2,1.4,2.64,33.6,0
P004659,M3,182.3,5.81,40.3,night,B4,0.7,2.74,51.9,0
P004660,M1,178.6,4.62,39.0,early,B3,2.1,2.75,42.7,0
P004661,M3,183.5,5.97,41.9,early,B4,2.0,2.74,44.9,0
P004662,M4,180.1,5.87,46.1,night,B2,5.3,1.93,47.7,0
P004663,M2,175.7,5.91,45.5,early,B2,7.2,2.36,41.6,0
P004664,M1,196.4,5.74,50.2,night,B4,2.3,1.68,38.6,0
P004665,M3,181.7,5.82,46.3,early,B2,2.1,1.65,49.8,0
P004666,M2,195.0,5.86,46.3,late,B4,12.0,3.44,63.1,1
P004667,M4,181.1,5.9,41.8,night,B1,7.0,2.06,55.3,0
P004668,M2,196.3,5.97,49.1,night,B2,4.9,2.24,58.2,0
P004669,M4,177.7,5.9,54.6,night,B1,3.0,2.47,37.6,0
P004670,M2,188.0,6.45,45.5,night,B1,6.9,2.41,46.5,1
P004671,M1,178.0,5.55,43.8,early,B2,1.5,3.32,46.4,0
P004672,M2,201.3,5.67,44.2,night,B3,7.1,2.63,59.4,0
P004673,M1,182.6,6.39,50.5,night,B1,5.5,2.5,55.3,0
P004674,M2,191.6,5.75,51.7,late,B1,6.2,2.4,46.7,0
P004675,M3,185.5,6.13,44.3,late,B5,4.2,1.55,29.7,0
P004676,M1,183.9,5.85,43.7,early,B3,1.2,1.97,38.7,0
P004677,M1,186.8,5.72,42.4,late,B4,1.6,1.98,53.1,0
P004678,M1,191.5,6.15,44.9,late,B4,5.7,1.97,45.4,1
P004679,M1,187.7,5.98,49.9,late,B1,5.3,1.58,47.1,0
P004680,M4,184.9,5.26,47.0,late,B4,2.5,2.56,52.9,0
P004681,M4,186.9,5.86,51.7,late,B5,2.5,2.35,57.1,0
P004682,M1,194.5,5.45,43.3,early,B3,8.4,1.61,41.8,0
P004683,M4,181.7,6.24,38.0,night,B5,3.8,2.55,52.7,0
P004684,M3,172.8,6.41,55.9,early,B5,2.0,2.64,60.9,0
P004685,M4,178.0,6.46,47.6,early,B3,9.3,3.04,59.4,0
P004686,M2,181.4,5.93,51.2,early,B1,8.8,1.66,43.8,0
P004687,M2,182.2,5.64,45.2,night,B4,3.8,2.42,50.4,0
P004688,M2,182.3,5.91,43.0,night,B5,4.4,2.13,54.0,0
P004689,M4,183.9,5.47,47.4,early,B3,7.0,2.21,48.2,0
P004690,M3,184.4,6.62,38.4,early,B5,6.0,2.92,46.0,0
P004691,M2,188.3,6.22,47.2,late,B3,1.1,2.42,34.2,0
P004692,M1,180.0,5.91,49.9,early,B3,9.5,2.09,41.1,0
P004693,M3,188.5,6.15,47.7,late,B5,0.9,1.93,42.4,0
P004694,M4,186.9,5.63,47.8,early,B1,5.2,3.23,37.9,0
P004695,M2,195.7,5.41,54.8,late,B3,1.4,1.72,48.9,0
P004696,M3,187.7,5.03,47.4,early,B1,5.9,2.05,54.9,0
P004697,M2,185.1,5.83,41.0,late,B4,2.2,2.36,44.6,0
P004698,M2,194.2,5.73,47.6,late,B5,2.3,1.98,30.4,0
P004699,M3,184.5,5.98,53.3,early,B5,6.8,2.8,47.1,0
P004700,M4,188.4,5.8,45.6,early,B2,1.4,1.69,50.2,0
P004701,M4,188.0,5.97,53.9,early,B4,2.5,2.29,49.7,0
P004702,M2,186.3,6.08,52.1,early,B5,1.4,2.71,42.2,0
P004703,M2,187.6,5.29,46.6,night,B5,4.2,2.41,38.4,1
P004704,M2,186.3,6.1,44.1,early,B3,1.4,1.97,55.1,0
P004705,M1,179.3,5.66,47.3,early,B1,4.9,2.22,50.8,0
P004706,M2,175.2,5.98,53.0,early,B3,8.7,2.41,42.6,0
P004707,M1,180.2,6.16,40.0,night,B4,0.5,2.66,36.0,0
P004708,M2,188.1,6.16,48.7,night,B4,2.2,2.98,49.8,0
P004709,M1,190.0,5.85,38.2,night,B2,1.5,3.17,40.8,0
P004710,M2,191.4,5.86,46.9,late,B2,1.1,2.8,51.1,0
P004711,M4,182.5,6.11,40.5,night,B4,4.8,2.77,49.3,0
P004712,M1,180.3,5.27,48.1,late,B3,4.4,2.14,64.6,0
P004713,M3,182.0,5.47,43.4,night,B3,9.5,3.07,47.4,0
P004714,M4,178.6,5.7,51.2,night,B5,6.3,2.5,64.0,0
P004715,M3,171.4,5.33,43.9,early,B1,4.0,2.25,48.7,0
P004716,M1,175.5,5.7,43.6,late,B2,4.7,2.54,42.7,0
P004717,M2,194.6,5.69,42.1,early,B5,2.5,2.46,39.6,0
P004718,M3,193.2,5.83,47.5,early,B5,4.8,2.08,41.0,0
P004719,M3,187.1,5.78,47.9,night,B2,0.9,2.54,51.4,0
P004720,M1,183.7,6.17,49.6,early,B5,3.4,2.63,49.0,0
P004721,M2,179.3,6.0,50.7,late,B2,5.3,3.02,33.3,0
P004722,M3,182.1,5.78,47.5,night,B1,3.3,2.26,56.2,0
P004723,M2,190.4,5.68,50.5,late,B2,2.2,2.87,59.8,0
P004724,M3,187.6,5.78,48.6,early,B3,4.1,2.73,33.2,0
P004725,M1,187.8,5.79,49.4,late,B1,2.0,1.81,56.1,0
P004726,M2,193.7,6.68,42.4,night,B1,3.2,2.75,61.5,0
P004727,M4,194.7,5.29,45.0,early,B4,6.7,1.19,33.6,0
P004728,M2,184.8,5.48,42.0,early,B4,7.0,3.08,44.3,0
P004729,M3,198.4,5.42,47.3,late,B4,4.5,1.95,41.2,1
P004730,M2,175.9,5.89,54.4,night,B5,1.7,2.41,55.8,0
P004731,M2,182.7,5.88,51.6,early,B2,2.9,2.7,44.7,0
P004732,M4,185.1,5.6,44.5,early,B5,4.2,2.78,44.4,0
P004733,M2,190.0,6.11,50.1,night,B2,2.2,3.83,51.4,1
P004734,M1,183.0,5.93,47.3,early,B5,11.2,1.6,60.5,0
P004735,M4,181.3,6.13,47.7,early,B4,2.2,2.12,47.5,0
P004736,M3,195.1,6.22,41.0,late,B2,4.0,2.4,44.2,0
P004737,M3,180.0,5.05,51.0,early,B2,7.3,1.97,45.7,0
P004738,M1,178.4,6.04,41.5,early,B3,10.0,2.68,53.3,0
P004739,M1,193.3,5.35,44.6,late,B3,1.6,2.22,37.3,0
P004740,M3,187.7,5.89,49.6,late,B2,1.0,2.7,47.9,0
P004741,M1,190.0,5.77,44.6,late,B2,4.5,2.19,40.5,0
P004742,M1,185.1,5.79,46.3,early,B5,12.0,2.55,38.4,0
P004743,M4,176.4,5.38,47.3,late,B4,1.1,2.07,32.4,0
P004744,M2,187.5,6.16,48.5,late,B1,3.0,3.62,43.9,0
P004745,M1,175.7,5.35,46.4,night,B4,4.8,1.54,56.6,1
P004746,M1,185.3,6.06,46.8,night,B1,4.1,1.98,32.1,0
P004747,M2,190.6,5.3,48.5,late,B3,5.3,2.11,52.3,0
P004748,M3,188.9,5.79,42.6,night,B1,9.1,2.66,42.8,0
P004749,M4,183.5,6.43,40.9,night,B4,7.4,2.74,39.5,0
P004750,M1,188.1,6.63,49.8,early,B1,3.0,1.75,50.8,0
P004751,M1,179.0,5.23,50.0,night,B2,1.1,2.75,58.5,0
P004752,M3,188.3,5.55,47.3,night,B1,7.7,1.99,60.0,0
P004753,M2,190.7,5.62,49.5,early,B1,3.0,2.92,50.3,0
P004754,M2,182.6,6.59,44.7,early,B1,4.1,3.03,47.4,0
P004755,M4,186.9,5.78,37.5,late,B3,6.9,2.39,51.1,0
P004756,M3,189.0,6.18,45.1,late,B5,7.6,2.71,67.8,0
P004757,M2,187.4,5.9,41.0,late,B2,6.6,2.69,45.7,1
P004758,M4,179.5,5.38,47.5,late,B4,10.8,2.65,57.1,0
P004759,M1,185.0,5.15,51.0,early,B3,3.7,2.18,43.3,0
P004760,M4,187.0,5.59,44.5,early,B2,2.3,1.66,41.4,0
P004761,M3,178.4,6.61,43.9,night,B1,1.8,2.24,62.2,0
P004762,M3,177.5,5.89,42.2,early,B4,2.4,1.91,48.0,0
P004763,M4,186.9,6.17,47.0,late,B1,2.5,3.13,49.8,0
P004764,M3,187.5,5.3,45.9,early,B3,4.5,1.69,52.4,0
P004765,M2,198.8,5.69,44.3,late,B1,5.7,3.3,40.9,1
P004766,M2,190.7,6.07,51.7,late,B4,1.6,2.67,44.5,1
P004767,M3,176.4,5.42,56.3,early,B5,6.9,2.48,42.9,0
P004768,M3,194.2,5.78,50.5,late,B2,7.3,1.68,50.7,0
P004769,M1,189.8,5.49,45.6,late,B2,5.8,2.16,50.9,0
P004770,M3,172.0,6.09,45.5,early,B3,2.7,2.0,43.2,0
P004771,M3,177.3,5.94,44.0,early,B3,8.9,3.25,64.2,0
P004772,M2,184.3,6.04,46.2,late,B2,3.7,2.44,47.8,0
P004773,M1,188.6,6.1,49.6,late,B2,2.1,2.82,48.8,0
P004774,M2,173.9,5.72,52.0,late,B1,1.6,3.28,58.7,0
P004775,M1,183.3,6.15,41.6,night,B2,4.3,2.81,41.0,0
P004776,M1,188.3,5.59,47.4,early,B3,2.7,2.03,43.8,0
P004777,M2,171.4,6.02,52.4,early,B4,1.2,3.56,50.3,1
P004778,M1,188.1,5.11,44.7,late,B4,0.9,3.21,36.2,1
P004779,M2,191.8,5.54,47.4,late,B3,4.7,2.92,46.1,0
P004780,M3,178.3,6.61,48.6,night,B4,1.1,2.09,64.4,0
P004781,M2,180.7,6.01,51.0,early,B3,0.4,2.36,62.6,1
P004782,M4,179.3,6.01,48.4,late,B2,7.4,2.71,55.2,0
P004783,M4,169.3,5.51,47.8,late,B2,1.7,2.53,57.5,0
P004784,M3,181.2,5.42,47.5,early,B3,5.3,2.38,51.9,0
P004785,M4,185.2,5.71,45.7,late,B2,4.2,1.89,44.5,0
P004786,M4,177.3,5.78,42.6,late,B4,2.3,2.51,61.1,0
P004787,M2,192.3,6.47,42.3,early,B1,9.6,3.26,40.4,0
P004788,M3,183.6,6.16,48.3,early,B1,5.8,2.67,55.7,0
P004789,M1,185.4,5.84,46.4,early,B3,3.5,2.11,43.9,0
P004790,M3,180.8,5.82,47.7,night,B1,1.9,2.25,44.4,0
P004791,M2,191.1,6.07,45.1,early,B1,5.5,2.09,52.3,0
P004792,M1,191.1,5.34,46.4,early,B2,6.1,2.0,64.3,0
P004793,M2,184.8,5.13,48.5,early,B1,3.9,2.6,59.4,0
P004794,M4,188.2,6.06,51.7,early,B2,3.6,2.79,50.7,0
P004795,M2,191.2,5.83,51.4,early,B3,5.8,2.43,48.5,0
P004796,M1,186.3,5.34,43.2,late,B2,3.5,1.83,54.3,0
P004797,M1,193.2,5.07,47.9,early,B5,2.1,2.64,58.9,0
P004798,M2,183.0,6.11,45.4,early,B1,1.1,2.56,33.9,0
P004799,M4,181.7,5.62,36.9,early,B4,3.5,2.12,47.0,0
P004800,M4,179.7,5.94,53.4,late,B3,1.1,2.87,39.6,0
P004801,M2,191.0,5.71,46.8,early,B4,6.2,2.96,46.3,0
P004802,M1,182.5,5.79,49.9,late,B4,3.5,2.21,37.9,0
P004803,M1,180.2,5.59,43.5,late,B1,6.8,2.14,33.6,0
P004804,M2,196.1,5.77,45.1,late,B4,4.4,2.92,37.4,0
P004805,M4,194.0,6.0,44.7,early,B2,5.3,2.74,43.6,0
P004806,M3,181.2,5.7,47.0,night,B4,2.2,2.39,52.7,1
P004807,M2,179.5,5.68,48.9,late,B2,3.3,2.8,41.5,1
P004808,M3,193.2,6.01,47.9,early,B2,4.4,2.03,41.1,0
P004809,M2,189.6,6.04,46.3,late,B4,4.0,2.5,51.2,1
P004810,M3,185.3,5.4,46.2,night,B5,3.9,2.22,50.3,0
P004811,M3,183.6,5.79,42.8,early,B5,1.6,1.87,61.6,0
P004812,M3,178.6,5.62,51.6,early,B4,0.7,1.81,55.5,0
P004813,M3,180.7,5.8,41.0,late,B3,1.5,2.26,39.8,0
P004814,M4,187.7,6.3,43.7,early,B3,0.2,2.95,42.6,0
P004815,M2,184.5,5.93,46.6,night,B5,0.8,1.82,54.0,0
P004816,M1,186.4,6.56,55.1,early,B2,4.6,2.12,40.9,0
P004817,M1,184.1,5.88,48.9,early,B5,3.0,2.42,45.4,0
P004818,M3,177.2,5.74,42.8,early,B4,2.0,2.78,34.3,0
P004819,M3,191.9,5.79,49.1,early,B4,3.0,3.11,37.5,0
P004820,M3,186.3,5.85,48.0,night,B3,0.5,2.18,58.1,0
P004821,M3,184.8,5.91,47.0,night,B5,3.4,3.19,49.3,0
P004822,M2,190.1,5.45,50.8,night,B4,1.2,2.96,43.0,1
P004823,M3,173.1,5.72,46.2,late,B1,8.1,2.67,44.1,0
P004824,M3,180.3,5.55,46.6,late,B4,5.4,1.82,61.7,0
P004825,M2,178.6,6.16,42.3,early,B4,5.1,2.95,42.7,0
P004826,M2,187.7,5.13,53.7,early,B5,4.0,3.16,51.8,0
P004827,M1,185.8,5.85,44.3,night,B5,5.8,1.99,55.0,0
P004828,M2,187.8,5.27,43.5,late,B5,3.4,1.58,59.6,0
P004829,M4,190.5,5.95,44.9,late,B1,1.9,2.57,41.2,0
P004830,M4,175.8,5.66,45.0,late,B4,5.2,2.4,36.8,0
P004831,M3,178.6,5.16,43.0,night,B5,7.1,2.9,39.2,0
P004832,M2,189.3,6.13,51.2,early,B5,1.6,2.51,53.8,0
P004833,M3,184.5,4.92,49.7,late,B3,0.9,1.98,63.9,0
P004834,M3,175.8,5.79,38.6,late,B5,11.4,1.77,54.1,0
P004835,M2,193.6,6.04,46.2,night,B5,8.8,2.47,42.7,0
P004836,M4,192.5,6.28,45.1,early,B1,3.7,3.7,57.5,0
P004837,M1,186.3,5.24,45.3,early,B5,0.4,1.59,44.2,0
P004838,M1,175.7,5.62,52.5,late,B4,4.4,1.7,41.3,0
P004839,M1,184.9,6.18,42.9,night,B3,12.0,2.28,45.3,0
P004840,M1,185.9,6.2,51.9,night,B1,5.7,3.19,43.4,0
P004841,M4,182.5,6.25,46.2,late,B5,5.4,2.83,42.4,0
P004842,M2,194.4,6.7,54.2,early,B2,3.5,3.45,57.8,0
P004843,M2,186.4,5.62,47.0,early,B3,5.1,2.58,43.9,0
P004844,M2,198.6,5.93,46.6,late,B2,5.7,2.12,35.3,1
P004845,M2,191.3,5.68,48.1,early,B5,4.1,2.55,52.7,0
P004846,M2,188.5,5.11,53.1,late,B3,3.2,2.69,40.4,0
P004847,M1,189.1,5.77,46.6,night,B1,4.2,2.3,40.6,0
P004848,M3,191.4,5.1,46.8,early,B1,4.1,2.2,53.6,0
P004849,M1,188.9,5.62,48.4,early,B5,0.5,2.57,42.2,0
P004850,M4,183.6,5.29,43.5,early,B2,12.0,2.18,44.4,0
P004851,M1,180.4,5.95,47.3,early,B4,5.4,1.88,48.3,0
P004852,M3,176.8,5.53,43.6,late,B1,7.9,1.76,45.7,0
P004853,M4,170.6,5.18,52.4,early,B5,4.5,2.59,44.6,0
P004854,M1,185.0,6.1,47.6,early,B4,2.5,2.35,29.3,0
P004855,M1,181.9,5.59,48.6,early,B2,6.8,2.79,46.6,0
P004856,M4,182.2,5.65,39.1,early,B5,0.9,3.2,60.9,0
P004857,M2,192.7,5.46,50.9,late,B2,5.6,2.21,53.0,0
P004858,M3,182.4,6.2,45.3,late,B5,6.8,2.31,45.0,0
P004859,M1,194.4,5.89,40.5,late,B3,3.5,2.21,51.8,0
P004860,M2,183.8,5.59,48.6,late,B3,5.2,2.06,53.0,0
P004861,M3,177.7,5.13,40.2,early,B1,0.5,2.06,41.3,1
P004862,M4,177.1,6.68,49.1,late,B2,5.4,3.2,58.1,0
P004863,M2,191.0,6.49,53.6,early,B1,2.8,2.47,49.3,0
P004864,M4,190.3,6.31,40.0,night,B5,5.2,2.14,45.5,0
P004865,M3,179.7,5.55,45.9,early,B1,3.6,2.28,60.7,0
P004866,M1,178.1,5.62,45.4,late,B1,3.6,2.71,31.5,0
P004867,M2,195.4,5.94,40.6,early,B1,5.3,2.61,38.6,0
P004868,M1,176.0,5.49,49.5,night,B5,2.9,2.36,53.1,0
P004869,M2,192.6,5.45,50.6,early,B5,3.5,1.72,53.4,0
P004870,M3,179.9,6.31,53.7,night,B4,11.7,2.56,61.2,0
P004871,M2,189.2,5.78,50.1,early,B1,8.2,2.85,30.0,0
P004872,M1,189.9,5.41,42.7,night,B3,3.2,2.7,54.9,0
P004873,M3,185.6,6.13,48.0,late,B5,3.6,1.46,38.0,0
P004874,M3,181.4,5.6,50.9,early,B1,2.3,2.16,51.4,0
P004875,M3,190.7,5.11,44.2,early,B4,2.8,2.73,47.5,0
P004876,M3,184.6,5.4,49.2,early,B1,2.9,2.05,54.8,0
P004877,M1,204.3,5.62,37.1,night,B5,4.0,2.32,46.1,0
P004878,M3,173.6,5.88,51.6,night,B3,0.6,2.12,56.1,1
P004879,M2,177.5,5.86,51.2,early,B5,2.8,2.58,41.4,0
P004880,M2,192.5,6.23,38.5,early,B3,2.4,3.28,47.3,0
P004881,M1,183.8,5.72,47.5,early,B4,8.9,1.66,49.5,0
P004882,M3,187.4,5.64,38.5,early,B5,3.6,2.28,61.4,0
P004883,M3,177.0,6.24,43.7,late,B2,4.4,2.41,54.7,0
P004884,M2,187.3,6.14,50.8,early,B4,2.7,3.17,49.6,0
P004885,M4,186.5,5.73,46.3,early,B3,3.6,2.45,53.1,1
P004886,M4,181.0,5.9,51.6,night,B3,2.8,2.94,56.7,0
P004887,M1,185.3,5.63,46.2,late,B4,4.0,2.28,51.0,0
P004888,M3,175.5,5.39,45.9,night,B2,5.2,2.35,39.8,1
P004889,M2,189.2,6.57,52.4,early,B1,1.3,2.79,53.0,0
P004890,M4,191.9,5.61,45.5,night,B3,5.7,2.79,47.8,0
P004891,M1,177.2,5.9,45.9,late,B5,1.8,2.54,45.2,0
P004892,M2,179.9,5.27,48.6,late,B1,12.0,2.25,41.7,0
P004893,M2,193.5,6.06,47.9,early,B2,4.0,2.85,52.6,0
P004894,M2,179.8,5.38,52.6,night,B4,4.4,2.99,52.1,0
P004895,M3,187.6,6.39,43.5,late,B3,4.5,2.96,40.4,0
P004896,M2,187.3,6.43,45.0,night,B4,3.8,2.3,39.2,0
P004897,M1,181.7,6.0,42.0,late,B3,2.2,2.54,63.1,0
P004898,M3,191.1,5.84,37.9,night,B5,4.4,2.14,54.9,0
P004899,M4,189.1,5.73,52.4,late,B5,4.2,2.59,48.7,0
P004900,M4,185.5,5.78,43.4,night,B3,2.0,2.02,52.8,0
P004901,M2,175.2,5.94,47.3,early,B3,1.3,2.74,44.3,0
P004902,M2,190.9,5.83,54.1,early,B2,6.8,2.89,46.6,0
P004903,M1,178.1,6.14,45.5,late,B3,2.8,1.86,48.2,0
P004904,M4,182.8,5.48,48.8,late,B5,3.3,3.15,55.7,1
P004905,M3,183.0,6.33,40.6,late,B3,4.2,1.61,36.7,0
P004906,M3,193.4,5.65,51.3,late,B4,2.1,2.54,39.8,1
P004907,M4,182.6,5.54,46.3,late,B3,4.6,1.41,38.2,0
P004908,M1,176.2,5.93,42.1,night,B4,3.4,2.19,54.8,1
P004909,M3,191.1,5.95,42.1,early,B4,3.6,2.52,47.2,0
P004910,M1,188.0,5.19,52.4,night,B3,7.6,2.62,40.7,0
P004911,M1,188.2,5.63,43.8,early,B5,4.1,2.25,46.2,0
P004912,M2,195.2,5.04,44.4,late,B5,3.2,2.64,42.9,0
P004913,M2,196.5,5.56,46.6,night,B1,1.6,3.01,36.5,1
P004914,M4,179.1,5.58,47.0,early,B2,4.5,2.93,58.1,0
P004915,M2,179.3,5.9,48.8,early,B5,6.6,3.37,46.8,1
P004916,M4,188.6,5.52,48.5,early,B3,3.2,1.92,58.3,0
P004917,M3,181.6,5.61,46.9,late,B2,6.6,2.21,36.4,0
P004918,M3,182.1,6.26,48.5,late,B4,4.5,1.31,52.0,0
P004919,M4,177.8,6.52,45.8,early,B4,3.9,1.88,36.5,0
P004920,M2,190.2,5.48,56.1,night,B1,4.9,2.43,67.6,1
P004921,M2,189.2,6.16,46.3,early,B1,1.3,3.14,34.2,0
P004922,M1,183.1,5.94,51.1,late,B5,2.8,2.08,62.4,0
P004923,M2,179.4,5.19,45.9,late,B4,2.9,2.62,47.8,0
P004924,M4,190.7,5.52,41.4,early,B2,3.3,2.64,46.5,0
P004925,M2,188.4,4.74,41.9,early,B5,10.8,2.45,52.7,0
P004926,M2,193.1,5.91,49.4,night,B1,4.0,1.85,40.5,0
P004927,M1,172.4,5.42,50.4,late,B5,1.1,1.96,54.3,0
P004928,M2,187.3,5.85,43.8,early,B1,2.3,2.7,54.9,0
P004929,M3,179.1,6.7,42.7,night,B4,3.6,2.51,48.1,0
P004930,M2,187.2,6.36,49.7,late,B5,4.1,2.66,50.0,0
P004931,M4,189.2,5.53,46.8,early,B4,0.2,2.7,63.4,0
P004932,M3,185.0,5.45,43.8,late,B4,5.2,2.72,53.2,0
P004933,M4,184.1,6.25,41.9,late,B2,5.3,3.0,41.7,0
P004934,M2,187.1,5.45,49.4,early,B2,1.6,2.83,54.0,1
P004935,M3,174.4,6.15,48.5,night,B2,6.5,1.79,43.7,1
P004936,M1,179.0,6.76,47.9,early,B1,3.2,1.74,42.1,0
P004937,M2,193.2,6.04,48.3,early,B2,1.8,2.23,52.1,0
P004938,M3,180.2,6.21,42.0,early,B2,1.5,1.82,39.9,0
P004939,M3,189.3,6.17,47.2,night,B4,5.1,2.34,48.4,0
P004940,M1,188.5,5.61,46.9,late,B2,2.5,3.15,53.4,0
P004941,M4,188.8,5.9,41.8,night,B1,4.4,2.6,63.3,0
P004942,M1,185.8,5.47,44.9,early,B4,1.5,2.26,53.1,0
P004943,M3,180.6,6.25,47.4,night,B3,2.9,2.73,36.2,0
P004944,M4,183.2,5.42,46.5,late,B2,4.9,2.13,37.5,0
P004945,M3,186.5,6.05,38.5,early,B4,7.5,2.77,61.8,0
P004946,M4,172.3,6.2,44.4,early,B2,8.0,2.94,42.9,0
P004947,M3,189.8,5.63,43.3,night,B4,7.4,2.33,35.9,0
P004948,M4,181.2,5.55,48.9,early,B1,12.0,3.44,40.0,0
P004949,M3,182.5,5.74,55.9,late,B3,4.4,2.8,54.4,0
P004950,M3,182.6,5.49,46.5,late,B3,1.4,2.32,48.9,0
P004951,M1,183.8,5.85,41.4,early,B2,2.4,2.24,53.2,0
P004952,M3,175.8,5.48,45.4,night,B4,7.9,2.11,47.7,0
P004953,M1,184.8,5.5,46.0,night,B2,2.1,2.24,39.2,0
P004954,M4,187.3,5.99,49.7,late,B4,0.2,2.45,33.7,0
P004955,M1,172.8,6.02,50.7,late,B2,3.0,2.16,41.3,0
P004956,M1,176.8,5.7,51.3,late,B3,6.4,2.2,49.0,0
P004957,M4,188.9,5.22,48.8,late,B4,2.3,1.96,38.5,1
P004958,M1,187.9,6.21,46.0,early,B5,8.1,2.04,55.9,0
P004959,M2,188.6,5.64,53.8,late,B2,11.5,2.03,40.0,0
P004960,M3,179.2,6.52,44.7,early,B3,4.4,2.49,34.8,0
P004961,M1,187.9,5.75,46.2,late,B3,12.0,2.34,48.0,0
P004962,M1,177.4,5.85,45.1,late,B5,9.7,2.24,54.1,0
P004963,M2,186.2,5.65,40.1,early,B5,6.5,3.15,59.9,0
P004964,M1,176.8,5.89,50.8,night,B4,4.8,1.91,35.1,0
P004965,M1,183.1,7.02,48.6,early,B5,4.5,1.98,59.4,0
P004966,M1,178.3,5.68,37.0,early,B1,3.5,1.63,49.5,0
P004967,M2,191.2,6.25,52.0,early,B4,5.4,3.21,43.0,0
P004968,M2,189.4,5.83,47.0,late,B5,0.6,3.02,53.4,0
P004969,M1,180.9,6.21,49.8,early,B4,9.9,2.9,58.8,0
P004970,M3,189.0,5.12,46.3,late,B3,12.0,3.01,34.6,0
P004971,M3,177.7,6.48,40.8,late,B5,0.5,2.11,44.6,0
P004972,M1,183.8,5.92,46.1,early,B4,6.3,1.98,43.6,0
P004973,M2,183.6,5.71,44.8,night,B5,9.4,1.94,53.0,0
P004974,M4,188.1,6.12,42.2,early,B1,4.1,2.01,59.7,0
P004975,M3,186.5,5.85,49.3,late,B4,3.4,2.15,48.6,0
P004976,M2,194.2,5.4,49.7,early,B3,2.8,1.82,45.7,0
P004977,M2,187.5,4.95,53.9,late,B5,2.4,2.27,51.6,1
P004978,M1,167.7,6.44,44.5,night,B5,4.6,2.26,46.1,0
P004979,M4,181.6,5.72,43.1,early,B5,8.1,2.9,30.6,0
P004980,M4,192.6,5.59,49.2,early,B2,0.6,2.18,52.1,0
P004981,M4,182.2,5.61,43.6,early,B3,1.7,2.56,55.9,0
P004982,M1,173.5,6.31,44.8,early,B1,2.3,3.14,56.6,0
P004983,M2,189.5,5.63,50.2,night,B5,1.0,1.94,38.8,0
P004984,M1,186.9,6.03,45.5,late,B2,5.8,2.79,52.9,0
P004985,M2,183.0,5.68,46.3,late,B4,5.3,2.92,60.3,0
P004986,M2,185.6,5.36,42.9,night,B3,6.8,3.32,68.2,0
P004987,M3,178.3,6.12,49.6,night,B5,0.4,2.74,51.8,0
P004988,M1,186.9,6.19,44.6,night,B5,6.2,2.0,55.9,0
P004989,M4,184.3,5.56,49.1,early,B4,8.1,2.5,40.1,0
P004990,M1,177.6,5.79,47.8,early,B4,5.9,1.64,39.0,0
P004991,M1,183.9,5.83,50.1,early,B1,3.8,2.06,55.9,0
P004992,M4,180.0,5.96,45.9,early,B5,3.5,2.51,31.7,0
P004993,M3,191.0,6.49,44.7,early,B1,4.9,2.44,49.2,0
P004994,M2,191.9,5.69,44.0,early,B3,4.5,3.11,59.4,0
P004995,M3,182.3,5.68,43.9,early,B2,2.4,3.01,53.7,0
P004996,M1,184.4,5.74,47.3,late,B2,0.5,2.1,53.6,0
P004997,M1,189.6,5.47,42.9,early,B5,2.6,2.82,47.6,0
P004998,M2,186.0,5.2,49.4,early,B2,12.0,2.87,44.7,0
P004999,M2,191.2,5.85,53.8,early,B3,0.6,2.16,65.2,0
P005000,M3,191.1,5.98,44.3,late,B2,4.5,2.23,57.9,1
